{
  "name": "Academedia",
  "description": "Workshops med Academedia",
  "url": "https://b3it.sharepoint.com/teams/Academedia615",
  "pages": [
    {
      "id": "6932f794-f5a2-471b-a050-9f034ffe65eb",
      "title": "Startsida",
      "description": "",
      "created_by": "Systemkonto",
      "created_date": "2022-01-23T00:44:39",
      "last_modified_by": "",
      "last_modified_date": "2022-01-23T00:44:39",
      "content": "",
      "url": "https://b3it.sharepoint.com/teams/Academedia615/SitePages/Home.aspx"
    }
  ]
}