{
  "name": "AI framkant",
  "description": "Välkommen till 'AI Framkant'. I vår strävan att bli ledande inom affärsnytta genom AI i Sverige, är detta forum vårt gemensamma utrymme för att dela kunskap, utforska nya idéer och växa tillsammans.\n\nHär kan du:\n\n* Utforska och dela banbrytande AI-tillämpningar.\n* Utveckla och dela din expertis samt  lära av kollegor.\n* Bygga nätverk över bolagsgränserna  med likasinnade \n* Bidra till vårt community med dina insikter och erfarenheter.\nVi hoppas att 'AI Framkant' blir mer än ytterligare ett Team; att det är en katalysator för innovation där varje bidrag räknas.",
  "url": "https://b3it.sharepoint.com/teams/AIframkant",
  "pages": [
    {
      "id": "eee6d48b-7f4a-4e26-8776-ee0c5dd75ef8",
      "title": "Home",
      "description": "",
      "created_by": "Systemkonto",
      "created_date": "2024-01-14T00:35:57",
      "last_modified_by": "",
      "last_modified_date": "2024-01-14T00:35:57",
      "content": "",
      "url": "https://b3it.sharepoint.com/teams/AIframkant/SitePages/Home.aspx"
    }
  ]
}