{
  "name": "Alla Sverige",
  "description": "Alla användare i sverige",
  "url": "https://b3it.sharepoint.com/teams/AllaSverige",
  "pages": [
    {
      "id": "13cbb74f-bcd3-406d-978d-83f679c5d8a3",
      "title": "Startsida",
      "description": "",
      "created_by": "Systemkonto",
      "created_date": "2022-10-29T23:01:02",
      "last_modified_by": "",
      "last_modified_date": "2022-10-29T23:01:02",
      "content": "",
      "url": "https://b3it.sharepoint.com/teams/AllaSverige/SitePages/Home.aspx"
    }
  ]
}