{
  "name": "Andy slackteam",
  "description": "",
  "url": "https://b3it.sharepoint.com/teams/Andyslackteam",
  "pages": [
    {
      "id": "09662de7-dec8-443d-928c-6d0e389575fd",
      "title": "Startsida",
      "description": "",
      "created_by": "Systemkonto",
      "created_date": "2022-03-06T00:35:30",
      "last_modified_by": "",
      "last_modified_date": "2022-03-06T00:35:30",
      "content": "",
      "url": "https://b3it.sharepoint.com/teams/Andyslackteam/SitePages/Home.aspx"
    }
  ]
}