{
  "name": "Avropsbilagor",
  "description": "",
  "url": "https://b3it.sharepoint.com/teams/Avropsbilagor",
  "pages": [
    {
      "id": "b8e9f899-78e0-4899-a6e3-01e2f8f5bacb",
      "title": "Home",
      "description": "",
      "created_by": "System Account",
      "created_date": "2018-09-01T10:36:00",
      "last_modified_by": "",
      "last_modified_date": "2018-09-01T10:36:00",
      "content": "",
      "url": "https://b3it.sharepoint.com/teams/Avropsbilagor/SitePages/Home.aspx"
    }
  ]
}