{
  "name": "AWS Summit Stockholm 2023",
  "description": "",
  "url": "https://b3it.sharepoint.com/teams/AWSSummitStockholm2023",
  "pages": [
    {
      "id": "5dc4e5fc-4fb7-4cd1-b075-6adf18722b42",
      "title": "Startsida",
      "description": "",
      "created_by": "Systemkonto",
      "created_date": "2023-04-22T23:42:53",
      "last_modified_by": "",
      "last_modified_date": "2023-04-22T23:42:53",
      "content": "",
      "url": "https://b3it.sharepoint.com/teams/AWSSummitStockholm2023/SitePages/Home.aspx"
    }
  ]
}