{
  "name": "AWS Partnerportal",
  "description": "Portal för partnerskapet med Amazon",
  "url": "https://b3it.sharepoint.com/teams/AWSPartnerportal",
  "pages": [
    {
      "id": "d4136624-d597-44b7-a406-f381e6bfe91c",
      "title": "Startsida",
      "description": "",
      "created_by": "Johan Hansson",
      "created_date": "2019-05-25T09:29:33",
      "last_modified_by": "",
      "last_modified_date": "2019-09-03T07:32:49",
      "content": "",
      "url": "https://b3it.sharepoint.com/teams/AWSPartnerportal/SitePages/Home.aspx"
    }
  ]
}