{
  "name": "Azure",
  "description": "Öppen kunskapskanal inom Microsoft Azure. Här kan vi dela med oss av nyheter och diskutera Azure inom hela B3IT.",
  "url": "https://b3it.sharepoint.com/teams/azure",
  "pages": [
    {
      "id": "59746873-ae17-421b-8f41-5f213bfe8304",
      "title": "Startsida",
      "description": "",
      "created_by": "Systemkonto",
      "created_date": "2017-11-04T21:39:00",
      "last_modified_by": "",
      "last_modified_date": "2017-11-04T21:39:00",
      "content": "",
      "url": "https://b3it.sharepoint.com/teams/azure/SitePages/Home.aspx"
    }
  ]
}