{
  "name": "B3 Architecture – Kompetensnätverk",
  "description": "",
  "url": "https://b3it.sharepoint.com/teams/B3ArchitectureKompetensntverk",
  "pages": [
    {
      "id": "6cab82e7-bea2-4ff1-b62f-dacb25dea92a",
      "title": "Startsida",
      "description": "",
      "created_by": "Systemkonto",
      "created_date": "2022-06-04T23:16:25",
      "last_modified_by": "",
      "last_modified_date": "2022-06-04T23:16:25",
      "content": "",
      "url": "https://b3it.sharepoint.com/teams/B3ArchitectureKompetensntverk/SitePages/Home.aspx"
    }
  ]
}