{
  "name": "B3 Båt",
  "description": "En Teamtillhörighet i för oss som deltar i båtutbildningar på b3, eller på annat sätt är intresserade av båt- och sjöliv.",
  "url": "https://b3it.sharepoint.com/teams/B3Bt",
  "pages": [
    {
      "id": "22948d13-6d9a-41ed-b9b2-003434941781",
      "title": "Startsida",
      "description": "",
      "created_by": "Systemkonto",
      "created_date": "2019-03-02T09:45:58",
      "last_modified_by": "",
      "last_modified_date": "2019-03-02T09:45:58",
      "content": "",
      "url": "https://b3it.sharepoint.com/teams/B3Bt/SitePages/Home.aspx"
    }
  ]
}