{
  "name": "B3 Bildbank",
  "description": "B3 Bildbank",
  "url": "https://b3it.sharepoint.com/teams/B3Bildbank",
  "pages": [
    {
      "id": "b9122808-e257-47ba-b2bc-fbcd0df26ec3",
      "title": "Startsida",
      "description": "",
      "created_by": "Systemkonto",
      "created_date": "2019-12-08T03:03:55",
      "last_modified_by": "",
      "last_modified_date": "2019-12-08T03:03:55",
      "content": "",
      "url": "https://b3it.sharepoint.com/teams/B3Bildbank/SitePages/Home.aspx"
    }
  ]
}