{
  "name": "B3 Cykel",
  "description": "Här pratar vi om cykelrelaterade events",
  "url": "https://b3it.sharepoint.com/teams/B3Cykel",
  "pages": [
    {
      "id": "2bcb7623-068b-4b38-94cf-ad8b09430b0c",
      "title": "Home",
      "description": "",
      "created_by": "Systemkonto",
      "created_date": "2023-10-29T00:09:49",
      "last_modified_by": "",
      "last_modified_date": "2023-10-29T00:09:49",
      "content": "",
      "url": "https://b3it.sharepoint.com/teams/B3Cykel/SitePages/Home.aspx"
    }
  ]
}