{
  "name": "B3 Consulting Group",
  "description": "B3 Consulting Group",
  "url": "https://b3it.sharepoint.com/teams/B3ConsultingGroup2",
  "pages": [
    {
      "id": "7d339ebc-01e6-4a07-972f-596d8b504818",
      "title": "Startsida",
      "description": "",
      "created_by": "Systemkonto",
      "created_date": "2019-01-12T11:05:55",
      "last_modified_by": "",
      "last_modified_date": "2019-01-12T11:05:55",
      "content": "",
      "url": "https://b3it.sharepoint.com/teams/B3ConsultingGroup2/SitePages/Home.aspx"
    }
  ]
}