{
  "name": "B3 Complete Gävle - Teams",
  "description": "Teamets resurser kan användas för att få bolaget att växa, t ex med Planners (kanbantavlor) för olika insatser vi jobbar med.",
  "url": "https://b3it.sharepoint.com/teams/B3Advise",
  "pages": [
    {
      "id": "d4092f13-4da4-4fec-ac62-dad4bfe0bca5",
      "title": "Startsida",
      "description": "",
      "created_by": "Systemkonto",
      "created_date": "2018-10-06T09:01:28",
      "last_modified_by": "",
      "last_modified_date": "2018-10-06T09:01:28",
      "content": "",
      "url": "https://b3it.sharepoint.com/teams/B3Advise/SitePages/Home.aspx"
    }
  ]
}