{
  "name": "B3 Digital Workplace Team",
  "description": "Ayude a construir, desarrollar y mantener el despliegue de su comunidad de Expertos demostrando a sus compañeros las ventajas de la nueva tecnología y ayudándoles a usarla.",
  "url": "https://b3it.sharepoint.com/teams/B3DigitalWorkplace972",
  "pages": [
    {
      "id": "58bc8c3f-dcc6-4307-bb64-c87302551084",
      "title": "Startsida",
      "description": "",
      "created_by": "Systemkonto",
      "created_date": "2021-02-07T00:50:53",
      "last_modified_by": "",
      "last_modified_date": "2021-02-07T00:50:53",
      "content": "",
      "url": "https://b3it.sharepoint.com/teams/B3DigitalWorkplace972/SitePages/Home.aspx"
    }
  ]
}