{
  "name": "B3 DORA-Nätverk",
  "description": "DORA-Projektyta och forum för frågor runt DORA och NIS2",
  "url": "https://b3it.sharepoint.com/teams/DORA-Projektyta",
  "pages": [
    {
      "id": "7c4528c7-2a33-4387-817d-680823ae265e",
      "title": "Home",
      "description": "",
      "created_by": "Systemkonto",
      "created_date": "2024-01-07T01:46:50",
      "last_modified_by": "",
      "last_modified_date": "2024-01-07T01:46:50",
      "content": "",
      "url": "https://b3it.sharepoint.com/teams/DORA-Projektyta/SitePages/Home.aspx"
    }
  ]
}