{
  "name": "B3 Exempelbolag",
  "description": "Exempel för bolag att få inspiration av för att bygga upp sitt företags grupparbetsplats.",
  "url": "https://b3it.sharepoint.com/teams/B3Exempelbolag",
  "pages": [
    {
      "id": "d21b3963-1801-412f-9f9f-5df18c059456",
      "title": "Annika Krouthén",
      "description": "skriver lite text här",
      "created_by": "Annika Krouthén",
      "created_date": "2019-03-05T16:48:08",
      "last_modified_by": "",
      "last_modified_date": "2019-03-05T17:58:54",
      "content": "skriver lite text här\n",
      "url": "https://b3it.sharepoint.com/teams/B3Exempelbolag/SitePages/Annika-Krouth%C3%A9n.aspx"
    },
    {
      "id": "ddf4322e-f3de-422b-861c-6121813e13f7",
      "title": "Bilder från senaste träffen",
      "description": "Det är alltid så himla kul att ses och byta erfarenheter och umgås. Med att vi samlar in foton kan vi uppleva stunderna igen.",
      "created_by": "Pia Langenkrans",
      "created_date": "2018-09-04T10:32:10",
      "last_modified_by": "",
      "last_modified_date": "2018-09-06T09:09:51",
      "content": "Det är alltid så himla kul att ses och byta erfarenheter och umgås. Med att vi samlar in foton kan vi uppleva stunderna igen.\n",
      "url": "https://b3it.sharepoint.com/teams/B3Exempelbolag/SitePages/Bilder-fr%C3%A5n-senaste-tr%C3%A4ffen.aspx"
    },
    {
      "id": "2020fda4-9eb2-4d1f-8196-0718198f7654",
      "title": "Cecilias Bästa",
      "description": "Välkommen att lära dig mer om nyttorealisering.",
      "created_by": "Cecilia Isaksson",
      "created_date": "2019-03-05T16:48:41",
      "last_modified_by": "",
      "last_modified_date": "2019-03-05T17:05:19",
      "content": "Välkommen att lära dig mer om nyttorealisering.\n",
      "url": "https://b3it.sharepoint.com/teams/B3Exempelbolag/SitePages/Cecilias-B%C3%A4sta.aspx"
    },
    {
      "id": "55af3674-945c-4bdc-bfdf-d2e0c6f69841",
      "title": "Startsida",
      "description": "Välkommen till exempelbolagets site. Detta är vår informationshub för vårt bolag och kommer att vara en utgångspunkt och slutpunkt för information och vår delade kalender. Vi riktar oss till dig som är anställd i vårt bolag. Och för att hålla det  k…",
      "created_by": "Pia Langenkrans",
      "created_date": "2018-08-18T08:39:58",
      "last_modified_by": "",
      "last_modified_date": "2019-03-12T12:37:12",
      "content": "Välkommen till exempelbolagets site. Detta är vår informationshub för vårt bolag och kommer att vara en utgångspunkt och slutpunkt för information och vår delade kalender. Vi riktar oss till dig som är anställd i vårt bolag. \nOch för att hålla det  kort, om du har koll på allt som står på den här sidan vet du allt som du nu behöver veta som anställd inom vårt bolag.\nVåra nyheter är istället för att skicka ut informationsmail. \nAlla dokument som vi delar inom gruppen ska ligga här, INGA bilagor i mail. Du kan synka dokument till din dator så att du enkelt kan komma åt dem. Alla dokument som vi delar inom bolaget ska ligga på denna eller vår SharePoint för ledningsgruppen. \nHändelser är lite större saker som händer. Kanske är det våra konferenser eller liknande.\nVåra bolagsmöten och viktiga datum är det viktigt att du håller koll på. Även om du inte går på dessa möten eller är kallar så behöver du veta att de händer i bolaget för det kan komma ut viktig information både före och efter.\nDet här hjälper oss och dig att hålla koll på läget i vårt bolag. Kolla av att ditt/dina uppdrag stämmer överens om vad som händer. Tips är att hålla lite koll för helt plötsligt har du en möjlig lunchdejt nära där du sitter.\n",
      "url": "https://b3it.sharepoint.com/teams/B3Exempelbolag/SitePages/Home.aspx"
    },
    {
      "id": "5860a7c3-d481-42bb-8375-89fd1449a4f4",
      "title": "Hur genomför vi möten i vårt bolag?",
      "description": "Transparant Vi är transparanta med allt som vi kan vara transparanta med. I dessa GDPR-tider behöver vi vara försiktiga med vad för personuppgifter vi sparar och känsliga kundaffärer som kan påverka aktiekursen men som oftast är det som vi gör här i…",
      "created_by": "Pia Langenkrans",
      "created_date": "2018-09-03T14:02:37",
      "last_modified_by": "",
      "last_modified_date": "2018-09-03T14:37:07",
      "content": "Transparant\nVi är transparanta med allt som vi kan vara transparanta med. I dessa GDPR-tider behöver vi vara försiktiga med vad för personuppgifter vi sparar och känsliga kundaffärer som kan påverka aktiekursen men som oftast är det som vi gör här inget att gömma undan.\nNär vi har möten så använder vi OneNote för att skriva mötesanteckningar, du hittar den under länken Anteckningsbok i vänstermenyn. Vi har en flik för våra möten per år och där skriver man titeln på mötet och datum. Ditt möte kommer automatiskt längst ner och låt det ligga där. Vi gör en ny flik för det nya året så det kommer inte bli för mycket scroll.\n \nOlika typer av möten\nVi har konsultträffar, säljmöten, kundmöten och de ska in i OneNotefilen. Vi förväntar oss att du som konsult ska försöka vara med på alla konsultträffar, och vara med på alla säljmöten om du inte har något uppdrag.\n \nAlltid en agenda\nSMARR möten kan vara det bästa som hänt möten sedan kaffe och wienerbröd\n\nSyfte (Varför behövs mötet?)\nMål (Vilka konkreta resultat förväntas?)\nArbetsgång (Hur jobbar vi? Verktyg?)\nRoller (På vilket sätt bidrar var och en?)\nRegler (Vilka spelregler gäller?)\n\n \nAlltid digitalt deltagande förutom när vi inte har det\nVi använder Skypemöten eller Teamsmöten för våra möten. Vi har ett team och det går alltid att lägga till ett Skypemöte till våra kalenderobjekt. Det ska vara en speciell anledning till varför det inte går att delta på distans (som våra konsultträffar). Vi är en stor grupp och behöver att alla kan delta även om de är upptagna hos kunden eller behöver vara hemma. \n \nSkype & Teams\nDu ska ha Skype och Teams på både din dator och din telefon. Du ska veta hur du startar och deltar på möten. \nDet är varje konsults egna ansvar att kunna koppla upp och behöver du hjälp be om hjälp i tid.\n \nOneNote\nDu behöver ladda ner OneNote på din dator. Det ingår i standard windows men vi vill att du använder den senaste Office klienten. Den har lite mer funktioner in än bara Windowsappen. När du har laddat ner den vill vi att du öppnar upp den här anteckningsboken och synkar den med din dator. \nDet är varje konsults egna ansvar att kunna koppla upp och behöver du hjälp be om hjälp i tid.\nLadda också ner OneNote appen till telefonen. \nLär dig mer om SMARR. (https://kasewa.se/2012/05/07/vardefulla-moten/)\nLär dig mer om Skype (https://support.office.com/en-us/skype-for-business)\nLär dig mer om Teams (https://support.office.com/en-us/teams)\nLär dig mer om OneNote (https://support.office.com/en-us/onenote)\n \n",
      "url": "https://b3it.sharepoint.com/teams/B3Exempelbolag/SitePages/Hur-genomf%C3%B6r-vi-m%C3%B6ten-i-v%C3%A5rt-bolag-.aspx"
    },
    {
      "id": "8e2699a2-bba0-4993-a714-866388f7e54a",
      "title": "Inte en nyhet utan en sida",
      "description": "",
      "created_by": "Pia Langenkrans",
      "created_date": "2019-03-05T17:25:39",
      "last_modified_by": "",
      "last_modified_date": "2019-03-05T17:26:54",
      "content": "",
      "url": "https://b3it.sharepoint.com/teams/B3Exempelbolag/SitePages/Inte-en-nyhet-utan-en-sida.aspx"
    },
    {
      "id": "457615a1-fc1f-477c-8401-62903bb3f670",
      "title": "Jannes nyheter",
      "description": "Lagarbete är nästan alltid roligare! Varför syns inte bildtexten?",
      "created_by": "Jan Hermanson",
      "created_date": "2019-03-05T16:47:45",
      "last_modified_by": "",
      "last_modified_date": "2019-03-05T17:15:11",
      "content": "Lagarbete är nästan alltid roligare!\nVarför syns inte bildtexten?\n",
      "url": "https://b3it.sharepoint.com/teams/B3Exempelbolag/SitePages/Jannes-nyheter.aspx"
    },
    {
      "id": "b11809cc-f2c8-4cf4-8fb0-c03765686b9e",
      "title": "JONAS ÖHRVALL",
      "description": "Nu skall man skriva något roligt :-)",
      "created_by": "Jonas Öhrvall",
      "created_date": "2019-03-05T16:49:10",
      "last_modified_by": "",
      "last_modified_date": "2019-03-05T17:06:17",
      "content": "Nu skall man skriva något roligt :-)\n",
      "url": "https://b3it.sharepoint.com/teams/B3Exempelbolag/SitePages/JONAS-%C3%96HRVALL.aspx"
    },
    {
      "id": "612d778a-df5f-43bd-99ab-18792e12077e",
      "title": "Kattis hejsan svejsan skriver nyhet tillsammans med Rolf",
      "description": "Hej hopp! Vi älskar Sharepoint :) Känns grymt detta!",
      "created_by": "Katarina Lundqvist",
      "created_date": "2019-03-05T16:46:30",
      "last_modified_by": "",
      "last_modified_date": "2019-03-05T17:05:37",
      "content": "Hej hopp! Vi älskar Sharepoint :) Känns grymt detta!\n \n",
      "url": "https://b3it.sharepoint.com/teams/B3Exempelbolag/SitePages/Kattis-hejsan-svejsan-skriver-nyhet-tillsammans-med-Rolf.aspx"
    },
    {
      "id": "dfc79d1b-9992-43d5-8eac-0871a2aac40d",
      "title": "Kom igång i gruppen",
      "description": "Välkommen in i gänget! Det finns några saker du behöver göra för att komma in i samarbetet. Börja följa denna site Komma in i vår Yammergrupp Presentera dig i vår Yammergrupp Fyll i din profil i Delve och dubbelkolla telefonnummer och chef Synka One…",
      "created_by": "Pia Langenkrans",
      "created_date": "2018-08-20T14:44:06",
      "last_modified_by": "",
      "last_modified_date": "2018-09-05T14:18:59",
      "content": "Välkommen in i gänget!\nDet finns några saker du behöver göra för att komma in i samarbetet.\n\nBörja följa denna site\nKomma in i vår Yammergrupp\nPresentera dig i vår Yammergrupp\nFyll i din profil i Delve och dubbelkolla telefonnummer och chef\nSynka OneNote anteckningsboken\nSynka din kalender med gruppkalendern här\nJobba igenom din profil i Cinode\nLäs igenom dina kollegors profil \n\n \n \n",
      "url": "https://b3it.sharepoint.com/teams/B3Exempelbolag/SitePages/Kom-ig%C3%A5ng-i-gru.aspx"
    },
    {
      "id": "0c20b4e8-8ce3-4b30-be59-71318c8911c4",
      "title": "Konsulter: Checka in en gång i månaden",
      "description": "Ni som är konsulter är vår organisations hjärtslag och ni jobbar på någon annanstans än här hos oss. Om vi och du sköter oss så kommer vi nästan inte ses alls på kontoret för du kommer vara ute hos kund och kämpa på. För att inte tappa bort dig vill…",
      "created_by": "Pia Langenkrans",
      "created_date": "2018-09-03T12:58:18",
      "last_modified_by": "",
      "last_modified_date": "2018-09-03T13:57:19",
      "content": "Ni som är konsulter är vår organisations hjärtslag och ni jobbar på någon annanstans än här hos oss. Om vi och du sköter oss så kommer vi nästan inte ses alls på kontoret för du kommer vara ute hos kund och kämpa på.\nFör att inte tappa bort dig vill vi att du checkar in en gång i månaden och berättar om hur det har det för hela gruppen i ditt uppdrag. Du behöver inte skriva en roman men tillräckligt så att vi andra kan fatta vad det är ni håller på med. \nFrågor som vi vill att du svarar på är vilket är ditt uppdrag, vad är roligt med uppdraget, vad har du för utmaningar just nu och vad har du gjort för lösningar. \nDet är för att vi både ska förstå dig och vad du gör bättre, och veta vad vi kan hjälpa till med. Ibland kanske vi inte kan göra något, men andra gånger kanske vi kan göra massor. Och kanske gör du något som är extremt häftigt och värdefullt som vi vill höja högre för andra för att visa vad vi i vårt bolag gör för våra kunder. Det är vad DU gör som är grejen. \n",
      "url": "https://b3it.sharepoint.com/teams/B3Exempelbolag/SitePages/Konsulter--Checka-in-en-g%C3%A5ng-i-m%C3%A5naden.aspx"
    },
    {
      "id": "03d63a0b-7f52-4c64-adbe-01085dc02433",
      "title": "Manges fake news",
      "description": "Har kan man läsa om det senaste och utan källgranskning. Också lite text.... Och här....",
      "created_by": "Magnus Janson",
      "created_date": "2019-03-05T16:48:44",
      "last_modified_by": "",
      "last_modified_date": "2019-03-05T17:07:59",
      "content": "Har kan man läsa om det senaste och utan källgranskning.\nOckså lite text....\nOch här....\n",
      "url": "https://b3it.sharepoint.com/teams/B3Exempelbolag/SitePages/Manges-fake-news(1).aspx"
    },
    {
      "id": "482703db-d8a4-443e-bb71-f7f2982241f4",
      "title": "Marco Ratkovic",
      "description": "Laget före jaget",
      "created_by": "Marco Ratkovic",
      "created_date": "2019-03-05T16:48:35",
      "last_modified_by": "",
      "last_modified_date": "2019-03-05T17:10:18",
      "content": "Laget före jaget\n",
      "url": "https://b3it.sharepoint.com/teams/B3Exempelbolag/SitePages/Marco-Ratkovic.aspx"
    },
    {
      "id": "ccc3ff0f-6665-4bca-b656-78b42379bdab",
      "title": "Mats nyhet",
      "description": "",
      "created_by": "Mats Eriksson",
      "created_date": "2019-03-05T16:49:12",
      "last_modified_by": "",
      "last_modified_date": "2019-03-05T16:49:13",
      "content": "",
      "url": "https://b3it.sharepoint.com/teams/B3Exempelbolag/SitePages/Mats-nyhet.aspx"
    },
    {
      "id": "f6fa2dbe-d530-4354-9f2f-ed66e7c61254",
      "title": "Ny spännande utmaning med SharePoint",
      "description": "Nya spännande utmaningar i att insupa kunskap kring nyhetspublicering i SharePoint. Ska nog kanske gå bra trots allt... Ett virrvarr av nya funktioner. Man får passa sig så inte allt blir uppochned!",
      "created_by": "Mattias Starck",
      "created_date": "2019-03-05T16:47:55",
      "last_modified_by": "",
      "last_modified_date": "2019-03-05T17:07:36",
      "content": "Nya spännande utmaningar i att insupa kunskap kring nyhetspublicering i SharePoint. Ska nog kanske gå bra trots allt...\nEtt virrvarr av nya funktioner. Man får passa sig så inte allt blir uppochned!\n",
      "url": "https://b3it.sharepoint.com/teams/B3Exempelbolag/SitePages/Ny-sp%C3%A4nnande-utmaning-med-SharePoint.aspx"
    },
    {
      "id": "19dcc49d-fbe9-40e8-a80b-a3c4d62b33d5",
      "title": "Pias Nyhet",
      "description": "Min fina nyhet. Alla är så himla bra och jag är glad i alla som gillar SharePoint.",
      "created_by": "Pia Langenkrans",
      "created_date": "2019-03-05T16:42:08",
      "last_modified_by": "",
      "last_modified_date": "2019-03-05T16:43:25",
      "content": "Min fina nyhet. Alla är så himla bra och jag är glad i alla som gillar SharePoint.\n",
      "url": "https://b3it.sharepoint.com/teams/B3Exempelbolag/SitePages/Pias-Nyhet.aspx"
    },
    {
      "id": "151f84a7-8bcd-44d5-91e8-2f13fe5ffdb2",
      "title": "Roland Lycksell",
      "description": "Mot nya mål Avsnitt 1",
      "created_by": "Roland Lycksell",
      "created_date": "2019-03-05T16:48:05",
      "last_modified_by": "",
      "last_modified_date": "2019-03-05T17:07:21",
      "content": "Mot nya mål\nAvsnitt 1\n",
      "url": "https://b3it.sharepoint.com/teams/B3Exempelbolag/SitePages/Roland-Lycksell(1).aspx"
    },
    {
      "id": "23aee1cf-4938-4c0e-97ea-d2d8a7e2fbd2",
      "title": "Sandra Sjöström",
      "description": "",
      "created_by": "Sandra Sjöström",
      "created_date": "2019-03-05T16:48:03",
      "last_modified_by": "",
      "last_modified_date": "2019-03-05T17:09:05",
      "content": "",
      "url": "https://b3it.sharepoint.com/teams/B3Exempelbolag/SitePages/Sandra-Sj%C3%B6str%C3%B6m.aspx"
    },
    {
      "id": "d0c3eafc-366f-4265-ac23-72540635a540",
      "title": "Spännande seminarium",
      "description": "Ämnet var skolans digitala ekosystem och pågående utveckling av möjligheter till informationsutbyte mellan skolans olika system. Låter kanske inte så upphetsande men det var j-ligt intressant att höra vilka möjligheter som nu börjar skapas.",
      "created_by": "Lars Svantesson",
      "created_date": "2019-03-05T16:47:55",
      "last_modified_by": "",
      "last_modified_date": "2019-03-05T17:19:57",
      "content": "Ämnet var skolans digitala ekosystem och pågående utveckling av möjligheter till informationsutbyte mellan skolans olika system. Låter kanske inte så upphetsande men det var j-ligt intressant att höra vilka möjligheter som nu börjar skapas.\n",
      "url": "https://b3it.sharepoint.com/teams/B3Exempelbolag/SitePages/Sp%C3%A4nnande-seminarium.aspx"
    },
    {
      "id": "975765ed-c339-472e-8ffd-7501bd684f73",
      "title": "Tulle Nyheter",
      "description": "Dax att få upp ögonen för nya cyberattacker.... :-)",
      "created_by": "Tomas Tulle Lövquist",
      "created_date": "2019-03-05T16:47:53",
      "last_modified_by": "",
      "last_modified_date": "2019-03-05T17:16:57",
      "content": "Dax att få upp ögonen för nya cyberattacker.... :-)\n",
      "url": "https://b3it.sharepoint.com/teams/B3Exempelbolag/SitePages/Tulle-Nyheter.aspx"
    },
    {
      "id": "13a8492b-7bc7-4ebf-aae7-73d6df548b82",
      "title": "Utbildningssida - listor med metadata",
      "description": "Exempel på vanliga formler i SharePoint-listor Exempellista Fakturor",
      "created_by": "Pia Langenkrans",
      "created_date": "2019-03-05T13:10:52",
      "last_modified_by": "",
      "last_modified_date": "2019-03-05T13:20:18",
      "content": "Exempel på vanliga formler i SharePoint-listor (https://support.office.com/sv-SE/client/results?Shownav=true&lcid=1053&ns=SPOStandard&version=16&omkt=sv-SE&ver=16&HelpId=WSSEndUser_FormulaSyntaxError)\n \n \n\nExempellista Fakturor (/teams/B3Exempelbolag/Lists/Exempel%201/AllItems.aspx)\n",
      "url": "https://b3it.sharepoint.com/teams/B3Exempelbolag/SitePages/Utbildningssida---listor-med-metadat.aspx"
    },
    {
      "id": "0009b021-556c-43ab-b011-7b9924334c0e",
      "title": "Utbildningssidor - Sidlayout",
      "description": "Sidlayouten är ganska flexibel i SharePoint och det finns olika alternativ. Att ändra dem gör man i högermarginalen. Det viktiga att tänka på är när man jobbar med sidlayout är att uppmärksamma hur det blir i mobilvyn. Ordningen för mobilvy är först…",
      "created_by": "Pia Langenkrans",
      "created_date": "2019-03-05T06:30:05",
      "last_modified_by": "",
      "last_modified_date": "2019-03-05T13:21:30",
      "content": "Sidlayouten är ganska flexibel i SharePoint och det finns olika alternativ. Att ändra dem gör man i högermarginalen.\nDet viktiga att tänka på är när man jobbar med sidlayout är att uppmärksamma hur det blir i mobilvyn. \nOrdningen för mobilvy är först avsnittet, mest till höger och sen till vänster.\nTvå kolumner, första kolumnen\nTvå kolumner, andra kolumnen.\nTre kolumner, första kolumnen\nTre kolumner, andra kolumnen\nTre kolumner, tredje kolumnen\n",
      "url": "https://b3it.sharepoint.com/teams/B3Exempelbolag/SitePages/Utbildningssidor.aspx"
    },
    {
      "id": "201f90ad-8f14-463d-829f-c8cbe91e432f",
      "title": "Utkast",
      "description": "",
      "created_by": "Pia Langenkrans",
      "created_date": "2019-03-05T17:30:04",
      "last_modified_by": "",
      "last_modified_date": "2019-03-05T17:30:13",
      "content": "",
      "url": "https://b3it.sharepoint.com/teams/B3Exempelbolag/SitePages/Utkast.aspx"
    },
    {
      "id": "8eface39-27c2-46d6-83a5-e8cd6e63f234",
      "title": "Utvecklingen tar nya skepnader",
      "description": "",
      "created_by": "Anna Abrahamsson Hägg",
      "created_date": "2019-03-05T16:52:32",
      "last_modified_by": "",
      "last_modified_date": "2019-03-05T17:09:52",
      "content": "",
      "url": "https://b3it.sharepoint.com/teams/B3Exempelbolag/SitePages/Utvecklingen-tar-nya-skepnader(1).aspx"
    },
    {
      "id": "60145002-319c-462c-9e00-c28252932eef",
      "title": "Utvecklingssamtal",
      "description": "Nu gör vi inte våra utvecklingssamtal i vår bransch likadant som \"vanliga\" arbetsplatser men jag vill ändå träffa er allihop och gå igenom var vi står, prata om utveckling, utmaningar och mål. Jag vill veta vad jag kan göra för dig och hur du tycker…",
      "created_by": "Pia Langenkrans",
      "created_date": "2018-08-31T09:40:10",
      "last_modified_by": "",
      "last_modified_date": "2018-08-31T09:46:08",
      "content": "Nu gör vi inte våra utvecklingssamtal i vår bransch likadant som \"vanliga\" arbetsplatser men jag vill ändå träffa er allihop och gå igenom var vi står, prata om utveckling, utmaningar och mål. Jag vill veta vad jag kan göra för dig och hur du tycker att jag sköter. Jag ger dig feedback och du ger mig feedback. \nJag kommer att boka in tider med er alla och jag behöver att ni uppdaterar era kalendrar för hela månaden ut (gärna nästa också) så att vi undviker krockar. Jag har en mall med frågor som vi ska gå igenom som är länkad här. Gå gärna igenom det några dagar innan så att du är förberedd. \n",
      "url": "https://b3it.sharepoint.com/teams/B3Exempelbolag/SitePages/Utvecklingssamtal.aspx"
    },
    {
      "id": "64c33162-6560-4119-9dca-698b0f5444db",
      "title": "Vad är en nyhet på vår SharePoint?",
      "description": "Vi försöker undvika att skicka mail för att det... vi behöver inte gå in på det här men du vet varför. Information som är relevant för alla och ska finnas tillgänglig framåt skriver vi en nyhet om. Månadssiffror Sälj Rekrytering (höjer upp konsulter…",
      "created_by": "Pia Langenkrans",
      "created_date": "2018-09-03T14:37:33",
      "last_modified_by": "",
      "last_modified_date": "2018-09-03T14:45:24",
      "content": "Vi försöker undvika att skicka mail för att det... vi behöver inte gå in på det här men du vet varför.\nInformation som är relevant för alla och ska finnas tillgänglig framåt skriver vi en nyhet om. \n\nMånadssiffror\n\t\nSälj\nRekrytering (höjer upp konsulter som får tipspengar!)\n\n\nPresentation av nyanställda (som vi sedan välkomnar i vår Yammergrupp)\nKonsulter som nu eller snart vill ha nya uppdrag\nKommande bolagsevent/externa events som är av intresse\nÅterrapportering från ledningsgrupp/AO/styrelse\nÅterrapportering från interna projekt\nPersonalförändringar i vårt bolag eller i koncernbolaget\nNya rutiner som vi ska följa\nYtterligare förklaring om koncernnyheter om hur de påverkar oss specifikt\nInformation om ett samarbete\nErbjudanden till personalen\nTrender\nFältrapporter\nLesson's learned\n\nDet behöver inte alltid vara bolagsledningen som skriver nyheter utan även du som konsult är välkommen att skriva något om en konferens som du går på, en reflektion om trender eller något som har hänt. \nVi har nyhetsbrev som är en egen nyhet och kan länka till andra nyheter. Det ska komma ut månadsvis.\n",
      "url": "https://b3it.sharepoint.com/teams/B3Exempelbolag/SitePages/Vad-%C3%A4r-en-ny.aspx"
    },
    {
      "id": "cd1b5fa8-6d80-4a56-ad0e-67f4d0879d40",
      "title": "Vad är skillnaden på händelser och gruppkalender?",
      "description": "Båda två är kalendrar men de skiljer sig i grunden för hur man ska använda dem. Precis som tvättstugans bokningssystem och din sons fotbollskalender. Vi använder dem på olika sätt. Gru ppkalendern Den gemensamma kalendern åker faktiskt in i medlemma…",
      "created_by": "Pia Langenkrans",
      "created_date": "2018-09-04T10:08:09",
      "last_modified_by": "",
      "last_modified_date": "2018-09-04T10:23:32",
      "content": "Båda två är kalendrar men de skiljer sig i grunden för hur man ska använda dem. Precis som tvättstugans bokningssystem och din sons fotbollskalender. Vi använder dem på olika sätt.\nGruppkalendern\nDen gemensamma kalendern åker faktiskt in i medlemmarnas kalendrar. Det kommer att ta plats och kommer få påminnelser.\n‐Smart användning: Gruppmöten med Skypelänk (såklart), påminnelse för att tidredovisa, påminnelse för att senast lämna in reseräkningar och få det på den närmsta lönen, deadline för att lägga in om sommarsemester.\n \nUtbildning\n»100 Hur hittar jag kalendern\n»100 Hur lägger jag upp saker i den\n»100 Hur ser det ut för medlemmar\nHändelser\nHändelser är en snygg lista på saker som händer, du kan beskriva händelsen med text, bild, plats, startdatum, slutdatum, kontaktpersoner och allt. De ligger sedan synligt så länge datumet inte har fallit ut. \n‐Smart användning: Nätverksträffar som är frivilliga, frysperioder, man vill markera utvecklingssamtalsperiod, en viktig konferens.\n \nUtbildning\n»100 Lägg till en händelse i kalendern\n»100 Dela en händelse via e-mail\n»200 Hur lägger man upp en röstning för bästa mötestiden?\n»300 Skapa en attraktiv händelse\n \nSmart användning vi använder\nVi försöker vara så smarta som möjligt så därför har vi lagt in tidrapporteringen på en tid då vi tror att de flesta kan rapportera enkelt, sent på fredag eftermiddag. Vi har lagt in länkar till tidrapporteringssystemet, guider, hur du beställer ett nytt konto att rapportera på och länk till att ladda ner appen från Appstore och Google play. Du kommer garanterat inte behöva dem varje gång du får en blänkare om att det är dags men vi hoppas att kunna att där och då, när du behöver hjälp, kunna snabbt ge dig service.\n",
      "url": "https://b3it.sharepoint.com/teams/B3Exempelbolag/SitePages/Vad-%C3%A4r-skillnaden-p%C3%A5-h%C3%A4ndelser-och-gruppkalender-.aspx"
    },
    {
      "id": "21b83bc6-8425-416f-aa75-16a58b867baa",
      "title": "Nuläget i vår bransch - Offentlig sektor",
      "description": "Lorem ipsum dolor sit amet, consectetur adipiscing elit. Fusce efficitur orci nec tortor ultricies, sed fringilla velit varius. Ut interdum ipsum lorem, in efficitur risus consectetur sit amet. Vestibulum purus dui, pulvinar sed arcu at, consectetur…",
      "created_by": "Pia Langenkrans",
      "created_date": "2018-09-04T09:58:36",
      "last_modified_by": "",
      "last_modified_date": "2018-09-04T10:00:50",
      "content": "Lorem ipsum dolor sit amet, consectetur adipiscing elit. Fusce efficitur orci nec tortor ultricies, sed fringilla velit varius. Ut interdum ipsum lorem, in efficitur risus consectetur sit amet. Vestibulum purus dui, pulvinar sed arcu at, consectetur lobortis ex. Nullam quis lorem enim. Praesent dignissim lobortis augue, eget feugiat neque ultrices a. Integer pulvinar arcu ultricies quam aliquam luctus. Proin quis elit sit amet nisl tincidunt rhoncus a ac risus. Donec aliquet elit sit amet accumsan cursus. Sed consequat nibh nec ex porta sagittis eget ut nisi. Nam dolor libero, bibendum nec fringilla ac, maximus nec urna. Nulla feugiat tortor tortor, vitae volutpat lacus vestibulum in. Fusce aliquam purus nec tortor placerat, eget volutpat justo euismod. Praesent tempor tincidunt feugiat.\nNulla feugiat imperdiet sapien, id tempor odio sodales sit amet. Nam dignissim auctor massa, eu tempus nisl convallis vitae. Morbi id leo nunc. Praesent ornare, felis quis imperdiet volutpat, magna tortor eleifend lacus, vel congue ligula risus nec dolor. Nunc ultricies nisl pulvinar dictum hendrerit. Nam rhoncus a leo sed pulvinar. Ut ac sodales tortor, non egestas nibh. Integer quam velit, volutpat id dictum eu, fermentum a diam. Suspendisse ut lorem eu justo interdum tristique id in mi. Vivamus porttitor egestas risus, id lobortis eros dictum non.\nNunc volutpat iaculis odio, nec imperdiet mi lacinia in. Mauris vehicula suscipit finibus. Sed varius, justo quis vulputate bibendum, nisi sem ultricies metus, accumsan blandit risus sem eget ante. Etiam vitae justo vestibulum, blandit felis non, sollicitudin ipsum. Duis eget nibh tristique, molestie ante in, blandit justo. Morbi malesuada vitae eros vitae euismod. Donec a ultrices ipsum, non ultrices nulla. Nunc commodo eros ac cursus lacinia. Nam euismod, nibh ac viverra molestie, nunc enim feugiat arcu, ut lobortis eros ligula vel nibh. Curabitur et massa iaculis, vestibulum odio ut, interdum ante. Etiam et sapien a est pharetra ornare. Sed tempus eu augue a elementum. Donec pellentesque porttitor nisl, non sodales dui tristique ac. Nulla facilisi.\nUt ac nulla venenatis, mattis urna vel, porttitor orci. Nulla ac massa consequat tellus dignissim posuere. Proin fermentum ut odio in scelerisque. Vivamus sapien dui, sollicitudin eget est sit amet, rutrum feugiat sapien. Etiam iaculis ac ante non luctus. Pellentesque habitant morbi tristique senectus et netus et malesuada fames ac turpis egestas. Nulla tristique volutpat tellus.\nFusce facilisis ultrices viverra. In eu odio at nisi tempus posuere id vitae neque. Etiam venenatis pellentesque posuere. Praesent ac tempor mi. Suspendisse molestie, velit eget ultricies vehicula, sapien est congue enim, a interdum lorem arcu non justo. Vivamus hendrerit libero et dignissim rutrum. In quis nulla ac turpis finibus consectetur. In nec mattis erat. Nullam consequat diam mauris, et molestie urna luctus at. Fusce tincidunt nibh eu nisl vestibulum, ut consequat odio fermentum. Sed non fringilla felis, sed sodales sem.\n",
      "url": "https://b3it.sharepoint.com/teams/B3Exempelbolag/SitePages/V%C3%A5r-bransch---Offentlig-sektor.aspx"
    },
    {
      "id": "ea1f9d74-8db1-4f8a-bb24-e30d8bc57e75",
      "title": "Välkomna tillbaka från semestern!",
      "description": "Sommaren har varit för kort som vanligt. Jag hoppas att alla är utvilade och redo för en händelserik höst. Vi har jobbat mycket med ramavtalet XYZ och det har gått bra. Vi lämnade in efter ett par jobbiga veckor och vi känner att vi har visat våra b…",
      "created_by": "Pia Langenkrans",
      "created_date": "2018-08-20T13:13:29",
      "last_modified_by": "",
      "last_modified_date": "2018-08-20T13:16:29",
      "content": "Sommaren har varit för kort som vanligt. Jag hoppas att alla är utvilade och redo för en händelserik höst.\nVi har jobbat mycket med ramavtalet XYZ och det har gått bra. Vi lämnade in efter ett par jobbiga veckor och vi känner att vi har visat våra bästa förmågor.\n \n \n",
      "url": "https://b3it.sharepoint.com/teams/B3Exempelbolag/SitePages/V%C3%A4lkomna-tillbaka-fr%C3%A5n-e.aspx"
    },
    {
      "id": "63729ac0-3eb3-4da8-84f5-c33710d2b126",
      "title": "Yammer- istället för mail",
      "description": "Många av våra konsulter har uppdrag hos företag som inte tillåter ett extra mailkonto och sitter nedlåsta på kundens dator. Då är mail en mycket jobbig lösning. Vi har därför en Yammergrupp som är stängd för oss inom bolaget. I gruppen kan alla delt…",
      "created_by": "Pia Langenkrans",
      "created_date": "2018-09-03T14:23:21",
      "last_modified_by": "",
      "last_modified_date": "2018-09-03T14:26:40",
      "content": "Många av våra konsulter har uppdrag hos företag som inte tillåter ett extra mailkonto och sitter nedlåsta på kundens dator. Då är mail en mycket jobbig lösning. Vi har därför en Yammergrupp som är stängd för oss inom bolaget. I gruppen kan alla delta och bidra.\nTaket är högt och tonen är vänlig. Vi behöver inte vara överens men vi är alltid respektfulla. \n",
      "url": "https://b3it.sharepoint.com/teams/B3Exempelbolag/SitePages/Yammer--ist%C3%A4llet-f%C3%B6r-mail.aspx"
    }
  ]
}