{
  "name": "B3 Golf",
  "description": "För oss som golfar i alla väder!",
  "url": "https://b3it.sharepoint.com/teams/b3golf",
  "pages": [
    {
      "id": "e1daaf81-188d-44f1-8f27-35ddbab07552",
      "title": "Startsida",
      "description": "",
      "created_by": "Systemkonto",
      "created_date": "2017-06-15T15:31:34",
      "last_modified_by": "",
      "last_modified_date": "2017-06-15T15:31:34",
      "content": "",
      "url": "https://b3it.sharepoint.com/teams/b3golf/SitePages/Home.aspx"
    }
  ]
}