{
  "name": "B3 Insight",
  "description": "B3 Insight",
  "url": "https://b3it.sharepoint.com/sites/b3itinsight",
  "pages": [
    {
      "id": "9ea2237c-81d6-41bc-b32d-8fbc096944f1",
      "title": "Bolagsmöte 20190122",
      "description": "",
      "created_by": "Kina Strid Sundel",
      "created_date": "2019-01-28T15:00:14",
      "last_modified_by": "",
      "last_modified_date": "2019-01-28T15:03:59",
      "content": "",
      "url": "https://b3it.sharepoint.com/sites/b3itinsight/SitePages/Bolagsm%C3%B6te-2019.aspx"
    },
    {
      "id": "4c07ecba-92c3-4ce2-a71b-907e7afbe39a",
      "title": "Startsida",
      "description": "",
      "created_by": "Pia Langenkrans",
      "created_date": "2016-09-27T08:34:35",
      "last_modified_by": "",
      "last_modified_date": "2018-10-23T20:08:36",
      "content": "",
      "url": "https://b3it.sharepoint.com/sites/b3itinsight/SitePages/Home.aspx"
    },
    {
      "id": "3954d08b-b6c0-4ce0-ad93-97b850989676",
      "title": "Hur genomför vi möten i vårt bolag?",
      "description": "Transparant Vi är transparanta med allt som vi kan vara transparanta med. I dessa GDPR-tider behöver vi vara försiktiga med vad för personuppgifter vi sparar och känsliga kundaffärer som kan påverka aktiekursen men som oftast är det som vi gör här i…",
      "created_by": "Pia Langenkrans",
      "created_date": "2018-10-23T18:27:09",
      "last_modified_by": "",
      "last_modified_date": "2018-10-23T18:31:10",
      "content": "Transparant\nVi är transparanta med allt som vi kan vara transparanta med. I dessa GDPR-tider behöver vi vara försiktiga med vad för personuppgifter vi sparar och känsliga kundaffärer som kan påverka aktiekursen men som oftast är det som vi gör här inget att gömma undan.\nNär vi har möten så använder vi OneNote för att skriva mötesanteckningar, du hittar den under länken Anteckningsbok i vänstermenyn. Vi har en flik för våra möten per år och där skriver man titeln på mötet och datum. Ditt möte kommer automatiskt längst ner och låt det ligga där. Vi gör en ny flik för det nya året så det kommer inte bli för mycket scroll.\n \nOlika typer av möten\nVi har konsultträffar, säljmöten, kundmöten och de ska in i OneNotefilen. Vi förväntar oss att du som konsult ska försöka vara med på alla konsultträffar, och vara med på alla säljmöten om du inte har något uppdrag.\n \nAlltid en agenda\nSMARR möten kan vara det bästa som hänt möten sedan kaffe och wienerbröd\n\nSyfte (Varför behövs mötet?)\nMål (Vilka konkreta resultat förväntas?)\nArbetsgång (Hur jobbar vi? Verktyg?)\nRoller (På vilket sätt bidrar var och en?)\nRegler (Vilka spelregler gäller?)\n\n \nAlltid digitalt deltagande förutom när vi inte har det\nVi använder Skypemöten eller Teamsmöten för våra möten. Vi har ett team och det går alltid att lägga till ett Skypemöte till våra kalenderobjekt. Det ska vara en speciell anledning till varför det inte går att delta på distans (som våra konsultträffar). Vi är en stor grupp och behöver att alla kan delta även om de är upptagna hos kunden eller behöver vara hemma. \n \nSkype & Teams\nDu ska ha Skype och Teams på både din dator och din telefon. Du ska veta hur du startar och deltar på möten. \nDet är varje konsults egna ansvar att kunna koppla upp och behöver du hjälp be om hjälp i tid.\n \nOneNote\nDu behöver ladda ner OneNote på din dator. Det ingår i standard windows men vi vill att du använder den senaste Office klienten. Den har lite mer funktioner in än bara Windowsappen. När du har laddat ner den vill vi att du öppnar upp den här anteckningsboken och synkar den med din dator. \nDet är varje konsults egna ansvar att kunna koppla upp och behöver du hjälp be om hjälp i tid.\nLadda också ner OneNote appen till telefonen. \nLär dig mer om SMARR. (https://kasewa.se/2012/05/07/vardefulla-moten/)\nLär dig mer om Skype (https://support.office.com/en-us/skype-for-business)\nLär dig mer om Teams (https://support.office.com/en-us/teams)\nLär dig mer om OneNote (https://support.office.com/en-us/onenote)\n",
      "url": "https://b3it.sharepoint.com/sites/b3itinsight/SitePages/Hur-genomf%C3%B6r-vi-m%C3%B6ten-i-v%C3%A5rt-bolag-.aspx"
    },
    {
      "id": "27478a70-ce85-49a6-872c-a972812ce8b4",
      "title": "Insight på Ballbreaker 2018-11-21",
      "description": "",
      "created_by": "Kina Strid Sundel",
      "created_date": "2018-12-03T11:42:03",
      "last_modified_by": "",
      "last_modified_date": "2018-12-03T11:42:38",
      "content": "",
      "url": "https://b3it.sharepoint.com/sites/b3itinsight/SitePages/Insight-p%C3%A5-Ballbreaker-2018-11-21.aspx"
    },
    {
      "id": "a4c34e0b-f9bd-43f6-be5f-b4054ff6deb7",
      "title": "Insight på Ballbreaker 2018-1-21",
      "description": "",
      "created_by": "Kina Strid Sundel",
      "created_date": "2018-12-03T16:45:15",
      "last_modified_by": "",
      "last_modified_date": "2018-12-03T16:51:05",
      "content": "",
      "url": "https://b3it.sharepoint.com/sites/b3itinsight/SitePages/Insight-p%C3%A5-Ballbreaker-2018-1-21.aspx"
    },
    {
      "id": "98a718e6-16fa-4fcf-b1a4-39a0459f5643",
      "title": "Kom igång i Insight",
      "description": "Välkommen in i gänget! Det finns några saker du behöver göra för att komma in i samarbetet. Börja följa denna site Komma in i vår Yammergrupp Presentera dig i vår Yammergrupp Fyll i din profil i Delve och dubbelkolla telefonnummer och chef Synka One…",
      "created_by": "Pia Langenkrans",
      "created_date": "2018-10-23T18:21:06",
      "last_modified_by": "",
      "last_modified_date": "2018-10-23T18:23:34",
      "content": "Välkommen in i gänget!\nDet finns några saker du behöver göra för att komma in i samarbetet.\n\nBörja följa denna site\nKomma in i vår Yammergrupp\nPresentera dig i vår Yammergrupp\nFyll i din profil i Delve och dubbelkolla telefonnummer och chef\nSynka OneNote anteckningsboken\nSynka din kalender med gruppkalendern här\nJobba igenom din profil i Cinode\nLäs igenom dina kollegors profil \n\n",
      "url": "https://b3it.sharepoint.com/sites/b3itinsight/SitePages/Kom-ig%C3%A5ng-i-Insight.aspx"
    },
    {
      "id": "7b7011e9-dd30-4812-a2ae-0de6ef536384",
      "title": "Power BI för fastighetsbranschen",
      "description": "",
      "created_by": "Peter Andersson",
      "created_date": "2017-09-18T11:59:55",
      "last_modified_by": "",
      "last_modified_date": "2017-09-18T12:06:33",
      "content": "",
      "url": "https://b3it.sharepoint.com/sites/b3itinsight/SitePages/Power%20BI%20f%C3%B6r%20fastighetsbranschen.aspx"
    },
    {
      "id": "17bb57d9-1a58-4af2-a7fd-314f492176e3",
      "title": "Vad är det som händer på vår site?",
      "description": "Pia händer. Med Kinas godkännande såklart. Jag kommer över några dagar på mina eoner med fritid lägga upp en (förhoppningsvis) mängd av inspirerande innehåll. Tanken är att ni ska ta det till er och förädla med era egna tankar och behov. Mycket av i…",
      "created_by": "Pia Langenkrans",
      "created_date": "2018-10-23T18:16:43",
      "last_modified_by": "",
      "last_modified_date": "2018-10-23T18:20:37",
      "content": "Pia händer. Med Kinas godkännande såklart. Jag kommer över några dagar på mina eoner med fritid lägga upp en (förhoppningsvis) mängd av inspirerande innehåll. Tanken är att ni ska ta det till er och förädla med era egna tankar och behov.\nMycket av innehållet som jag lägger upp här är kopierat från B3 Exempelbolag som är ett öppet team/SharePointsite som är tänkt som inspiration. Jag kopierar över det hit så att ni enkelt ska kunna ta vid och fortsätta. \nJag gör er en tjänst. Bli inte sur. Om du/ni hatar det går det att radera :)\n",
      "url": "https://b3it.sharepoint.com/sites/b3itinsight/SitePages/Vad-%C3%A4r-det-som-h%C3%A4nder-p%C3%A5-v%C3%A5r-site-.aspx"
    },
    {
      "id": "32ec3955-08a0-47b9-a052-7118a739c466",
      "title": "Vad är en nyhet på vår SharePoint?",
      "description": "Vi försöker undvika att skicka mail för att det... vi behöver inte gå in på det här men du vet varför. Information som är relevant för alla och ska finnas tillgänglig framåt skriver vi en nyhet om. Månadssiffror Sälj Rekrytering (höjer upp konsulter…",
      "created_by": "Pia Langenkrans",
      "created_date": "2018-10-23T18:32:46",
      "last_modified_by": "",
      "last_modified_date": "2018-10-23T18:34:24",
      "content": "Vi försöker undvika att skicka mail för att det... vi behöver inte gå in på det här men du vet varför.\nInformation som är relevant för alla och ska finnas tillgänglig framåt skriver vi en nyhet om. \n\nMånadssiffror\n\t\nSälj\nRekrytering (höjer upp konsulter som får tipspengar!)\n\n\nPresentation av nyanställda (som vi sedan välkomnar i vår Yammergrupp)\nKonsulter som nu eller snart vill ha nya uppdrag\nKommande bolagsevent/externa events som är av intresse\nÅterrapportering från ledningsgrupp/AO/styrelse\nÅterrapportering från interna projekt\nPersonalförändringar i vårt bolag eller i koncernbolaget\nNya rutiner som vi ska följa\nYtterligare förklaring om koncernnyheter om hur de påverkar oss specifikt\nInformation om ett samarbete\nErbjudanden till personalen\nTrender\nFältrapporter\nLesson's learned\n\nDet behöver inte alltid vara bolagsledningen som skriver nyheter utan även du som konsult är välkommen att skriva något om en konferens som du går på, en reflektion om trender eller något som har hänt. \nVi har nyhetsbrev som är en egen nyhet och kan länka till andra nyheter. Det ska komma ut månadsvis.\n",
      "url": "https://b3it.sharepoint.com/sites/b3itinsight/SitePages/Vad-%C3%A4r-en-nyhet-p%C3%A5-v%C3%A5r-SharePoint-.aspx"
    },
    {
      "id": "8a6e081e-21be-498f-8202-4d1971c8664a",
      "title": "Vad är skillnaden på händelser och gruppkalender?",
      "description": "Båda två är kalendrar men de skiljer sig i grunden för hur man ska använda dem. Precis som tvättstugans bokningssystem och din sons fotbollskalender. Vi använder dem på olika sätt. Gru ppkalendern Den gemensamma kalendern åker faktiskt in i medlemma…",
      "created_by": "Pia Langenkrans",
      "created_date": "2018-10-23T19:39:46",
      "last_modified_by": "",
      "last_modified_date": "2018-10-23T19:54:44",
      "content": "Båda två är kalendrar men de skiljer sig i grunden för hur man ska använda dem. Precis som tvättstugans bokningssystem och din sons fotbollskalender. Vi använder dem på olika sätt.\nGruppkalendern\nDen gemensamma kalendern åker faktiskt in i medlemmarnas kalendrar. Det kommer att ta plats och kommer få påminnelser.\n‐Smart användning: Gruppmöten med Skypelänk (såklart), påminnelse för att tidredovisa, påminnelse för att senast lämna in reseräkningar och få det på den närmsta lönen, deadline för att lägga in om sommarsemester.\n \nHändelser\nHändelser är en snygg lista på saker som händer, du kan beskriva händelsen med text, bild, plats, startdatum, slutdatum, kontaktpersoner och allt. De ligger sedan synligt så länge datumet inte har fallit ut. \n‐Smart användning: Nätverksträffar som är frivilliga, frysperioder, man vill markera utvecklingssamtalsperiod, en viktig konferens.\n \nSmart användning vi använder\nVi försöker vara så smarta som möjligt så därför har vi lagt in tidrapporteringen på en tid då vi tror att de flesta kan rapportera enkelt, sent på fredag eftermiddag. Vi har lagt in länkar till tidrapporteringssystemet, guider, hur du beställer ett nytt konto att rapportera på och länk till att ladda ner appen från Appstore och Google play. Du kommer garanterat inte behöva dem varje gång du får en blänkare om att det är dags men vi hoppas att kunna att där och då, när du behöver hjälp, kunna snabbt ge dig service.\n(Detta har jag inte gjort för att det spammar en del men om ni tittar på B3 Exempelbolag så ser ni hur det kan se ut)\nSmarta saker att lägga in i tidrapporteringsbokningen:\n\nLänk till tidrapporteringssystem lägger man in här.\nLänk till vem man ska kontakta om man saknar ett konto att rapportera med\nLänk till att ladda ner tidrapporteringsapp\nLänk till sida som beskriver hur man i detta bolag ska använda koderna\n\n \n",
      "url": "https://b3it.sharepoint.com/sites/b3itinsight/SitePages/Vad-%C3%A4r-skillnaden-p%C3%A5-h%C3%A4ndelser-och-gruppkalender-.aspx"
    },
    {
      "id": "1852f24d-3674-4db0-a1b1-337411833e76",
      "title": "Vemdalen 2018",
      "description": "",
      "created_by": "Birger Arvidsson",
      "created_date": "2018-01-31T18:16:41",
      "last_modified_by": "",
      "last_modified_date": "2018-01-31T18:50:35",
      "content": "",
      "url": "https://b3it.sharepoint.com/sites/b3itinsight/SitePages/Vemdalen%202018.aspx"
    }
  ]
}