{
  "name": "B3 Insight PBI",
  "description": "Support- och idékanal för B3 Insight - det nya rapportpaketet i Power BI",
  "url": "https://b3it.sharepoint.com/teams/insightpbi",
  "pages": [
    {
      "id": "6a3af4ad-c90e-4f57-923d-e9e70b26775b",
      "title": "Startsida",
      "description": "",
      "created_by": "Systemkonto",
      "created_date": "2023-07-01T23:09:34",
      "last_modified_by": "",
      "last_modified_date": "2023-07-01T23:09:34",
      "content": "",
      "url": "https://b3it.sharepoint.com/teams/insightpbi/SitePages/Home.aspx"
    }
  ]
}