{
  "name": "B3 Mallar",
  "description": "B3 Mallar",
  "url": "https://b3it.sharepoint.com/teams/B3Mallar",
  "pages": [
    {
      "id": "c2eea3b1-e3c4-4783-b2b6-464409908db3",
      "title": "Startsida",
      "description": "",
      "created_by": "Malinda Knudsen",
      "created_date": "2020-01-26T03:05:43",
      "last_modified_by": "",
      "last_modified_date": "2024-04-11T07:40:59",
      "content": "",
      "url": "https://b3it.sharepoint.com/teams/B3Mallar/SitePages/Home.aspx"
    },
    {
      "id": "9d6a4754-12b9-43a9-acd6-a4b8387ea648",
      "title": "khhk",
      "description": "",
      "created_by": "Malinda Knudsen",
      "created_date": "2020-02-04T12:38:45",
      "last_modified_by": "",
      "last_modified_date": "2020-02-04T12:38:48",
      "content": "\n",
      "url": "https://b3it.sharepoint.com/teams/B3Mallar/SitePages/khhk.aspx"
    }
  ]
}