{
  "name": "B3 Mat och Dryck",
  "description": "",
  "url": "https://b3it.sharepoint.com/teams/B3MatochDryck",
  "pages": [
    {
      "id": "7d339ebc-01e6-4a07-972f-596d8b504818",
      "title": "Startsida",
      "description": "",
      "created_by": "Johan Löfblad",
      "created_date": "2019-01-12T11:05:57",
      "last_modified_by": "",
      "last_modified_date": "2019-01-16T12:07:31",
      "content": "",
      "url": "https://b3it.sharepoint.com/teams/B3MatochDryck/SitePages/Home.aspx"
    },
    {
      "id": "d8c89dc9-c2dd-409f-a3bc-36545ec5df8d",
      "title": "Små partier Systembolaget 2019-01-18",
      "description": "Här är några tips på kul saker som kommer på nästa små partier släpp på Systembolaget. Juliusspital Würzburger Stein Nr 91304 Kryddigt, friskt och massor av frukt. Funkar till smakrika fiskrätter, eller kanske sparris med en fet hollandaise. Plus i …",
      "created_by": "Johan Löfblad",
      "created_date": "2019-01-16T12:08:06",
      "last_modified_by": "",
      "last_modified_date": "2019-01-16T12:11:19",
      "content": "Här är några tips på kul saker som kommer på nästa små partier släpp på Systembolaget.\nJuliusspital Würzburger Stein (https://www.systembolaget.se/dryck/vita-viner/juliusspital-wurzburger-stein-9130401) Nr 91304\nKryddigt, friskt och massor av frukt. Funkar till smakrika fiskrätter, eller kanske sparris med en fet hollandaise.\nPlus i kanten för skojig flaska\nTenuta delle Terre Nere (https://www.systembolaget.se/dryck/roda-viner/tenuta-delle-terre-nere-9548701) Nr 95487\nRött från Sicilien, röda bär, lite kryddigt, bra syra. Perfekt till enklare kötträtter eller en kraftigare pizza.\nBarolo La Serra (https://www.systembolaget.se/dryck/roda-viner/barolo-la-serra-9548601) Nr 95486\nTrevlig Barolo från 2013 som var ett bra år i Piemonte, en möjlig klassiker. La Serra brukar hålla bra kvalite, Mörka bär, körsbär, fat och bra syra. Bra lagringspotential.\nHi, I´m Kveik (https://www.systembolaget.se/dryck/ol/hi-im-kveik-1179412) Nr 11794\nStone och Lervig i samarbete. Använder den \"nya\" hippa norska jästen Kveik, som är väldigt gammal men har blivit populär på senaste. Ger en lätt syrlig touch (inte belgiskt syrlig, bara en hint). Fruktig och citrusig IPA.\nFounders CBS (https://www.systembolaget.se/dryck/ol/founders-cbs-1144403) Nr 11444\nEtt tag rankad som världens bästa öl, fortfarande top 20. Maffig imperial stout gjord med lönnsirap.\n3 Fonteinen (https://www.systembolaget.se/dryck/ol/3-fonteinen-1127701) Nr 11277\nHommage Bio Frambozen är en hallon-lambic med massor av hallon och frisk syra och lite toner av stall och hö. Mycket bra, aningen dyrt och 300st flaskor till Sverige som lär försvinna på sekunder..\n \nOch om någon känner sig rik så kommer en antagligen sjukt bra Dom Perignon\nDom Pérignon P2, 2000 (https://www.systembolaget.se/dryck/mousserande-viner/dom-perignon-9115801) Nr 91158\nSent degorgerad (googla degorgering) årgång 2000. Antagligen sjukt bra, dock 3900kr/flaskan...\n",
      "url": "https://b3it.sharepoint.com/teams/B3MatochDryck/SitePages/Sm%C3%A5-partier-Systembolaget-2019-01-18.aspx"
    }
  ]
}