{
  "name": "B3 Networks - Kompetensforum",
  "description": "Kompetensforum för olika leverantörer inom nätverk.",
  "url": "https://b3it.sharepoint.com/teams/B3Networks-Kompetensforum",
  "pages": [
    {
      "id": "a25aa249-fb30-4c38-a284-d63b56606169",
      "title": "Startsida",
      "description": "",
      "created_by": "Systemkonto",
      "created_date": "2021-06-19T23:55:38",
      "last_modified_by": "",
      "last_modified_date": "2021-06-19T23:55:38",
      "content": "",
      "url": "https://b3it.sharepoint.com/teams/B3Networks-Kompetensforum/SitePages/Home.aspx"
    }
  ]
}