{
  "name": "B3 och Lantmäteriet",
  "description": "I det här teamet samlar vi idéer, underlag och konkreta förslag kopplat till affärsmöjligheter på Lantmäteriet. \n\nTeamet administreras av Stefan Beronius (B3 Advise) som är kundansvarig för Lantmäteriet inom B3",
  "url": "https://b3it.sharepoint.com/teams/B3ochLantmteriet",
  "pages": [
    {
      "id": "b9122808-e257-47ba-b2bc-fbcd0df26ec3",
      "title": "Startsida",
      "description": "",
      "created_by": "Systemkonto",
      "created_date": "2019-12-08T03:03:55",
      "last_modified_by": "",
      "last_modified_date": "2019-12-08T03:03:55",
      "content": "",
      "url": "https://b3it.sharepoint.com/teams/B3ochLantmteriet/SitePages/Home.aspx"
    }
  ]
}