{
  "name": "B3 Poland Stream",
  "description": "Treści video tworzone przez zespół B3 Poland. Kawa w dłoń i korzystaj!",
  "url": "https://b3it.sharepoint.com/teams/b3polandstream",
  "pages": [
    {
      "id": "23407509-c141-4524-a8c0-fb45ea915ee0",
      "title": "Startsida",
      "description": "",
      "created_by": "Systemkonto",
      "created_date": "2023-08-26T23:28:44",
      "last_modified_by": "",
      "last_modified_date": "2023-08-26T23:28:44",
      "content": "",
      "url": "https://b3it.sharepoint.com/teams/b3polandstream/SitePages/Home.aspx"
    }
  ]
}