{
  "name": "B3 Preboarding",
  "description": "Välkommen till B3 - vi längtar efter dig! Vi är väldigt glada att du ska börja jobba hos oss på B3. Du har redan nu tillgång till delar av vårt Intranät och delar av B3s Personalhandbok - och när du börjar får du tillgång till alla sidor. Här hittar…",
  "url": "https://b3it.sharepoint.com/teams/B3Preboarding",
  "pages": [
    {
      "id": "4d38429a-3c4d-49a2-8f79-27768e033a21",
      "title": "Cinode - här skapar och uppdaterar du din profil och CV",
      "description": "Så här kommer du igång i Cinode På B3 använder vi ett webbaserat system för att hålla koll på våra konsultprofiler (CVs). Vi använder Cinode, en tjänst som förenklar vår kompetenshantering och gör allt vi kan och vad vi sysslar med samlat och sökbar…",
      "created_by": "Anne Ek",
      "created_date": "2019-12-13T20:29:25",
      "last_modified_by": "",
      "last_modified_date": "2019-12-19T13:37:39",
      "content": "Så här kommer du igång i Cinode\nPå B3 använder vi ett webbaserat system för att hålla koll på våra konsultprofiler (CVs). Vi använder Cinode, en tjänst som förenklar vår kompetenshantering och gör allt vi kan och vad vi sysslar med samlat och sökbart. Tjänsten stödjer oss alla inom B3 att hantera våra kompetenser på ett enkelt sätt. Surfa gärna in på www.cinode.com för mer information.\nGå in på https://app.cinode.com/b3/login (https://app.cinode.com/b3/login) Logga in med din email-adress och engångslösenordet enligt e-post (eller klicka återställ lösenord så får du välja ett nytt). Läs igenom och godkänn användarvillkoren och byt till ett eget lösenord. Klicka på kugghjulet uppe i högra hörnet och \"Mina inställningar\" - fyll gärna i personuppgifter. De som saknar bild på sig själv har här möjlighet att ladda upp en ny.  \nNär du är inloggad i Cinode kommer du åt instruktioner (https://support.cinode.com/hc/sv), filmer  (https://support.cinode.com/hc/sv/categories/360001374412-Videoklipp)och vanliga frågor & svar. \nGå nu igenom varje del av din grundprofil ordentligt och registrera noga, alternativt komplettera (eller rätta de redan ifyllda fälten). Se instruktioner  (https://support.cinode.com/hc/sv/categories/360001881551-Profil-och-CV)och stöd i Cinode. Om du klipper ut information från Word är det smartast att gå via Anteckningsbok eller dylikt, du kan få med s.k. encoding annars. Kolla även följande; under Projekt & Uppdrag se till att allt finns med, korrigera tidsintervallen och lägg gärna till fler kompetenser i fältet Nyckelord under respektive Uppdrag; under Kompetenser sätter du även aktuell gradering baserat på din erfarenhet  - Utbildning – verifiera och komplettera utbildningar. \nFör att skapa en färdig och exporterbar profil (PDF eller word) krävs några steg till. Grundprofilen kan ses som själva databasen där all information ska lagras. Det är även viktigt att man fortsättningsvis uppdaterar den löpande.  \nSkapa en säljande profil (även kallad rollprofil). Det är från denna som man sedan hämtar ut själva profilen. Du kan alltså ha ett grunddatat och sedan ha två olika rollprofiler, där olika kompetenser visas och beskrivs. Baserat på din Grundprofil skapar du rollprofiler som skickas till kund. Du kan enkelt ändra innehåll, tända upp eller släcka ner information när du skapar profilen så att den blir träffsäker i kundmötet. Notera att du alltid går in i din grundprofil för att lägga till nya kompetenser och erfarenheter. Dessa fångas upp i de rollprofiler (säljande profiler) som skapats.\nAvsluta med att dela ut din grundprofil genom att klicka på kugghjulet i höger hörn och välja ”Mina inställningar” och därefter klicka på ”ändra” enligt bild nedan. Status ändras då till Utdelad. Detta ger din Chef behörighet till din grundprofil. När du uppdaterat, skapat en rollprofil och delat ut så meddela gärna din chef.  \nLängst ner på sidan ligger Hjälp och support. Där finns FAQ, e-post och chat för användarfrågor. \n",
      "url": "https://b3it.sharepoint.com/teams/B3Preboarding/SitePages/Cinode.aspx"
    },
    {
      "id": "dbf535b2-4533-45f3-bb6f-eeb86458c72c",
      "title": "Team B3: Storyn om hur man kan gå från soffliggare till zebra...",
      "description": "Löpning på onsdagar, simning på torsdagar och cross-fit på fredagar. Spontana cykelrundor och arrangerade skidläger, men också lugnare träningsformer som yoga. På B3 är wellness och hälsa en bärande del av företagskulturen. Träning finns på alla niv…",
      "created_by": "Anne Ek",
      "created_date": "2019-12-13T20:38:08",
      "last_modified_by": "",
      "last_modified_date": "2019-12-18T12:20:28",
      "content": "Löpning på onsdagar, simning på torsdagar och cross-fit på fredagar. Spontana cykelrundor och arrangerade skidläger, men också lugnare träningsformer som yoga. På B3 är wellness och hälsa en bärande del av företagskulturen. Träning finns på alla nivåer så att alla kan vara med, från nybörjare till elit. Vi tror på att träning och wellness skapar balans i livet och en skön, inkluderande företagskultur. \nFör att skapa en egen profil som sticker ut från de andra konsultbolagen valde B3 att göra en rejäl satsning på wellness, som startade redan 2010. Wellness-satsningen är idag en del av bolagets DNA och en framgångsrik strategi som genererar ett starkt engagemang hos medarbetarna. Wellness-andan finns överallt hos B3, på agendan vid konferenser, familjedagar eller till och med på kunddagar. Utifrån den ambitionen samarbetar vi gärna med duktiga kulturbärare, både internt och externt.  \nFokus ligger på aktiviteter och träningsformer som är öppna för alla och som medarbetarna själva brinner för. Utgångspunkten är att alla medarbetare ska kunna delta efter sin förmåga och att alla prestationer värderas lika högt oavsett om det handlar om att ändra en stillasittande livsstil, att gå från att vara soffliggare, eller att genomföra en IronMan. Det är den personliga utvecklingen och välmåendet som står i centrum. Och att vi skapar möjligheter tillsammans.\nFör oss är wellness ett strategiskt affärsbeslut. Vi vet att det finns ett tydligt samband mellan fysisk aktivitet och minskade sjukskrivningar, och till och med förbättrad hjärnkapacitet. Vi är övertygade om att människor som mår bra presterar bättre, och sprider mer energi, säger Tommy Sarenbrant, ansvarig för Employer Branding på B3 Consulting Group.\n\nSom ett steg i  jämställdhetsarbetet på B3 så fick leverantören Power Woman ta fram en egen kollektion av träningskläder med zebramönster som gett mycket hög synlighet i alla sammanhang där zebrorna deltagit, från IronMan till Vasaloppet. Idag finns dessutom wellness-ambassadörer på varje ort där B3 har verksamhet, så att visionen verkligen realiseras.\n \nSedan bolagets start 2003 har vi strävat efter att vara “en bra flock att tillhöra”. Nu har vi tagit det ett steg längre. Nu är vi en zebraflock.\n \n",
      "url": "https://b3it.sharepoint.com/teams/B3Preboarding/SitePages/Fr%C3%A5n-soffliggare-till-zebror.aspx"
    },
    {
      "id": "3ddf36e7-dfb6-4f8b-b0c5-3c67a4af8c9f",
      "title": "Startsida",
      "description": "Välkommen till B3 - vi längtar efter dig! Vi är väldigt glada att du ska börja jobba hos oss på B3. Du har redan nu tillgång till delar av vårt Intranät och delar av B3s Personalhandbok - och när du börjar får du tillgång till alla sidor. Här hittar…",
      "created_by": "Malinda Knudsen",
      "created_date": "2019-12-08T03:23:52",
      "last_modified_by": "",
      "last_modified_date": "2024-04-15T17:39:01",
      "content": "Välkommen till B3 - vi längtar efter dig!Vi är väldigt glada att du ska börja jobba hos oss på B3. Du har redan nu tillgång till delar av vårt Intranät och delar av B3s Personalhandbok - och när du börjar får du tillgång till alla sidor. Här hittar du information och inspiration om ditt framtida liv med oss på B3.Du hittar specifika detaljer som gäller för just ditt B3-bolag, kring tex. utrustning och pension & försäkringar, via länken längst ner på denna sida. \nDin onboarding och introduktionDetta är första delen i din introduktion. När du börjar får du en introduktionsplan med olika aktiviteter. Du kommer träffa kollegor, lära dig våra system, förstå vår verksamhet och våra kunder. Du kommer ha tid att läsa igenom hela Personalhandboken, våra Policys, rutiner och förstå hur vi jobbar med tex. hållbarhet, mångfald och arbetsmiljö. Du kommer delta på B3s introdag B3 Start (/teams/B3Start). Prata gärna redan nu med din närmaste ledare om datum och anmälan. B3 Start är en introduktionsdag för nya medarbetare som anordnas flera gånger per år, där vi presenterar B3-koncernen och du får möjlighet att träffa andra kollegor. Vi har även vår fotograf på plats så du kan ta en bild till din konsultprofil. \nNyfiken på B3 och vår verksamhet?Läs om B3s verksamhet på www.b3.se (https://www.b3.se/). Där hittar du information om våra kunder och spännande case (https://www.b3.se/case) samt möter några av dina blivande kollegor (https://www.b3.se/medarbetarintervjuer). Läs gärna vår Code of Conduct (https://www.b3.se/code-of-conduct) som ligger på webbsidan. Du kommer få den när du börjar tillsammans med andra viktiga policys som beskriver hur vi samarbetar och agerar med kollegor och kunder. Även Årsredovisningen innehåller mycket spännande information om B3, inte bara ekonomiska siffror.På B3 lägger vi mycket fokus på vår kultur, våra värderingar och hur vi skapar möjligheter tillsammans. Vi gillar dig och vi är glada att du valt att börja hos oss. På B3 är alla välkomna med sina erfarenheter, olikheter och sin energi.På B3 ska det vara härligt att gå till jobbet, vilket vi hoppas du känner när du tittar på vår film Balans i livet. \nNågra saker du kan förbereda, om du har tid och lustE-post: Eftersom du kommit in på denna sida, bör du vara igång med din e-post via de inloggningsuppgifter som har skickats till dig från Microsoft. Om du vill konfigurera din B3 adress till en e-postklient eller din mobiltelefon finns information om hur du kan göra det här (https://support.office.com/sv-se/article/konfigurera-office-program-och-e-post-p%c3%a5-en-mobil-enhet-7dabb6cb-0046-40b6-81fe-767e0b1f014f?ui=sv-SE&rs=sv-SE&ad=SE). Har du frågor kring konfigureringen eller behöver hjälp, kontaktar du: help@B3.se (mailto:help@B3.se). Du får gärna uppdatera din e-postsignatur. För att uppvisa enhetlig kommunikation ut mot vår omvärld använder vi samma signatur, med typsnitt Open Sans 11p, titta på signaturen i intromailet där du fick länken till denna sidan. Om du inte har rätt typsnitt kan du ladda ner det från Intranätet när du börjat.​​​​​​​Förmåner: Vi har bra rabatter och erbjudanden (/teams/Rabatterocherbjudanden) på B3. Det handlar om teknisk utrustning, hotell, resor, friskvård, sportkläder och mycket mera. Dessa rabatter gäller både privat och i jobbet - och du får gärna börja använda dem redan nu.B3 Academy: Vi tror på ständigt lärande inom B3. Alla kan utvecklas oavsett hur senior eller erfaren man är. B3 Academy (/teams/b3academy) genomför utbildningar och kurser med interna och externa föreläsare, för medarbetare och gärna tillsammans med våra kunder.  Vi har kompetensgrupper och konsultgrupper där vi utvecklas tillsammans. Din konsultprofil: På B3 kommer du jobba kontinuerligt med din konsultprofil för att vara aktuell för spännande uppdrag. Fundera över vad som utmärker dig genom din kompetens, erfarenhet och person - och hur du ska lyfta fram detta i din konsultprofil. På B3 använder vi ett system som heter Cinode (/teams/B3Preboarding/SitePages/Cinode.aspx). Prata med din närmaste ledare och andra konsultkollegor för att få bra tips. (Om du inte ska jobba som konsult behöver du så klart inte uppdatera någon konsultprofil i Cinode.)Sociala medier: Vi har olika kanaler och grupper på Instagram (https://www.instagram.com/b3_consulting/), Facebook  (https://www.facebook.com/B3consulting.est2003/)och LinkedIn (https://www.linkedin.com/company/b3it/). Vi har en dold Facebook-grupp för alla anställda, denna kommer man bara åt genom inbjudan. För att bli inbjuden redan nu, prata med en kollega på B3.Presentation till intranät: Vi presenterar gärna våra nya kollegor på vårt intranät. Skicka ett mail med en bild på dig själv och besvara följande frågor till marknad@b3.se (mailto:marknad@b3.se) så får vi alla chansen att lära känna dig lite bättre!Berätta kort och dig och din bakgrundVad kommer du göra på B3?Vad var det som lockade dig till B3?Något särskilt du ser fram emot i din nya roll?Vad tycker du om att göra på fritiden?Mer praktiskt: Varje vecka behöver du tidrapportera. Om du är nyfiken på hur detta görs, kan du redan nu läsa mer på sidan vi kallar Tuppen (/teams/Tuppen). Du kommer att få användarnamn och lösenord till systemen Maconomy/ iAccess skickat via mail närmare din första anställningsdag. Genom appen Deltek-Touch kan du hantera tidrapportering och utläggsredovisning via din mobil. När du har börjat jobba kan du fundera på om du behöver visitkort. Ska du jobba på Kungsbron 2 i Stockholm ska du beställa en nyckelbricka första dagen. Ska jobba på något av våra andra kontor kommer du få nycklar, koder eller brickor när du börjar.Vår Wellness-satsning: Du har säkert hört talas om Team B3 (/teams/TeamB3IT). Alla är välkomna att hänga i eget tempo och ambition. Olikheter är ett av våra värdeord, Energi också... Inom Team B3 samlar vi oss kring olika typer av aktiviteter som till exempel triathlon, löpträning, simträning, ridning, tennis, bowling, dans, föreläsningar yoga m.m. Inbjudningar skickas ut till alla när en aktivitet är på gång. Om du själv brinner får något och har tips på en aktivitet, mejla till team-b3@b3.se (mailto:team-b3@b3.se). Inbokade aktiviteter ligger i vår gemensamma företagskalender som du får tillgång till via Intranätet när du börjar. Här kan du läsa en artikel om vår satsning från soffliggare till zebra (/teams/B3Preboarding/SitePages/Fr%c3%a5n-soffliggare-till-zebror.aspx).\n Praktiska detaljer för ditt B3-bolagLäs mer om telefon, utrustning, pensioner m.m. genom att klicka på ditt B3-bolag.​​​​​​​​​​​​​​​​​​​B3 Business Transformation  (/teams/B3Preboarding/SitePages/praktiska%20detaljer%20bolag%20med%20ram.aspx)B3 Cloud Services (/teams/B3Preboarding/SitePages/praktiska%20detaljer%20bolag%20med%20ram.aspx)B3 CodeRight (/teams/B3Preboarding/SitePages/praktiska%20detaljer%20bolag%20med%20ram.aspx)B3 Commit (/teams/B3Preboarding/SitePages/praktiska%20detaljer%20bolag%20med%20ram.aspx)B3 Complete (/teams/B3Preboarding/SitePages/praktiska%20detaljer%20bolag%20med%20ram.aspx)​​​​​​​B3 Consulting Poland (/teams/B3Preboarding/SitePages/praktiska%20detaljer%20bolag%20med%20egen%20onboarding.aspx)B3 DBAce (/teams/B3Preboarding/SitePages/praktiska%20detaljer%20bolag%20med%20ram.aspx)B3 Digital Worklife (/teams/B3Preboarding/SitePages/praktiska%20detaljer%20bolag%20med%20ram.aspx)B3 Dynamics (/teams/B3Preboarding/SitePages/praktiska%20detaljer%20bolag%20med%20ram.aspx) B3 Financial Consulting (/teams/B3Preboarding/SitePages/praktiska%20detaljer%20bolag%20med%20ram.aspx)B3 Grit (/teams/B3Preboarding/SitePages/praktiska%20detaljer%20bolag%20med%20ram.aspx)B3 HealthTech (/teams/B3Preboarding/SitePages/praktiska%20detaljer%20som%20passar%20alla.aspx)B3 Healthcare Consulting (/teams/B3Preboarding/SitePages/praktiska%20detaljer%20bolag%20med%20ram.aspx)B3 Indes (/teams/B3Preboarding/SitePages/praktiska%20detaljer%20bolag%20med%20ram.aspx)B3 Init (/teams/B3Preboarding/SitePages/praktiska%20detaljer%20bolag%20med%20ram.aspx)B3 Innovation (/teams/B3Preboarding/SitePages/praktiska%20detaljer%20bolag%20med%20ram.aspx)B3 Kodify (/teams/B3Preboarding/SitePages/praktiska%20detaljer%20bolag%20med%20egen%20onboarding.aspx)B3 Mobile (/teams/B3Preboarding/SitePages/praktiska%20detaljer%20som%20passar%20alla.aspx)B3 Networks (/teams/B3Preboarding/SitePages/praktiska%20detaljer%20bolag%20med%20ram.aspx)B3 Reach Consulting (/teams/B3Preboarding/SitePages/praktiska%20detaljer%20bolag%20med%20egen%20onboarding.aspx)B3 Skilled (/teams/B3Preboarding/SitePages/praktiska%20detaljer%20bolag%20med%20egen%20onboarding.aspx)B3 Summit (/teams/B3Preboarding/SitePages/praktiska%20detaljer%20bolag%20med%20ram.aspx)B3 Upphandling (/teams/B3Preboarding/SitePages/praktiska%20detaljer%20Effekt.aspx)B3 Vibe (/teams/B3Preboarding/SitePages/praktiska%20detaljer%20Sundsvall.aspx)B3 Visab (/teams/B3Preboarding/SitePages/praktiska%20detaljer%20Visab.aspx)Rebel and Bird (/teams/B3Preboarding/SitePages/praktiska%20detaljer%20bolag%20med%20egen%20onboarding.aspx)B3 Consulting Group (/teams/B3Preboarding/SitePages/praktiska%20detaljer%20som%20passar%20alla.aspx) (Moderbolaget, huvudkontoret)\nFör dig som är Associerad Underkonsult  (/teams/B3Preboarding/SitePages/praktiska%20detaljer%20AKON.aspx)\n",
      "url": "https://b3it.sharepoint.com/teams/B3Preboarding/SitePages/Home.aspx"
    },
    {
      "id": "654ef0c0-6a76-44d9-8c3a-e9877629be04",
      "title": "Mina uppgifter",
      "description": "Från och med den 17e maj används inte nedan appar utan du registrerar alla dina uppgifter i vår medarbetarportal B3 People som du har åtkomst till från och med din första anställningsdag.",
      "created_by": "Sofia Dahlström",
      "created_date": "2019-12-13T20:38:08",
      "last_modified_by": "",
      "last_modified_date": "2021-06-01T12:52:35",
      "content": "Från och med den 17e maj används inte nedan appar utan du registrerar alla dina uppgifter i vår medarbetarportal B3 People (https://hr.aditro.com) som du har åtkomst till från och med din första anställningsdag.\n",
      "url": "https://b3it.sharepoint.com/teams/B3Preboarding/SitePages/Mina%20uppgifter.aspx"
    },
    {
      "id": "99c87434-e31d-4f88-a5e3-77dad8ffb9fa",
      "title": "Startsida",
      "description": "Praktisk info för dig som är Associerad Underkonsult på B3 Vissa praktiska detaljer är inte aktuella för dig som associerad underkonsult – dubbelkolla med din närmaste ledare om du blir osäker. B3 behöver din faktura i samma månad som du har jobbat,…",
      "created_by": "Anne Ek",
      "created_date": "2019-12-08T03:23:52",
      "last_modified_by": "",
      "last_modified_date": "2020-02-03T12:25:09",
      "content": "Praktisk info för dig som är Associerad Underkonsult på B3Vissa praktiska detaljer är inte aktuella för dig som associerad underkonsult – dubbelkolla med din närmaste ledare om du blir osäker. B3 behöver din faktura i samma månad som du har jobbat, dvs. fakturan ska vara utställd senast sista dagen i månaden och vara B3 tillhanda senast andra arbetsdagen i den nya månaden. Fakturan skickas till invoice@b3.se (mailto:invoice@b3.se) som PDF. Har du bilagor eller spec behöver allt ligga i samma PDF med själva fakturan som förstasida. Fakturaadress: FE 1277 Scancloud, 831 90 Östersund. För fakturafrågor maila ekonomi@b3.se (mailto:ekonomi@b3.se). Kul att ha dig här! Vi ses snart!\n",
      "url": "https://b3it.sharepoint.com/teams/B3Preboarding/SitePages/praktiska%20detaljer%20AKON.aspx"
    },
    {
      "id": "88e4f060-6931-49fa-9baa-bb33048b33b5",
      "title": "Startsida",
      "description": "Några praktiska detaljer för ditt B3-bolag Prata med din närmaste ledare om vad som gäller kring utrustning, pension och mobilabonnemang.",
      "created_by": "Anne Ek",
      "created_date": "2019-12-08T03:23:52",
      "last_modified_by": "",
      "last_modified_date": "2020-01-31T10:26:21",
      "content": "Några praktiska detaljer för ditt B3-bolagPrata med din närmaste ledare om vad som gäller kring utrustning, pension och mobilabonnemang. \n",
      "url": "https://b3it.sharepoint.com/teams/B3Preboarding/SitePages/praktiska%20detaljer%20bolag%20med%20egen%20onboarding.aspx"
    },
    {
      "id": "a5421a98-5016-4011-af6a-92ae337a6572",
      "title": "Startsida",
      "description": "Några praktiska detaljer för ditt B3-bolag Om du har frågor prata med din chef, ledare, fadder eller en kollega. Arbetsredskap B3 har inloggning hos Komplett, Dustin och Webhallen för köp av datorer och kringutrustning. Använd gärna något av dessa f…",
      "created_by": "Sofia Dahlström",
      "created_date": "2019-12-08T03:23:52",
      "last_modified_by": "",
      "last_modified_date": "2021-05-20T14:44:46",
      "content": "Några praktiska detaljer för ditt B3-bolagOm du har frågor prata med din chef, ledare, fadder eller en kollega. \nArbetsredskapB3 har inloggning hos Komplett, Dustin och Webhallen för köp av datorer och kringutrustning. Använd gärna något av dessa företagskonton för dina inköp, kontakta din närmaste ledare för inloggningsuppgifter. Du behöver inte köpa via ovannämnda utan kan gå till annan aktör på marknaden, stäm av med din närmaste ledare först och redovisa sedan köpet som utlägg. Större inköp över 2000kr exklusive moms ska göras via Inköpsappen (https://apps.powerapps.com/play/c5aeddd2-595f-45b4-976d-905c570f44ce?tenantId=b238764b-05b9-48a7-a2bd-55a357dee4ae). Pension & FörsäkringSom medarbetare på B3 omfattas du automatiskt av några grundförsäkringar som är tecknade via Max Matthiessen. TGL vilket är en tjänstegrupplivförsäkring, som ger ett engångsbelopp vid dödsfall.  TFA vilket är en trygghetsförsäkring som täcker arbetsskada, tecknad via FORA.Olycksfallsförsäkring som gäller både under arbetstid och fritid inom Norden, tecknad via If.Detta är dock inte tillräckligt och du behöver själv teckna pension, sjukförsäkring och ev. vårdförsäkring. För dig som ska välja egen pensions- och försäkringslösning har vi kontaktpersoner på tex. Max Matthiessen, Nordnet, Skandia, Avanza och Verdana. När du börjar kommer du kunna läsa mer om detta i Personalhandboken.Genom tex. Max Matthiessen får du kontakt med en rådgivare som jobbar specifikt med B3-medarbetare. Du kommer att bli kontaktad av dem i samband med din nyanställning med information om vad du har via B3 och med erbjudande om ett förutsättningslöst möte för rådgivning ang. ditt övriga försäkringsskydd. Via Max Matthiessens upphandlade ramavtal sätter du själv ihop hur ditt försäkringsskydd ska se ut, och du kan göra det till stor del utan individuella hälsodeklarationer. I ett antal av de försäkringar som erbjuds kan man även försäkra sina familjemedlemmar. Flera andra försäkringsmäklare erbjuder lösningar med rådgivning eller mer \"self-service\". Telefon & abonnemangVi samarbetar med ComCenter som assisterar B3s anställda med nyteckning och/eller överlåtelser av abonnemang. Du är varmt välkommen att ta kontakt med vår kontaktperson Robert. ComCenter samarbetar med de största operatörerna och kan via olika ramavtal ge dig som B3-anställd bra erbjudanden. Observera att du absolut inte måste teckna abonnemang eller köpa telefon via ComCenter, utan är fri att välja själv men notera då att godkända abonnemangsformer endast är företagsabonnemang. Vår kontaktperson nås via 08-692 43 01, robert@comcenter.nu (mailto:robert@comcenter.nu), https://www.comcenter.nu/ (https://www.comcenter.nu/). Välkommen till B3!\n",
      "url": "https://b3it.sharepoint.com/teams/B3Preboarding/SitePages/praktiska%20detaljer%20bolag%20med%20ram.aspx"
    },
    {
      "id": "bd40dcd4-84aa-449f-bb41-24e3df4bde1e",
      "title": "Startsida",
      "description": "Några praktiska detaljer Om du har frågor kring de praktiska detaljerna, prata med din chef, ledare eller en kollega. Arbetsredskap Om du avtalat om fast lönemodell tillhandahåller B3 en PC och den kommer att konfigureras och lämnas över till dig i …",
      "created_by": "Sofia Dahlström",
      "created_date": "2019-12-08T03:23:52",
      "last_modified_by": "",
      "last_modified_date": "2021-05-07T13:39:59",
      "content": "Några praktiska detaljerOm du har frågor kring de praktiska detaljerna, prata med din chef, ledare eller en kollega. \nArbetsredskapOm du avtalat om fast lönemodell tillhandahåller B3 en PC och den kommer att konfigureras och lämnas över till dig i stort sett färdig att använda. Du kommer att bli kontaktad av C Göran Norlén (goran.norlen@b3.se, 0733-210 510) angående detta. Om du önskar tillägg utöver standardmodell, stäm av med din chef först och läs mer under inköp nedan.Om du har avtalat om ram-modell läs mer under inköp nedan. Har du andra önskemål så stäm av detta med din närmaste ledare.InköpStörre inköp över 2000kr exklusive moms ska göras via Inköpsappen (https://apps.powerapps.com/play/c5aeddd2-595f-45b4-976d-905c570f44ce?tenantId=b238764b-05b9-48a7-a2bd-55a357dee4ae). Prata med din chef om du behöver hjälp.B3 har specifika företagskonton och inloggning hos Komplett, Dustin, Digital Inn och Webhallen för köp av datorer (/teams/Rabatterocherbjudanden/SitePages/Elektronik.aspx) och kringutrustning. Kontakta din närmaste chef för inloggningsuppgifter. Notera! Det är viktigt att du vid beställning ser till att B3 står som beställare på fakturan och att leveransadressen är Kungsbron 2. Dessutom anger du ditt namn samt din affärsenhet som referens.Telefon & abonnemangOm du avtalat om fast lönemodell, så tillhandahåller B3 en fabriksinställd mobiltelefon som du själv får hantera och anpassa.B3 har ComCenter som samarbetspartner som kan assistera och ge service till B3s anställda när det kommer till nyteckning och/eller överlåtelser av abonnemang. ComCenter samarbetar med de största operatörerna och kan via olika ramavtal ge dig som B3-anställd bra erbjudanden. Om du vill ha hjälp via dem så kontaktar du vår kontaktperson Robert via 08-692 43 01, robert@comcenter.nu (mailto:robert@comcenter.nu), https://www.comcenter.nu/ (https://www.comcenter.nu/). Andra alternativa inköpsställen kan diskuteras med närmaste chef. Notera då att godkända abonnemangsformer endast är företagsabonnemang samt att avbetalning av telefon inte är tillåtet. Dessa ska betalas med ett engångsbelopp.Pension & FörsäkringSom medarbetare omfattas du automatiskt av några grundförsäkringar som är tecknade via Max Matthiessen.TGL vilket är en tjänstegrupplivförsäkring, som ger ett engångsbelopp vid dödsfall.  TFA vilket är en trygghetsförsäkring som täcker arbetsskada, tecknad via FORA.Olycksfallsförsäkring som gäller både under arbetstid och fritid inom Norden, tecknad via If.Alla medarbetare på B3 omfattas även av en tjänstereseförsäkring via If.Om du avtalat om fast lönemodell, så inkluderar detta även sjukförsäkring och möjlighet till sjukvårdsförsäkring. Den senare är frivillig eftersom den förmånsbeskattas, men vi rekommenderar att man tecknar den.När det gäller tjänstepension väljer du själv hur inbetalt belopp skall placeras. Om du har avtalat om ram-modell behöver du själv teckna pension, sjukförsäkring och ev. vårdförsäkring. Vi rekommenderar att du väljer Max Matthiessen. Andra val godkänns också men ger en större administration för dig själv. En del erbjuder lösningar med rådgivning och en del med mer ”self-service”. Du sätter själv ihop hur ditt försäkringsskydd ska se ut. I ett antal av de försäkringar som erbjuds kan man även försäkra sina familjemedlemmar. När du börjar kommer du kunna läsa mer om detta i Personalhandboken.I samband med din nyanställning blir du kontaktad av B3s rådgivare på Max Matthiessen för en kostnadsfri rådgivning kring hela ditt försäkringsskydd. Välkommen till B3!\n",
      "url": "https://b3it.sharepoint.com/teams/B3Preboarding/SitePages/praktiska%20detaljer%20Effekt.aspx"
    },
    {
      "id": "b860a684-2d09-4161-96d7-03862c681832",
      "title": "Startsida",
      "description": "Några praktiska detaljer för ditt B3-bolag Om du har frågor prata med din chef, ledare, fadder eller en kollega. I vissa av B3-bolagen finns färdiga lösningar, medan det i andra B3-bolag är mer för dig att välja själv tex. kring utrustning, pension …",
      "created_by": "Sofia Dahlström",
      "created_date": "2019-12-08T03:23:52",
      "last_modified_by": "",
      "last_modified_date": "2021-07-05T13:28:42",
      "content": "Några praktiska detaljer för ditt B3-bolagOm du har frågor prata med din chef, ledare, fadder eller en kollega. I vissa av B3-bolagen finns färdiga lösningar, medan det i andra B3-bolag är mer för dig att välja själv tex. kring utrustning, pension och mobilabonnemang. \n​​​​​​​Arbetsredskap: ​​​​​​​När det gäller beställning av jobb-dator, ta kontakt med din närmaste ledare först så detta görs på rätt sätt, och kanske är du anställd i ett bolag där du får en arbetsdator första dagen. B3 har inloggning hos Komplett, Dustin och Webhallen för köp av datorer (/teams/Rabatterocherbjudanden/SitePages/Elektronik.aspx) och kringutrustning. Använd gärna något av dessa företagskonton för dina inköp, kontakta din närmaste ledare för inloggningsuppgifter. Men du behöver inte köpa via ovannämnda utan kan gå till annan aktör på marknaden. Stäm av med din närmaste ledare först och redovisa sedan köpet som utlägg. Större inköp ska göras via Inköpsappen som du får tillgång till via Intranätet när du börjar. Pension & Försäkring:Som medarbetare på B3 omfattas du automatiskt av några grundförsäkringar som är tecknade via Max Matthiessen.TGL vilket är en tjänstegrupplivförsäkring, som ger ett engångsbelopp vid dödsfall.  TFA vilket är en trygghetsförsäkring som täcker arbetsskada, tecknad via FORA.Olycksfallsförsäkring som gäller både under arbetstid och fritid inom Norden, tecknad via If.Detta är dock inte tillräckligt och du behöver själv teckna pension, sjukförsäkring och ev. vårdförsäkring. För dig som ska välja egen pensions- och försäkringslösning har vi kontaktpersoner hos bl.a. Max Matthiessen. När du börjar kommer du att kunna läsa mer om detta i Personalhandboken.Genom Max Matthiessen får du kontakt med en rådgivare som jobbar specifikt med B3-medarbetare. Du kommer att bli kontaktad av dem i samband med din nyanställning med erbjudande om ett förutsättningslöst möte för rådgivning gällande pension och försäkring. Via Max Matthiessens upphandlade ramavtal sätter du själv ihop hur ditt försäkringsskydd ska se ut, och du kan göra det till stor del utan individuella hälsodeklarationer. I ett antal av de försäkringar som erbjuds kan man även försäkra sina familjemedlemmar. Flera andra försäkringsmäklare erbjuder lösningar med rådgivning eller mer \"self-service\". Telefon & abonnemang: ​​​​​​​I flera av B3-bolagen kommer du bli kontaktad av ComCenter som assisterar B3s anställda med nyteckning och/eller överlåtelser av abonnemang. ComCenter samarbetar med de största operatörerna och kan via olika ramavtal ge dig som B3-anställd bra erbjudanden. Observera att du absolut inte måste teckna abonnemang eller köpa telefon via ComCenter, utan är fri att välja själv. Notera då att godkända abonnemangsformer endast är företagsabonnemang. Vår kontaktperson nås via 08-692 43 01, robert@comcenter.nu (mailto:robert@comcenter.nu), https://www.comcenter.nu/ (https://www.comcenter.nu/). Vissa B3-bolag har egna samarbetspartners kring telefoni. I vissa B3-bolag får du en telefon första dagen på jobbet. Dubbelkolla gärna med din närmaste ledare vad som gäller för ditt B3-bolag.Valfrihet i all ära, men jag vill ta den enkla vägenJag behöver fixa en ny telefon eller skriva över mitt telefonnummer - Kontakta Robert på ComCenter så hjälper han dig. Vår kontaktperson nås via 08-692 43 01, robert@comcenter.nu (mailto:robert@comcenter.nu), https://www.comcenter.nu/ (https://www.comcenter.nu/).Jag behöver hjälp att sätta upp min pension och försäkringar - Boka in ett möte med Max Matthiesen för handledning. ​Max Matthiessen​ (http://www.maxm.se/): Linda Lingman, ansvarig administration. 08-613 0320,  linda.lingman@maxm.se (mailto:linda.lingman@maxm.se); Per Eriksson, ansvarig rådgivare, 070-867 34 34, per.eriksson@maxm.se (mailto:/per.eriksson@maxm.se)  Jag behöver köpa en dator/arbetsmaterial - B3 har avtal med Dustin, Webbhallen m.fl. där du kan logga in och beställa direkt i deras portal. Du kan även inhandla din dator/arbetsmaterial på valfri plats. Men se till att det står B3 Consulting Group på kvittot och att komma överens med din närmaste chef om pris. \n",
      "url": "https://b3it.sharepoint.com/teams/B3Preboarding/SitePages/praktiska%20detaljer%20som%20passar%20alla.aspx"
    },
    {
      "id": "9332f936-aebd-4f87-8e5e-ecf20d091fc3",
      "title": "Startsida",
      "description": "Några praktiska detaljer för B3 Sundsvall Om du har frågor kring de praktiska detaljerna, prata med din chef, ledare, fadder eller en kollega. Arbetsredskap B3 har inloggning hos Komplett, Dustin och Webhallen för köp av datorer och kringutrustning.…",
      "created_by": "Anne Ek",
      "created_date": "2019-12-08T03:23:52",
      "last_modified_by": "",
      "last_modified_date": "2020-01-22T20:28:55",
      "content": "Några praktiska detaljer för B3 Sundsvall\nOm du har frågor kring de praktiska detaljerna, prata med din chef, ledare, fadder eller en kollega. \nArbetsredskap\nB3 har inloggning hos Komplett, Dustin och Webhallen för köp av datorer (/teams/Rabatterocherbjudanden/SitePages/Elektronik.aspx) och kringutrustning. Använd gärna något av dessa företagskonton för dina inköp, kontakta din närmaste chef för inloggningsuppgifter. Men du behöver inte köpa via ovannämnda utan kan gå till annan aktör på marknaden, stäm av med din chef först och redovisa sedan köpet som utlägg. Större inköp ska göras via Inköpsappen som du får tillgång till via Intranätet när du börjar. \nPension & Försäkring\nSom medarbetare på B3 omfattas du automatiskt av några grundförsäkringar som är tecknade via Max Matthiessen. Detta är dock inte tillräckligt och du behöver sedan själv teckna pension, sjukförsäkring och ev. vårdförsäkring. \n\nTGL vilket är en tjänstegrupplivförsäkring, som ger ett engångsbelopp vid dödsfall.  \nTFA vilket är en trygghetsförsäkring som täcker arbetsskada, tecknad via FORA.\nOlycksfallsförsäkring som gäller både under arbetstid och fritid inom Norden, tecknad via If.\n\nFör dig som ska välja egen pensions- och försäkringslösning har vi kontaktpersoner på tex. Max Matthiessen, Nordnet, Skandia, Avanza och Verdana. Prata med din chef om du vill ha mer information redan nu. När du börjar kommer du kunna läsa mer om detta i Personalhandboken.\nGenom tex. Max Matthiessen får du kontakt med en rådgivare som jobbar specifikt med B3-medarbetare. Du kommer att bli kontaktad av dem i samband med din nyanställning med information om vad du har via B3 och med erbjudande om ett förutsättningslöst möte för rådgivning ang. ditt övriga försäkringsskydd. Via Max Matthiessens upphandlade ramavtal sätter du själv ihop hur ditt försäkringsskydd ska se ut, och du kan göra det till stor del utan individuella hälsodeklarationer. I ett antal av de försäkringar som erbjuds kan man även försäkra sina familjemedlemmar. Vissa av de andra försäkringsmäklarna erbjuder lösningar som är mer \"self-service\". \nTelefon & abonnemang\nDu kommer du bli kontaktad av ComCenter som assisterar B3s anställda med nyteckning och/eller överlåtelser av abonnemang. ComCenter samarbetar med de största operatörerna och kan via olika ramavtal ge dig som B3-anställd bra erbjudanden. Observera att du absolut inte måste teckna abonnemang eller köpa telefon via ComCenter, utan är fri att välja själv men notera då att godkända abonnemangsformer endast är företagsabonnemang. Vår kontaktperson nås via 08-692 43 01, robert@comcenter.nu (mailto:robert@comcenter.nu), https://www.comcenter.nu/ (https://www.comcenter.nu/). \nB3 Sundsvall samarbetar också med Telias butik på Storgatan 25. De kan också ordna med nyteckning eller överlåtelse av ditt abonnemang. Vid köp av telefon kan du antingen vända dig till Telias butik, till Grafit (Apple) på Torggatan 6 eller beställa via dustin.se eller komplett.se\n \nVälkommen till B3 Sundsvall!\n",
      "url": "https://b3it.sharepoint.com/teams/B3Preboarding/SitePages/praktiska%20detaljer%20Sundsvall.aspx"
    },
    {
      "id": "563e7bf7-0052-4eb4-963d-44c3570255b8",
      "title": "Startsida",
      "description": "Några praktiska detaljer för Visab Om du har frågor kring de praktiska detaljerna så hör av dig till oss på Visab. Konsultdator Visab tillhandahåller en bra konsultdator inför din start. Vi hörs ett tag innan du börjar så att datorn är på plats till…",
      "created_by": "Anne Ek",
      "created_date": "2019-12-08T03:23:52",
      "last_modified_by": "",
      "last_modified_date": "2020-01-23T14:50:58",
      "content": "Några praktiska detaljer för Visab\nOm du har frågor kring de praktiska detaljerna så hör av dig till oss på Visab. \nKonsultdator\nVisab tillhandahåller en bra konsultdator inför din start. Vi hörs ett tag innan du börjar så att datorn är på plats till din första arbetsdag. Vi har några Windows- och Mac-modeller som du kan välja mellan.\nPension & Försäkring\nSom medarbetare på B3 omfattas du automatiskt av några grundförsäkringar som är tecknade via Max Matthiessen.\n\nTGL vilket är en tjänstegrupplivförsäkring, som ger ett engångsbelopp vid dödsfall.  \nTFA vilket är en trygghetsförsäkring som täcker arbetsskada, tecknad via FORA.\nOlycksfallsförsäkring som gäller både under arbetstid och fritid inom Norden, tecknad via If.\n\nPå Visab är det också obligatoriskt med tjänstepension, sjukförsäkring och sjukvårdsförsäkring. Du kan läsa mer om detta i Visabs försäkringspolicy.\nGenom Max Matthiessen får du kontakt med en rådgivare som jobbar specifikt med B3-medarbetare. Via Max Matthiessens upphandlade ramavtal sätter du själv ihop hur ditt försäkringsskydd ska se ut, och du kan göra det till stor del utan individuella hälsodeklarationer. I ett antal av de försäkringar som erbjuds kan man även försäkra sina familjemedlemmar. \nTelefon & abonnemang\nDu kommer du bli kontaktad av ComCenter som assisterar B3s anställda med nyteckning och/eller överlåtelser av abonnemang. ComCenter samarbetar med de största operatörerna och kan via olika ramavtal ge dig som B3-anställd bra erbjudanden. Observera att du absolut inte måste teckna abonnemang eller köpa telefon via ComCenter, utan är fri att välja själv men notera då att godkända abonnemangsformer endast är företagsabonnemang. Vår kontaktperson nås via 08-692 43 01, robert@comcenter.nu (mailto:robert@comcenter.nu), https://www.comcenter.nu/ (https://www.comcenter.nu/). \n \nVälkommen till B3 Visab!\n",
      "url": "https://b3it.sharepoint.com/teams/B3Preboarding/SitePages/praktiska%20detaljer%20Visab.aspx"
    }
  ]
}