{
  "name": "B3 Referenser",
  "description": "B3:s samlade åtagande-referenser",
  "url": "https://b3it.sharepoint.com/teams/B3Referenser",
  "pages": [
    {
      "id": "76cbb279-2250-41a1-b991-75b05ee026e3",
      "title": "Startsida",
      "description": "",
      "created_by": "Systemkonto",
      "created_date": "2019-01-26T09:35:26",
      "last_modified_by": "",
      "last_modified_date": "2019-01-26T09:35:26",
      "content": "",
      "url": "https://b3it.sharepoint.com/teams/B3Referenser/SitePages/Home.aspx"
    },
    {
      "id": "5a174d4d-62da-4f6b-838a-ddbca6138e22",
      "title": "Referenser",
      "description": "",
      "created_by": "Mathieu Bergounioux",
      "created_date": "2021-06-09T09:18:16",
      "last_modified_by": "",
      "last_modified_date": "2021-07-01T12:30:20",
      "content": "",
      "url": "https://b3it.sharepoint.com/teams/B3Referenser/SitePages/Referenser.aspx"
    },
    {
      "id": "3c7c8101-9a46-4d5c-839f-1d0ff5fe62ec",
      "title": "Söktest",
      "description": "",
      "created_by": "Johan Löfblad",
      "created_date": "2019-11-21T13:38:42",
      "last_modified_by": "",
      "last_modified_date": "2020-02-03T12:55:17",
      "content": "",
      "url": "https://b3it.sharepoint.com/teams/B3Referenser/SitePages/S%C3%B6ktest.aspx"
    },
    {
      "id": "a48bc549-a517-4140-9504-404876e4f6c8",
      "title": "Söktest",
      "description": "",
      "created_by": "Christer Gustafsson",
      "created_date": "2019-11-21T13:38:42",
      "last_modified_by": "",
      "last_modified_date": "2019-11-22T13:33:55",
      "content": "\n",
      "url": "https://b3it.sharepoint.com/teams/B3Referenser/SitePages/S%C3%B6ktest1.aspx"
    }
  ]
}