{
  "name": "B3 Reach Consulting",
  "description": "B3 Reach Consulting",
  "url": "https://b3it.sharepoint.com/teams/B3ReachConsulting402",
  "pages": [
    {
      "id": "2de52cc8-a38e-4ec6-8ae3-512456a36ee7",
      "title": "Startsida",
      "description": "",
      "created_by": "Systemkonto",
      "created_date": "2022-02-13T00:33:37",
      "last_modified_by": "",
      "last_modified_date": "2022-02-13T00:33:37",
      "content": "",
      "url": "https://b3it.sharepoint.com/teams/B3ReachConsulting402/SitePages/Home.aspx"
    }
  ]
}