{
  "name": "B3 Secure - kompetensnätverk",
  "description": "B3 Secure - Kompetensnätverk",
  "url": "https://b3it.sharepoint.com/teams/B3Secure",
  "pages": [
    {
      "id": "71fe0ec1-77b7-41ad-a770-c5728c2606f8",
      "title": "Startsida",
      "description": "",
      "created_by": "Gunnar Hamber",
      "created_date": "2021-04-04T01:11:50",
      "last_modified_by": "",
      "last_modified_date": "2022-01-25T19:56:45",
      "content": "",
      "url": "https://b3it.sharepoint.com/teams/B3Secure/SitePages/Home.aspx"
    }
  ]
}