{
  "name": "B3 Testnätverk",
  "description": "Koppla ihop konsulter i organisationer kring frågor som rör test, testedning och testautomatisering och allt annat som rör testrollen!",
  "url": "https://b3it.sharepoint.com/teams/B3Testntverk",
  "pages": [
    {
      "id": "5dac9a8d-2761-4a82-8cfe-f741afa08906",
      "title": "Home",
      "description": "",
      "created_by": "Systemkonto",
      "created_date": "2024-03-03T01:11:45",
      "last_modified_by": "",
      "last_modified_date": "2024-03-03T01:11:45",
      "content": "",
      "url": "https://b3it.sharepoint.com/teams/B3Testntverk/SitePages/Home.aspx"
    }
  ]
}