{
  "name": "B3 Upphandling",
  "description": "B3 Upphandling",
  "url": "https://b3it.sharepoint.com/teams/b3upphandling",
  "pages": [
    {
      "id": "1a3c05df-a35d-4c7e-a68b-7fe04eaa4298",
      "title": "Startsida",
      "description": "",
      "created_by": "Systemkonto",
      "created_date": "2017-10-06T10:53:36",
      "last_modified_by": "",
      "last_modified_date": "2017-10-06T10:53:36",
      "content": "",
      "url": "https://b3it.sharepoint.com/teams/b3upphandling/SitePages/Home.aspx"
    }
  ]
}