{
  "name": "B3Cloud",
  "description": "Samling för B3Cloud",
  "url": "https://b3it.sharepoint.com/teams/Tjnstekatalog",
  "pages": [
    {
      "id": "bc2158b5-49a3-481e-b8d6-e648839dd250",
      "title": "Startsida",
      "description": "",
      "created_by": "Systemkonto",
      "created_date": "2018-09-08T12:02:55",
      "last_modified_by": "",
      "last_modified_date": "2018-09-08T12:02:55",
      "content": "",
      "url": "https://b3it.sharepoint.com/teams/Tjnstekatalog/SitePages/Home.aspx"
    }
  ]
}