{
  "name": "B3CSR",
  "description": "Delta i vårt CSR arbete genom att gilla allt du läser, kommentera och dela gärna erfarenheter som inspirerar! Taket är högt men inga dumheter.",
  "url": "https://b3it.sharepoint.com/teams/b3csr",
  "pages": [
    {
      "id": "eee6d48b-7f4a-4e26-8776-ee0c5dd75ef8",
      "title": "Home",
      "description": "",
      "created_by": "Systemkonto",
      "created_date": "2024-01-14T00:35:57",
      "last_modified_by": "",
      "last_modified_date": "2024-01-14T00:35:57",
      "content": "",
      "url": "https://b3it.sharepoint.com/teams/b3csr/SitePages/Home.aspx"
    }
  ]
}