{
  "name": "B3FC Innovation Hub",
  "description": "Team för B3FC's Innovation Hub där du hittar länkar och information om våra projekt.",
  "url": "https://b3it.sharepoint.com/teams/B3FCInnovationHub",
  "pages": [
    {
      "id": "c0450613-bfec-45c6-92cb-a50ea161b33e",
      "title": "Home",
      "description": "",
      "created_by": "Systemkonto",
      "created_date": "2024-03-16T23:44:24",
      "last_modified_by": "",
      "last_modified_date": "2024-03-16T23:44:24",
      "content": "",
      "url": "https://b3it.sharepoint.com/teams/B3FCInnovationHub/SitePages/Home.aspx"
    }
  ]
}