{
  "name": "B3Gaming",
  "description": "För oss som tycker detta med spel på skärm är något alldeles förträffligt. Inga flamewars eller religiösa påhopp. Gaming is a way of life. :)",
  "url": "https://b3it.sharepoint.com/teams/b3gaming243",
  "pages": [
    {
      "id": "eee6d48b-7f4a-4e26-8776-ee0c5dd75ef8",
      "title": "Home",
      "description": "",
      "created_by": "Systemkonto",
      "created_date": "2024-01-14T00:35:57",
      "last_modified_by": "",
      "last_modified_date": "2024-01-14T00:35:57",
      "content": "",
      "url": "https://b3it.sharepoint.com/teams/b3gaming243/SitePages/Home.aspx"
    }
  ]
}