{
  "name": "B3Podden",
  "description": "B3Podden är till för B3 anställda att få lite information, nyheter och lära känna andra lite bättre. Som ett nyhetsprogram.",
  "url": "https://b3it.sharepoint.com/teams/B3Podden",
  "pages": [
    {
      "id": "c5212f63-acff-43a1-9922-03f3b1379336",
      "title": "S01E02 Sentensia",
      "description": "B3Podden avsnitt två är äntligen här! Tommy är peppad inför Ironman, Jannica pratar om sin högstadielärare och Patrik försöker låta bli att säga \"underbart\" så många gånger. Och vi gästas av Jörgen Samuelsson på B3 Sentensia. Missa inte! Länk till a…",
      "created_by": "Jannica Niklasson",
      "created_date": "2017-08-14T09:05:50",
      "last_modified_by": "",
      "last_modified_date": "2017-09-12T08:51:36",
      "content": "B3Podden avsnitt två är äntligen här! Tommy är peppad inför Ironman, Jannica pratar om sin högstadielärare och Patrik försöker låta bli att säga \"underbart\" så många gånger. Och vi gästas av Jörgen Samuelsson på B3 Sentensia. Missa inte!\nLänk till avsnittet  (https://b3it-my.sharepoint.com/personal/tommy_sarenbrant_b3it_se/_layouts/15/guestaccess.aspx?docid=11db45131431649209b2a807446aaa600&authkey=Ab9HzMon13plYJnFhVjpRw4&e=4:04df49c0bf3e4d4d85446bccfd168d80)\n",
      "url": "https://b3it.sharepoint.com/teams/B3Podden/SitePages/Andra%20avsnittet.aspx"
    },
    {
      "id": "0c8afa64-41c7-4d18-ab04-a5cb7d2dbfe9",
      "title": "Feedback - ja, tack!",
      "description": "Vi har, som många andra, en hat-kärlek till feedback men mer kärlek än hat. Vi vill gärna ha er feedback på B3 Podden och gärna via sociala medier som Facebook, Yammer, Slack eller vad ni väljer att använda. Använd taggen #B3Podden så kommer vi alla…",
      "created_by": "Jannica Niklasson",
      "created_date": "2017-08-24T14:58:49",
      "last_modified_by": "",
      "last_modified_date": "2017-10-06T15:17:08",
      "content": "Vi har, som många andra, en hat-kärlek till feedback men mer kärlek än hat. Vi vill gärna ha er feedback på B3 Podden och gärna via sociala medier som Facebook, Yammer, Slack eller vad ni väljer att använda. Använd taggen #B3Podden så kommer vi alla att få den. \nVi vill ha tips på saker som du vill att vi ska ta upp, tips på gäster (man får anmäla sig själv) och högt och lågt. Det går såklart att använda 80-tals tekonologi (e-mail) eller telefon till vem som helst av oss som är programledare eller co-programledare. \n",
      "url": "https://b3it.sharepoint.com/teams/B3Podden/SitePages/Feedback%20-%20ja,%20tack!.aspx"
    },
    {
      "id": "2ae9ed9f-179a-4ab6-9410-b87f204c68d4",
      "title": "S01E01 Piloten",
      "description": "Ingen kommer ihåg en fegis, så vi körde på. Vi hade en tanke om att nå ut till alla anställda i hela koncernen på ett bättre sätt för att sprida information, nyheter och skapa en härlig företagskultur. Som alltid i all start up verksamhet så startar…",
      "created_by": "Patrik Rosenback Fromell",
      "created_date": "2017-08-14T07:30:35",
      "last_modified_by": "",
      "last_modified_date": "2017-08-24T15:20:01",
      "content": "Ingen kommer ihåg en fegis, så vi körde på. Vi hade en tanke om att nå ut till alla anställda i hela koncernen på ett bättre sätt för att sprida information, nyheter och skapa en härlig företagskultur.\nSom alltid i all start up verksamhet så startar man med knappa resurser. Vi är alla upptagna men vi tog oss tid och från ax till limpa tog det totalt 3 timmar. Förberedelse, genomförande och redigering. \nI första avsnittet får du en liten introduktion och får lära känna oss som håller i podden lite bättre. Du får veta vem som går med dammvippan på kontoret, vem av oss som sover på soffan på sin bröllopsdag och vem som lyssnar på polka. Och självklart mycket matnyttig information om vad som händer på bolaget!\n\nFramöver kommer vi att bjuda in gäster och utveckla formatet!\nLänk till avsnittet (/teams/B3Podden/_layouts/15/guestaccess.aspx?guestaccesstoken=2D2u/Inb5/4h%2b/ezDbS5i8eqSHyXfiPgPMyJYtEi7Oc%3d&docid=2_1a0a58069d0d54b6499263fc0d47f8d49&rev=1)\n",
      "url": "https://b3it.sharepoint.com/teams/B3Podden/SitePages/F%C3%B6rsta%20avsnittet.aspx"
    },
    {
      "id": "a3e5722a-ff1f-49bf-81bc-6b6a94c7b1a5",
      "title": "Startsida",
      "description": "",
      "created_by": "Jannica Niklasson",
      "created_date": "2017-08-10T09:44:33",
      "last_modified_by": "",
      "last_modified_date": "2017-08-24T15:39:32",
      "content": "",
      "url": "https://b3it.sharepoint.com/teams/B3Podden/SitePages/Home.aspx"
    },
    {
      "id": "6c7dc72b-95d4-4579-9b75-b912e3872323",
      "title": "S01E03 IronMan",
      "description": "Avsnitt nummer tre har äntligen släppts! Den här gången blir det ett långt avsnitt med mycket fokus på IronMan som gick av stapeln i helgen. Tråkigt, kanske någon tycker, men det blir även snack med veckans gäst Göran Andersson om poker, Othello och…",
      "created_by": "Jannica Niklasson",
      "created_date": "2017-08-24T13:11:54",
      "last_modified_by": "",
      "last_modified_date": "2017-08-24T16:04:39",
      "content": "Avsnitt nummer tre har äntligen släppts! Den här gången blir det ett långt avsnitt med mycket fokus på IronMan som gick av stapeln i helgen. Tråkigt, kanske någon tycker, men det blir även snack med veckans gäst Göran Andersson om poker, Othello och hur B3IT ser ut idag jämfört med 2011. Och missa absolut inte Tommys otroligt emotionella, ödmjuka och vackra race report från helgens lopp!\nLänk till avsnittet (/teams/B3Podden/Delade%20dokument/Avsnitt/B3%20Podden%20S01E03%20-%20Ironman.mp3)\nSe Patrik bli spöad av Göran i Othello!\n",
      "url": "https://b3it.sharepoint.com/teams/B3Podden/SitePages/S01E03%20IronMan.aspx"
    },
    {
      "id": "55294ed8-e74f-4eb2-a318-8fc5d8504168",
      "title": "S01E04 - Kattbilder",
      "description": "Avsnitt nummer fyra av den eminenta B3Podden är äntligen här! Vi gästas av Pia Langenkrans och pratar bland annat om barnuppfostran, B3IT Academy och kattbilder. Ett riktigt trevligt avsnitt tycker vi! Vi har ny inspelningsutrustning men tyvärr har …",
      "created_by": "Jannica Niklasson",
      "created_date": "2017-09-12T08:31:23",
      "last_modified_by": "",
      "last_modified_date": "2017-09-12T08:39:59",
      "content": "Avsnitt nummer fyra av den eminenta B3Podden är äntligen här! Vi gästas av Pia Langenkrans och pratar bland annat om barnuppfostran, B3IT Academy och kattbilder. Ett riktigt trevligt avsnitt tycker vi!\nVi har ny inspelningsutrustning men tyvärr har vi lite svårigheter med ljudnivån. Ha tålamod, nästa gång ser vi till att det blir bättre. \nLänk till avsnittet (/teams/B3Podden/_layouts/15/guestaccess.aspx?guestaccesstoken=TITZRDzgQsvQgtw%2bwbDAmGJN3TNr929BUpjfgpB8vcU%3d&docid=2_1bc45c5e70ed74146ad85aa60978b705c&rev=1)\n",
      "url": "https://b3it.sharepoint.com/teams/B3Podden/SitePages/S01E04%20-%20Kattbilder.aspx"
    },
    {
      "id": "64fd8ec4-328c-4066-ad73-18a95074a8e7",
      "title": "S01E05 Vi är Örebroare",
      "description": "Avsnitt fem av den eminenta podden finns ute nu! Och hörni, ljudet är (nästintill) fantastiskt! Vi besöker Örebro och får höra om teamleveranser, kaffeknappen och hur det är att vara tillbaka efter en föräldraledighet. Självklart även mer (eller min…",
      "created_by": "Jannica Niklasson",
      "created_date": "2017-09-21T08:14:28",
      "last_modified_by": "",
      "last_modified_date": "2017-09-21T08:47:07",
      "content": "Avsnitt fem av den eminenta podden finns ute nu! Och hörni, ljudet är (nästintill) fantastiskt!\nVi besöker Örebro och får höra om teamleveranser, kaffeknappen och hur det är att vara tillbaka efter en föräldraledighet. Självklart även mer (eller mindre) seriöst surr om allt som pågår, inte pågår och borde pågå på bolaget. \nAvsnittet är ca 35 minuter långt. Är du mer intresserad av en viss del i avsnittet, är det här tiderna:\nIntervju med Örebro: 02.28\nB3Eko 15.45\nUnder Pressure 26.48\nTeam B3IT nyheter 29.26\nOlofs önskelåt 34.40\n \nLänk till avsnittet (/teams/B3Podden/_layouts/15/guestaccess.aspx?guestaccesstoken=kElpZNw6vbgK24I6iqVM5rNWRYdibi6Au820M/jw1HM%3d&docid=2_1934c0d3d046a4c6b970fcacec7d80610&rev=1)\nNYHET!\nSvara på Quizen nedan och var med och tävla!\n",
      "url": "https://b3it.sharepoint.com/teams/B3Podden/SitePages/S01E05%20Vi%20%C3%A4r%20%C3%96rebroare.aspx"
    },
    {
      "id": "e918e48b-4056-451a-b7bc-9578a05bd63a",
      "title": "S01E06 - Init to win it",
      "description": "Avsnitt 6 av podden är här! Vi gästas av Johan Hansson på Init och pratar teknik, vi får följa med på några av dotterbolagsresorna och vi pratar om en stor affär! Häng med! Och missa inte quizen längre ner på sidan! Avsnittet är ca 46 minuter långt.…",
      "created_by": "Jannica Niklasson",
      "created_date": "2017-10-06T09:13:27",
      "last_modified_by": "",
      "last_modified_date": "2017-10-10T08:49:31",
      "content": "Avsnitt 6 av podden är här! Vi gästas av Johan Hansson på Init och pratar teknik, vi får följa med på några av dotterbolagsresorna och vi pratar om en stor affär! Häng med! Och missa inte quizen längre ner på sidan!\nAvsnittet är ca 46 minuter långt. Se tidsangivelserna nedan om du är mer intresserad av en viss del i avsnittet:\n- Välkommen 0:16\n- Quizvinnare 0:53\n- Gäst Johan Hansson 03:06\n- B3Eko 14:35\n- Under Pressure 29:40\n- Team B3IT nyheter 32:20\n- Johans önskelåt 39:55\n \nLänk till avsnittet (/teams/B3Podden/_layouts/15/guestaccess.aspx?guestaccesstoken=SzafgSZveE2XafRDqV3uG%2bp0jvJyck4kGENVKreCvdc%3d&docid=2_1785a606e2e5d4ce484aee7804b5e4c95&rev=1)\nSvara på Quizen nedan och var med och tävla!\n",
      "url": "https://b3it.sharepoint.com/teams/B3Podden/SitePages/S01E06%20-%20Init%20to%20win%20it.aspx"
    },
    {
      "id": "918a986e-8a15-4a63-9bea-f1105d482ca3",
      "title": "S01E07 80-talisternas avsnitt (och Tommy)",
      "description": "Sjunde avsnittet är ute! Vi gästas av den härliga Marie Foisack och pratar teknik, kompetensnätverk och Nya Zeeland. Såklart även B3 Ekot med riktigt spännande nyheter, Team B3IT nyheter och en liten kort genomgång av vad vi på Attract egentligen gö…",
      "created_by": "Jannica Niklasson",
      "created_date": "2017-10-20T15:55:07",
      "last_modified_by": "",
      "last_modified_date": "2017-10-20T16:11:10",
      "content": "Sjunde avsnittet är ute! Vi gästas av den härliga Marie Foisack och pratar teknik, kompetensnätverk och Nya Zeeland. Såklart även B3 Ekot med riktigt spännande nyheter, Team B3IT nyheter och en liten kort genomgång av vad vi på Attract egentligen gör om dagarna. Och vi avslutar som vanligt med en önskelåt! Hoppas ni gillar avsnittet, vi gillade verkligen att spela in detta avsnitt!\nLänk till avsnittet (/teams/B3Podden/_layouts/15/guestaccess.aspx?guestaccesstoken=TCgc3EtRWQljNVslVldmGtJO5BhPzSfB94r5zI2qChY%3d&docid=2_1c60df9051b1e424fa4f14daf06e4c74e&rev=1)\n",
      "url": "https://b3it.sharepoint.com/teams/B3Podden/SitePages/S01E07%2080-talisterna.aspx"
    },
    {
      "id": "84df789a-5a9b-469b-9a1c-d0b63efe846b",
      "title": "S01E08 - Sven",
      "description": "Avsnitt 8 av världens kanske mysigaste podd är här! Efter höstlov, semesterveckor och en hel del jobb har vi äntligen hunnit sätta oss i studion igen! Den här gången gästas vi av ingen mindre än Sven Uthorn! Vi pratar bland annat om B3IT, memma och …",
      "created_by": "Jannica Niklasson",
      "created_date": "2017-11-21T09:10:18",
      "last_modified_by": "",
      "last_modified_date": "2017-11-21T09:15:41",
      "content": "Avsnitt 8 av världens kanske mysigaste podd är här! Efter höstlov, semesterveckor och en hel del jobb har vi äntligen hunnit sätta oss i studion igen! Den här gången gästas vi av ingen mindre än Sven Uthorn! Vi pratar bland annat om B3IT, memma och blixtschack. Och mot slutet överraskar Sven oss poddledare rejält! Lyssna in!\n \nLänk till avsnittet (/teams/B3Podden/_layouts/15/guestaccess.aspx?guestaccesstoken=taSFqnukQF3jxuf3%2BxqwhpnOFf1F6g4VHM2jjhlJCmw%3D&docid=2_1b371e3b4b0e84597bafa9a022733cdc9&rev=1&e=f525bc64c5784d2a94bd1a89c07da3ad)\n",
      "url": "https://b3it.sharepoint.com/teams/B3Podden/SitePages/S01E08%20-%20Sven.aspx"
    },
    {
      "id": "5d508794-e5f4-440f-80e4-d5ac9b4d1dd1",
      "title": "S01E09 - Mitt livs chans",
      "description": "Äntligen är avsnitt nummer nio här! Vi gästas av Helena Jonson på B3IT Connect och pratar om hästar, välmående och vårt spännande CSR-initiativ Mitt Livs Chans! Trevlig lyssning! Länk till avsnittet",
      "created_by": "Jannica Niklasson",
      "created_date": "2017-12-11T19:32:10",
      "last_modified_by": "",
      "last_modified_date": "2017-12-11T19:43:40",
      "content": "Äntligen är avsnitt nummer nio här! Vi gästas av Helena Jonson på B3IT Connect och pratar om hästar, välmående och vårt spännande CSR-initiativ Mitt Livs Chans!\nTrevlig lyssning!\n \nLänk till avsnittet (/teams/B3Podden/_layouts/15/guestaccess.aspx?guestaccesstoken=7sigRg2ezLPMVIBW%2BrTVIIN8XdBV0ZsnwEM3u8InnC8%3D&docid=2_16d58a109fe7442c9bf1fe8b534fb6567&rev=1&e=caf1bf7b71db46bdb5561b7389290cc7)\n",
      "url": "https://b3it.sharepoint.com/teams/B3Podden/SitePages/S01E09%20-%20Mitt%20livs%20chans.aspx"
    },
    {
      "id": "4567dc31-6a90-4a86-9a64-3ab8cff5d8e9",
      "title": "S01E10 - Julpodden!",
      "description": "Nu börjar julen verkligen närma sig och det uppmärksammar vi såklart i podden! Det här är kanske det mysigaste avsnittet av dom alla! Vi listar årets toppar (och dalar) och utser vinnare i olika kategorier. Attracts nyårskarameller helt enkelt! Vem …",
      "created_by": "Jannica Niklasson",
      "created_date": "2017-12-21T09:13:03",
      "last_modified_by": "",
      "last_modified_date": "2017-12-21T09:26:01",
      "content": "Nu börjar julen verkligen närma sig och det uppmärksammar vi såklart i podden! Det här är kanske det mysigaste avsnittet av dom alla! Vi listar årets toppar (och dalar) och utser vinnare i olika kategorier. Attracts nyårskarameller helt enkelt! Vem tror ni är årets rektor, årets byggmaterial och årets hustomte? Det och mycket mer får ni reda på i denna fantastiskt mysiga podd!\nGod jul och gott nytt år från oss till er alla.\nLänk till avsnittet (/teams/B3Podden/_layouts/15/guestaccess.aspx?guestaccesstoken=t0EM%2BDXAsfVAPGbe%2B91N/uoIDOXPT9zRaUumvog896M%3D&docid=2_105318a6860fb4955b921dc0af635b8cc&rev=1&e=874c402c8f0c4393816fed25f0af5f19)\n",
      "url": "https://b3it.sharepoint.com/teams/B3Podden/SitePages/S01E10%20-%20Julpodden!.aspx"
    },
    {
      "id": "ae867d1b-dc74-43a9-b6c0-4ded7dee2c4f",
      "title": "Vad är B3 Podden?",
      "description": "B3 Podden produceras av B3 Attract från koncernnivå. Det är INTE en Stockholmsblogg, men vi sitter oftast i Stockholm och vi har vårt huvudkontor här. Syftet med podden är att oavsett om du är ute på uppdrag, sitter på något kontor ute i landet elle…",
      "created_by": "Jannica Niklasson",
      "created_date": "2017-08-14T07:58:47",
      "last_modified_by": "",
      "last_modified_date": "2017-08-24T11:12:45",
      "content": "B3 Podden produceras av B3 Attract från koncernnivå. Det är INTE en Stockholmsblogg, men vi sitter oftast i Stockholm och vi har vårt huvudkontor här.\nSyftet med podden är att oavsett om du är ute på uppdrag, sitter på något kontor ute i landet eller är stationerad på huvudkontoret i Stockholm ska du kunna känna tillhörighet och samhörighet med dina kollegor. Podden är även ett sätt att öka internkommunikationen och fungerar som en informell informationskanal. Vi vill också såklart att du ska inspireras, känna stolthet och underhållas. \nProgramledare är Jannica, Tommy och Patrik som jobbar på B3IT Management i \"Attract\" med rekrytering och employer branding.\nVem vi riktar oss till? \nAlla medarbetare på B3IT.\nInnehåll\nInnehållet kommer att vara nytt hela tiden men det är några återkommande hållpunkter:\n\nB3 Eko - Nyheter\nRekryteringstryck\nSport\nGäst\n\nÄr det något du vill att vi tar upp går det bra att höra av sig till någon av oss!\n",
      "url": "https://b3it.sharepoint.com/teams/B3Podden/SitePages/Vad%20%C3%A4r%20B3%20Podden.aspx"
    }
  ]
}