{
  "name": "B3Start",
  "description": "Här hittar du information om och anmäler dig till B3Start- vår introduktionsdag!",
  "url": "https://b3it.sharepoint.com/teams/B3Start",
  "pages": [
    {
      "id": "cf4ef6a3-147c-4ff3-a987-5d98f545effc",
      "title": "Välkomna till B3Bar",
      "description": "B3Bar är vår AW som anordnas fyra gånger per år. Det är ett fantastiskt tillfälle att träffa både gamla och nya härliga kollegor från hela landet! Bjud gärna med kunder och potentiella nya rekryter som är nyfikna på B3 och vill lära känna oss lite b…",
      "created_by": "Malee Bladh",
      "created_date": "2017-10-02T12:16:08",
      "last_modified_by": "",
      "last_modified_date": "2019-09-03T07:17:50",
      "content": "B3Bar är vår AW som anordnas fyra gånger per år.\nDet är ett fantastiskt tillfälle att träffa både gamla och nya härliga kollegor från hela landet! \nBjud gärna med kunder och potentiella nya rekryter som är nyfikna på B3 och vill lära känna oss lite bättre.\n\nNästa B3Bar äger rum torsdag 17 oktober!\n\nInbjudan får du via vårt eventverktyg Invajo per mail, kontakta någon av oss nedan vid frågor.\nVi ses där!\n",
      "url": "https://b3it.sharepoint.com/teams/B3Start/SitePages/B3Bar.aspx"
    },
    {
      "id": "2cf8a8f2-f9a4-4515-8d30-7b2db095d993",
      "title": "B3Fortsättning",
      "description": "Välkommen till B3Fortsättning! B3Fortsättning är en förlängning av B3Start och här går vi igenom hur ramen fungerar, vad som gäller kring utlägg och andra lönefrågor samt om B3Academy, Cinode och mycket mera! B3Fortsättning är uppdelat i två delar o…",
      "created_by": "Malinda Knudsen",
      "created_date": "2018-02-08T14:35:23",
      "last_modified_by": "",
      "last_modified_date": "2019-02-11T12:33:56",
      "content": "Välkommen till B3Fortsättning!\nB3Fortsättning är en förlängning av B3Start och här går vi igenom hur ramen fungerar, vad som gäller kring utlägg och andra lönefrågor samt\nom B3Academy, Cinode och mycket mera!\nB3Fortsättning är uppdelat i två delar och du kan välja gå ena delen ena datumet och andra delen ett annat datum men de ligger alltid vid samma tillfälle.\nVälj mellan att delta på plats eller via Skype!\nFör er som dyker upp på plats, bjuder vi på smörgås, frukt och kaffe/te för att hålla energin på topp.\nHar du anmält dig till en B3Fortsättning och fått förhinder, mejla så snart du kan till ...@b3.se\nKom sedan tillbaka hit och anmäl dig till ditt nya datum.\nVi ses på B3Fortsättning!\nB3Fortsättning del I - HR & IT-stöd\n\nIntranätet- vad finns vart och vem frågar jag om vad                         \nProcesser, polices, rutiner- vilka bör jag känna till\nB3Academy- Vilka kompetensnätverk finns och hur anmäler jag mig dit\nCinode- hur ska jag skriva min CV och hur använder jag Cinode\nStandarddator eller egenvald dator, vad är skillnaden\nModern Workplace- varför har B3IT valt att arbeta på detta sätt\nPension, sjukförsäkring och sjukvårdsförsäkring- hur fungerar det på B3\n\n  m.m.\nB3Fortsättning del II - Ram & Lön\n\nTidrapportering\nUtlägg\nSemester och tjänstledighet\nRamen som lönemodell och ramguiden\n\n",
      "url": "https://b3it.sharepoint.com/teams/B3Start/SitePages/B3Forts%C3%A4ttning.aspx"
    },
    {
      "id": "9213d0ac-1f58-48a0-b4be-f22f109725e3",
      "title": "Startsida",
      "description": "Varmt välkommen till B3s introduktionskurs för nyanställda - B3Start! Detta är en hybrid dag så du har möjlighet att närvara antingen digitalt, från Wallingatan 2 eller ifrån Göteborgskontoret. Du anger hur du vill delta i länken som du hittar i kal…",
      "created_by": "Malin Strengberg",
      "created_date": "2017-09-22T03:19:45",
      "last_modified_by": "",
      "last_modified_date": "2024-06-13T09:54:41",
      "content": "Varmt välkommen till B3s introduktionskurs för nyanställda - B3Start!Detta är en hybrid dag så du har möjlighet att närvara antingen digitalt, från Wallingatan 2 eller ifrån Göteborgskontoret. Du anger hur du vill delta i länken som du hittar i kalendariet nedan. Syftet med B3Start är att ge alla våra nyanställda en så bra introduktion som möjligt till oss på B3!Under en dag går vi igenom var vi som bolag kommer ifrån, hur organisationen fungerar och ser ut, vart vi är på väg och hur vi tänker nå våra mål.Kort sagt: allt det som gör oss till ett B3Bolag! Dessutom får ni chans att träffa ett helt gäng från sälj och ledning. B3 Start är ett hybrid event och du kan räkna med att det tar en hel dag. Vi vill gärna både se och höra er som deltar digitalt under dagen så rigga upp er dator hemma eller på era kontor runt om i landet och ha kamera och mikrofon redo! 😊B3Start innehåller:Mingel för de som vill i början av dagenFöretagets historia och vision med Martin Stenström (Koncern VD)Vi träffar olika nyckelpersonen inom organisationen Organisation - Presentation av affärsenheter och vertikala satsningarGruppövning - Vår definition av konsultmässighetFotografering - för CV och intranät Anmäl dig till B3Start genom att klicka på önskat datum nedan i kalendariet, där finns en länk till anmälan. ​​​​​​​Vi ses på B3Start!\n",
      "url": "https://b3it.sharepoint.com/teams/B3Start/SitePages/Home.aspx"
    },
    {
      "id": "17f2e330-e181-43fe-b635-df5809945af4",
      "title": "Inför B3Start",
      "description": "",
      "created_by": "Malinda Knudsen",
      "created_date": "2017-10-02T12:35:42",
      "last_modified_by": "",
      "last_modified_date": "2022-01-17T12:58:28",
      "content": "",
      "url": "https://b3it.sharepoint.com/teams/B3Start/SitePages/Information%20och%20anm%C3%A4lan%20till%20B3Start.aspx"
    }
  ]
}