{
  "name": "Bank och Försäkring",
  "description": "Yammer-grupp för att hålla samman B3-koncernens kompetens och erfarenheter inom området Bank och Försäkring.",
  "url": "https://b3it.sharepoint.com/teams/xn--bankochfrskring-9kb71a",
  "pages": [
    {
      "id": "eee6d48b-7f4a-4e26-8776-ee0c5dd75ef8",
      "title": "Home",
      "description": "",
      "created_by": "Systemkonto",
      "created_date": "2024-01-14T00:35:57",
      "last_modified_by": "",
      "last_modified_date": "2024-01-14T00:35:57",
      "content": "",
      "url": "https://b3it.sharepoint.com/teams/xn--bankochfrskring-9kb71a/SitePages/Home.aspx"
    }
  ]
}