{
  "name": "BI Samarbete",
  "description": "BI Samarbete",
  "url": "https://b3it.sharepoint.com/teams/BISamarbete",
  "pages": [
    {
      "id": "24acfd44-4a23-4043-8207-7ba32318e0cb",
      "title": "Startsida",
      "description": "",
      "created_by": "Birger Arvidsson",
      "created_date": "2016-10-04T09:08:03",
      "last_modified_by": "",
      "last_modified_date": "2017-05-10T10:59:04",
      "content": "",
      "url": "https://b3it.sharepoint.com/teams/BISamarbete/SitePages/Home.aspx"
    }
  ]
}