{
  "name": "Bildbank",
  "description": "Samling av bilder från events och dyl.",
  "url": "https://b3it.sharepoint.com/teams/Bildbank",
  "pages": [
    {
      "id": "2c09fa52-7863-4d62-8ef5-188f2c221ce4",
      "title": "Bilder från Julfesten",
      "description": "Nu finns bilder från Julfesten uppe. Du hittar dom i vänstermenyn under \"Julfest 2017\".",
      "created_by": "Johan Löfblad",
      "created_date": "2017-12-19T09:24:38",
      "last_modified_by": "",
      "last_modified_date": "2017-12-19T09:26:19",
      "content": "Nu finns bilder från Julfesten uppe.\nDu hittar dom i vänstermenyn under \"Julfest 2017\".\n",
      "url": "https://b3it.sharepoint.com/teams/Bildbank/SitePages/Bilder%20fr%C3%A5n%20Julfesten.aspx"
    },
    {
      "id": "9cd3622e-210a-4371-950e-263082dee65b",
      "title": "Startsida",
      "description": "Här samlar vi bilder från våra events. I vänstermenyn hittar du bibliotek med bilder. Maila in bilder till bildbank@groups.b3it.se om du har bilder från events. Skriv i ämnesraden vilket event och se till att bilderna är bilagor och inte i inbäddade…",
      "created_by": "Johan Löfblad",
      "created_date": "2017-11-17T07:05:26",
      "last_modified_by": "",
      "last_modified_date": "2017-12-19T09:40:19",
      "content": "Här samlar vi bilder från våra events. \nI vänstermenyn hittar du bibliotek med bilder.\nMaila in bilder till bildbank@groups.b3it.se (mailto:bildbank@groups.b3it.se) om du har bilder från events. Skriv i ämnesraden vilket event och se till att bilderna är bilagor och inte i inbäddade i texten. Alternativt, kontakta ansvariga.\n",
      "url": "https://b3it.sharepoint.com/teams/Bildbank/SitePages/Home.aspx"
    }
  ]
}