{
  "name": "Blocket",
  "description": "Här är det fritt att lägga upp annonser för köp/sälj/tiggeri/bortskänkes/förfrågningar om cyklar, lägenheter (till sig själv eller kompisar).",
  "url": "https://b3it.sharepoint.com/teams/blocket",
  "pages": [
    {
      "id": "68810b7e-e3e4-4a6b-8d2e-8829501194ca",
      "title": "Startsida",
      "description": "",
      "created_by": "Systemkonto",
      "created_date": "2017-09-03T01:39:37",
      "last_modified_by": "",
      "last_modified_date": "2017-09-03T01:39:37",
      "content": "",
      "url": "https://b3it.sharepoint.com/teams/blocket/SitePages/Home.aspx"
    }
  ]
}