{
  "name": "Campusmässan 2023",
  "description": "",
  "url": "https://b3it.sharepoint.com/teams/Campusmssan2023",
  "pages": [
    {
      "id": "16f5f790-29b1-4a38-9be2-59d2dd14ae70",
      "title": "Startsida",
      "description": "",
      "created_by": "Systemkonto",
      "created_date": "2023-03-05T00:29:31",
      "last_modified_by": "",
      "last_modified_date": "2023-03-05T00:29:31",
      "content": "",
      "url": "https://b3it.sharepoint.com/teams/Campusmssan2023/SitePages/Home.aspx"
    }
  ]
}