{
  "name": "Driftpoolen DBA",
  "description": "Startad 10 juni",
  "url": "https://b3it.sharepoint.com/sites/driftpoolen-dba",
  "pages": [
    {
      "id": "1b015d81-987c-4174-9098-2015732b3418",
      "title": "Startsida",
      "description": "",
      "created_by": "Systemkonto",
      "created_date": "2016-06-03T02:52:18",
      "last_modified_by": "",
      "last_modified_date": "2016-06-03T02:52:18",
      "content": "",
      "url": "https://b3it.sharepoint.com/sites/driftpoolen-dba/SitePages/Home.aspx"
    }
  ]
}