{
  "name": "DWL Erbjudande",
  "description": "Här finns det erbjudande som B3 Digital WorkLife har.\nLäs gärna igenom vad vi har gjort, och titta på våra erbjudanden.\nSaknas något eller vill ni veta mer hör bara av er till någon av oss.",
  "url": "https://b3it.sharepoint.com/teams/DWLErbjudande",
  "pages": [
    {
      "id": "76cbb279-2250-41a1-b991-75b05ee026e3",
      "title": "Startsida",
      "description": "",
      "created_by": "Systemkonto",
      "created_date": "2019-01-26T09:35:26",
      "last_modified_by": "",
      "last_modified_date": "2019-01-26T09:35:26",
      "content": "",
      "url": "https://b3it.sharepoint.com/teams/DWLErbjudande/SitePages/Home.aspx"
    }
  ]
}