{
  "name": "Ekonomi & Lön",
  "description": "B3 Ekonomi ​​​​​​​​​​​​​​ ​​​​​​​",
  "url": "https://b3it.sharepoint.com/teams/EkonomiLn",
  "pages": [
    {
      "id": "e8c6b761-514d-4413-8684-2eb4a64f21a2",
      "title": "Controlling",
      "description": "Controlling Huvuduppgifter Controlling Stöttar Koncernledning, Affärsområdeschefer och dotterbolag med uppföljning och analys Ansvarar för Målprocess och Pulsprognoser samt VD-rapportering i Cumulus BI Delaktiga i månadsrapportering till Koncern och…",
      "created_by": "Emma Rydén",
      "created_date": "2022-01-28T14:00:55",
      "last_modified_by": "",
      "last_modified_date": "2024-03-01T07:48:02",
      "content": "Controlling\nHuvuduppgifter ControllingStöttar Koncernledning, Affärsområdeschefer och dotterbolag med uppföljning och analysAnsvarar för Målprocess och Pulsprognoser samt VD-rapportering i Cumulus BIDelaktiga i månadsrapportering till Koncern och Affärsområde\nMedarbetare på Controlling\nJag heter Emma Rydén och jobbar som Business Controller med fokus på Affärsområde Cloud & Technology Platforms samt Moderbolaget och B3 Consulting Group. Startade min bana på Deloitte och har sedan dess varit i linjeroller inom Business Control och arbetat som Finance-konsult. Glad att nu vara med och skapa värde för B3 tillsammans med grymma kollegor!​​​​​​​Jag har arbetat på B3 sedan oktober 2022Ni når mig via funktionsbrevlådan controller@b3.se (mailto:controller@b3.se) eller på emma.ryden@b3.se (mailto:emma.ryden@b3.se)\nJag heter Per Andreassen och jobbar som Business Controller med fokus på Affärsområde Digital Experience & Solutions samt Digital Management. Tidigare arbetat som Business Controller på Accenture och innan dess som konsult på Deloitte. Fantastiskt roligt att vara en del av B3 och den härliga kultur som B3 har byggt upp genom åren!Jag har arbetat på B3 sedan januari 2023Ni når mig via funktionsbrevlådan controller@b3.se (mailto:controller@b3.se) eller på per.andreassen@b3.se (mailto:per.andreassen@b3.se)\n",
      "url": "https://b3it.sharepoint.com/teams/EkonomiLn/SitePages/Controlling.aspx"
    },
    {
      "id": "5f32a16a-18fb-48ee-b5bf-fd3df6805a8d",
      "title": "Ekonomiorganisationen",
      "description": "Mitt resa på B3 började 2022 när jag kom ombord som Head of Business Control. I juli 2023 fick jag möjlighet att tjänstgöra som tillförordnad CFO, och sedan oktober 2023 har jag äran att vara B3:s permanenta CFO. Innan jag kom till B3 arbetade jag s…",
      "created_by": "André Karlsson",
      "created_date": "2022-02-04T08:33:15",
      "last_modified_by": "",
      "last_modified_date": "2024-01-31T13:42:53",
      "content": "Mitt resa på B3 började 2022 när jag kom ombord som Head of Business Control. I juli 2023 fick jag möjlighet att tjänstgöra som tillförordnad CFO, och sedan oktober 2023 har jag äran att vara B3:s permanenta CFO. Innan jag kom till B3 arbetade jag som business controller på Knowit och Cybercom, erfarenheter som varit värdefulla i min nuvarande roll. Som en del av företagets ledning är jag engageras i att arbeta med teamet för att forma vår finansiella strategi och stödja företagets tillväxt. Jag ser B3 som ett otroligt spännande företag med en stark position inom IT-branschen. Att få vara en del av denna resa och bidra till B3:s fortsatta utveckling tillsammans med mitt team ser jag fram emot varje dag.​​​​​​​\nViktiga policydokumentAttestreglementeInsiderpolicyInformationspolicyVisselblåsarpolicy\n",
      "url": "https://b3it.sharepoint.com/teams/EkonomiLn/SitePages/Ekonomiorganisationen.aspx"
    },
    {
      "id": "9c6d805a-4a85-4977-ac07-abf3fc93b55e",
      "title": "FAQ",
      "description": "",
      "created_by": "April Gradin",
      "created_date": "2022-01-28T14:02:01",
      "last_modified_by": "",
      "last_modified_date": "2022-02-23T10:02:20",
      "content": "",
      "url": "https://b3it.sharepoint.com/teams/EkonomiLn/SitePages/FAQ.aspx"
    },
    {
      "id": "fced4edb-d8c5-4eb4-a09a-0957ae0abcfa",
      "title": "Funktionsbrevlådor & Support",
      "description": "Funktionsbrevlådor",
      "created_by": "Malinda Knudsen",
      "created_date": "2022-02-04T08:38:34",
      "last_modified_by": "",
      "last_modified_date": "2024-04-15T17:55:09",
      "content": "Funktionsbrevlådor\n",
      "url": "https://b3it.sharepoint.com/teams/EkonomiLn/SitePages/Funktionsbrevl%C3%A5dor-%26-Support.aspx"
    },
    {
      "id": "1538fe99-9f36-4202-a04b-aa25e7dbe637",
      "title": "Startsida",
      "description": "B3 Ekonomi ​​​​​​​​​​​​​​ ​​​​​​​",
      "created_by": "Pernilla Borg",
      "created_date": "2022-01-23T00:45:53",
      "last_modified_by": "",
      "last_modified_date": "2024-05-20T09:56:45",
      "content": "B3 Ekonomi\n​​​​​​​​​​​​​​​​​​​​​\n",
      "url": "https://b3it.sharepoint.com/teams/EkonomiLn/SitePages/Home.aspx"
    },
    {
      "id": "b416c7d2-88b9-44a9-b07e-03362e18c551",
      "title": "Lön",
      "description": "Huvuduppgifter Lön Vi på lön arbetar med löpande administration och hantering av lönerelaterade frågor och ärenden som t ex frågor kring pensions- och försäkringsfrågor och förmånsbilar. Viktiga policydokument Lönepolicy Bilpolicy Pensioner och Förs…",
      "created_by": "Arne Lärksäter",
      "created_date": "2022-01-28T14:00:14",
      "last_modified_by": "",
      "last_modified_date": "2023-03-30T10:47:21",
      "content": "Huvuduppgifter LönVi på lön arbetar med löpande administration och hantering av lönerelaterade frågor och ärenden som t ex frågor kring pensions- och försäkringsfrågor och förmånsbilar.\nViktiga policydokumentLönepolicyBilpolicyPensioner och FörsäkringarFlextid regelverk (berörda bolag)Sjukfrånvaro och återgång - process och riktlinjer\nViktiga länkar\nMedarbetare på Lön\nJag heter Pernilla Borg och arbetar som teamlead på Lön.Jag har arbetat på B3 sedan 2020.Mig kontaktar du om du har lönerelaterade frågor samt även frågor kring löneuttag, anställningsintyg, arbetsgivarintyg, frånvaro, förmånsbilsfrågor, pensions- och försäkringsfrågor, rapportering/frågor till Försäkringskassan med mera. Jag nås på lon@b3.se (mailto:lon@b3.se) \nJag heter Emanuel Staflin och arbetar som lönecontroller på Lön.Jag har arbetat på B3 sedan augusti 2022.Mig kontaktar du om du har lönerelaterade frågor samt även frågor kring löneuttag, anställningsintyg, frånvaro, pensions- och försäkringsfrågor, rapportering/frågor till Försäkringskassan med mera.Jag nås på lon@b3.se (mailto:lon@b3.se)\n",
      "url": "https://b3it.sharepoint.com/teams/EkonomiLn/SitePages/L%C3%B6n.aspx"
    },
    {
      "id": "49dbfd15-ce84-4ddf-929a-1fdacde79309",
      "title": "Redovisning",
      "description": "Huvuduppgifter Redovisning Vi på redovisning arbetar med löpande redovisning och bokslut. Vi ser till att alla våra bolag visar rättvisande resultat, att medarbetarna får rätt intäkter och kostnader på sina ramar. Vi konsoliderar alla bolag och bygg…",
      "created_by": "April Gradin",
      "created_date": "2022-01-28T13:58:45",
      "last_modified_by": "",
      "last_modified_date": "2022-06-15T08:13:57",
      "content": "Huvuduppgifter RedovisningVi på redovisning arbetar med löpande redovisning och bokslut. Vi ser till att alla våra bolag visar rättvisande resultat, att medarbetarna får rätt intäkter och kostnader på sina ramar. Vi konsoliderar alla bolag och bygger rapporter och ser till att lagar och regler kring bokföring och skatt efterföljs.Eftersom B3 Consulting Group sedan 2016 är börsnoterat görs externa kvartalsrapporter enligt IFRS. Vi producerar även årsredovisningar för våra dotterbolag samt för koncernen och moderbolaget.\nViktiga policydokumentRamguideAttestreglementeInköpspolicyInformationspolicyInsiderpolicy\nMedarbetare på Redovisning\nJag heter Arne Lärksäter och arbetar som t.f. Koncernredovisningschef och redovisningsexpert.Jag har arbetat på B3 sedan 2010.Mig kontaktar du om du har frågor gällande ram, rapporter i Maconomy, löpande redovisning, årsredovisningar för dotterbolagen mmJag nås på ram@b3.se (mailto:ram@b3.se) eller ekonomi@b3.se (mailto:ekonomi@b3.se)\nJag heter Frida Warghagen och arbetar som redovisningsekonom. Jag har arbetat på B3 sedan 2018.Mig kontaktar du om du har frågor som gällande ram, korsförsäljningar, utlägg eller löpande redovisningsfrågor.Jag nås på ram@b3.se (mailto:ram@b3.se) eller ekonomi@b3.se (mailto:ekonomi@b3.se)\nJag heter Towe Widén och arbetar som redovisningsekonom.Jag har arbetat på B3 sedan 2017. Mig kontaktar du om du har frågor gällande ram, utlägg eller löpande redovisningsfrågor.Jag nås på ram@b3.se (mailto:ram@b3.se) eller ekonomi@b3.se (mailto:ekonomi@b3.se)\nJag heter Andreas Hansson och arbetar som redovisningsekonom som konsult hos B3.Jag har arbetat med B3 sedan 2011Mig kontaktar du om du har frågor gällande ram, utlägg, löpande kostnader, fusioner mm.Jag nås på ram@b3.se (mailto:ram@b3.se) eller ekonomi@b3.se (mailto:ekonomi@b3.se)\n\n",
      "url": "https://b3it.sharepoint.com/teams/EkonomiLn/SitePages/Redovisning.aspx"
    },
    {
      "id": "51214bdd-01e5-497e-874f-ce1f646aa31c",
      "title": "Reskontra",
      "description": "Huvuduppgifter - Reskontra Reskontra är indelat i två delar. Kundreskontra och leverantörsreskontra. Kundreskontras huvuduppgifter är orderhantering och fakturering. Utöver det sköter vi kreditkontroll av kunder. Leverantörsreskontras huvuduppgifter…",
      "created_by": "April Gradin",
      "created_date": "2022-01-28T14:01:42",
      "last_modified_by": "",
      "last_modified_date": "2022-02-23T09:14:15",
      "content": "Huvuduppgifter - ReskontraReskontra är indelat i två delar. Kundreskontra och leverantörsreskontra.Kundreskontras huvuduppgifter är orderhantering och fakturering. Utöver det sköter vi kreditkontroll av kunder.Leverantörsreskontras huvuduppgifter är bokföring och hantering av attest- och betalningsflöden för leverantörsfakturor.\nViktiga policydokumentTidrapporteringspolicyAttestreglementeKreditpolicy\nViktiga länkar\nMedarbetare på Reskontra\nKundreskontra\nJag heter Per Jämtelid och arbetar som teamlead på reskontra (kund- och lev-).​​​​​​​Jag har arbetat på B3 sedan 2019.​​​​​​​Mig kontaktar du om du har frågor gällande;Fakturering till kund Tidrapportering  Orderblanketten i PowerApp Selfbilling Jag nås på ekonomi@b3.se (mailto:ekonomi@b3.se)\nJag heter Elin Köhler Sims och arbetar på kundreskontra.Jag har arbetat på B3 sedan 2019.Mig kontaktar du om du har frågor gällande;Fakturering till kund Tidrapportering  Orderblanketten i PowerApp Selfbilling Jag nås på ekonomi@b3.se (mailto:ekonomi@b3.se)\nLeverantörsreskontra\nJag heter Sofia Hjälmarstedt och arbetar på leverantörsreskontra. Jag har arbetat på B3 sedan 2019.Mig kan du kontakta när det gäller;Leverantörsfakturor (fakturor utställda till B3)BetalningarFakturakopia av lev.fakturaJag nås på ekonomi@b3.se (mailto:ekonomi@b3.se)\nJag heter Andrej Sligowski och arbetar på leverantörsreskontra. Jag har arbetat på B3 sedan 2017.Mig kan du kontakta när det gäller;Leverantörsfakturor (fakturor utställda till B3)BetalningarFakturakopia av lev.fakturaJag nås på ekonomi@b3.se (mailto:ekonomi@b3.se)\n",
      "url": "https://b3it.sharepoint.com/teams/EkonomiLn/SitePages/Reskontra.aspx"
    },
    {
      "id": "3e86f508-0567-4677-9ea7-99f5b7c268c1",
      "title": "Systemstöd - Ekonomi",
      "description": "Huvuduppgifter Systemförvaltning - Ekonomi Huvudfokus för systemförvaltningen av våra ekonomirelaterade system är flera, men i huvudsak: Säkerställa att systemstöden effektivt stödjer verksamheten Tillhandahålla instruktioner och utbildningsmaterial…",
      "created_by": "Malinda Knudsen",
      "created_date": "2022-01-28T14:01:20",
      "last_modified_by": "",
      "last_modified_date": "2024-04-15T18:00:53",
      "content": "Huvuduppgifter Systemförvaltning - EkonomiHuvudfokus för systemförvaltningen av våra ekonomirelaterade system är flera, men i huvudsak:Säkerställa att systemstöden effektivt stödjer verksamhetenTillhandahålla instruktioner och utbildningsmaterialVerksamhetsutveckling och utveckling av systemrelaterade funktionerLeda uppgraderingsarbeteSecond-line supportLeverantörsstyrning och kontakt\nNyheter! 2022-08-25: SSO via Azure AD i Maconomys applikationer!Som ett led i vårt ständiga förbättringsarbete kommer vi per 2022-08-25 gå över till Single Sign On (SSO) via B3:s Azure AD i samtliga av Maconomy’s applikationer.Orsakerna är många, men framför allt:För att förenkla för våra användare. Många av er upplever att det krånglar ofta med inloggning med användarnamn och lösenord vid inloggning i både iAccess och i Touch applikationen. Denna ändring skall råda bot på hela den problematiken.För att förbättra informationssäkerheten. Inloggning med SSO via Azure AD innebär att ni kommer att behöva multifaktorsautentisera er vid inloggning i Maconomy med ert O365 konto vilket försvårar för de som ägnar sig åt intrångsförsök.Rent konkret innebär detta för er att ni kommer att behöva logga in via andra länkar för att komma in i Maconomy.Länk till iAccess: https://b3iaccess.deltekenterprise.com/oauth (https://b3iaccess.deltekenterprise.com/oauth)Länk till Touch applikationen: https://b3web.deltekenterprise.com/b3svb/ (https://b3web.deltekenterprise.com/b3svb/)För de av er som har Workspace Klienten kommer ni från och med nu loggas in per automatik när ni öppnar den lokalt installerade appen.Länkar på Ekonomisiten kommer att ändras till ovan länkar från och med 2022-08-25.Vi tror och hoppas på att ni kommer att uppleva detta som mycket smidigare än det varit fram till nu.Om ni har frågor eller stöter på patrull är ni, som alltid, mycket välkomna att skicka ett mail till maconomy@b3.se (mailto:maconomy@b3.se)\nB3s Ekonomirelaterade systemstöd - Kortfattad beskrivning\nMaconomyMaconomy är B3s ekonomisystem. Systemet hanterar löpande redovisning, fakturering, projektadministration, medarbetare, kunder, tidrapportering, utläggsrapportering, milersättning, traktamenten samt rapporteringsverktyg.Applikationer inom Maconomy:iAccess - Webbgränssnitt för tidrapportering, utläggsrapportering, milersättning & traktamente, attest och rapportering.Deltek Touch - applikation för tidrapportering, utläggsrapportering, milersättning & traktamente samt attest. Finns för både iOS och Android. Work Space Client (WSC) - Används till störst del av ekonomi. Klient för löpande arbete i ekonomisystemet.Upplevda störningar, feedback och frågor gällande Maconomy skickas till: maconomy@b3.se\nCumulus BIB3:s budget och prognosverktyg samt verktyg för månadsvis VD-rapportering.Huvudsakliga användare är de som budgeterar, prognostiserar och genomför VD-rapportering till koncernledningen.Upplevda störningar, feedback och frågor gällande Cumulus BI skickas till: controller@b3.seB3 PeopleB3:s HR och Lönesystem. I B3 People hittar du dina lönespecifikationer, hanterar dina ICE uppgifter & dina bankuppgifter, exempelvis.Andra applikationer kopplade till B3 People är:Learnifier - B3s läroplattform. Tillgång via länkarna på Mina Sidor i B3 PeoplePerform - B3s plattform för utvecklingssamtalUpplevda störningar feedback och frågor gällande B3 People skickas till: sofia.dahlstrom@b3.se eller andre.karlsson@b3.se\nDriftsinformation\nLänkar till Kurser i B3 People\nMaconomyInga kända driftstörningar för närvarande.​​​​​​​​​​​Cumulus BIInga kända driftstörningar för närvarande.B3 PeopleInga kända driftstörningar för närvarande. Se Planerade serviceavbrott & Systemrelaterade händelser nedan för kända avbrott.\nSupport och Super Users - B3 Systemstöd Finance \nSuper Users MaconomyArne Lärksäter - arne.larksater@b3.sePer Jämtelid - per.jamtelid@b3.se\nSuper User Cumulus BIMaria Gustafsson - maria.gustafsson@b3.se\nSuper User SDWorx HR och PayAndré Karlsson - andre.karlsson@b3.se\n",
      "url": "https://b3it.sharepoint.com/teams/EkonomiLn/SitePages/Systemst%C3%B6dEkonomi.aspx"
    }
  ]
}