{
  "name": "Hyresgästföreningen",
  "description": "Hyresgästföreningen",
  "url": "https://b3it.sharepoint.com/teams/Hyresgstfreningen",
  "pages": [
    {
      "id": "6ceaa26c-693a-4fe4-8221-e0d2b0b89fea",
      "title": "Startsida",
      "description": "",
      "created_by": "Systemkonto",
      "created_date": "2020-06-14T00:05:54",
      "last_modified_by": "",
      "last_modified_date": "2020-06-14T00:05:54",
      "content": "",
      "url": "https://b3it.sharepoint.com/teams/Hyresgstfreningen/SitePages/Home.aspx"
    }
  ]
}