{
  "name": "Hållbarhet",
  "description": "Vi bryr oss om världen och varandra Vårt främsta bidrag till en mer hållbar värld sker genom det arbete vi utför i våra kundprojekt. Men vi driver även flera andra initiativ. B3 vill vara ett bolag med goda relationer till samhället och med en posit…",
  "url": "https://b3it.sharepoint.com/teams/Hallbarhet",
  "pages": [
    {
      "id": "94a9bd04-92d3-47f5-8ecc-6ce412f2a58e",
      "title": "Mångfald och inkludering",
      "description": "Vårt jämställdhetsmål Vår bransch står inför stora utmaningar när det gäller att uppnå jämställdhet, och på B3 vill vi aktivt bidra till positiv förändring. Enligt senaste uppgifterna utgör kvinnor nu 29,4% av arbetsstyrkan på B3, en ökning från tid…",
      "created_by": "Malin Strengberg",
      "created_date": "2021-04-09T13:12:55",
      "last_modified_by": "",
      "last_modified_date": "2024-05-08T13:45:11",
      "content": "Vårt jämställdhetsmålVår bransch står inför stora utmaningar när det gäller att uppnå jämställdhet, och på B3 vill vi aktivt bidra till positiv förändring. Enligt senaste uppgifterna utgör kvinnor nu 29,4% av arbetsstyrkan på B3, en ökning från tidigare år, och vi siktar på att öka andelen till 30% till år 2025.På vår webbsida hittar du information om hur vi arbetar med jämställdhet och mångfald, samt inspiration och resurser för dig som vill lära dig mer eller engagera dig. Är du redo att starta eller förbättra ditt arbete med jämställdhet och mångfald, eller har du idéer som kan främja inkludering och mångfald? Vi välkomnar dig att dela dina tankar och idéer med oss!Läs mer om hur vi resonerar kring vårt jämställdhet- och mångfaldsarbete i denna artikel. (https://www.b3.se/nyhet/b3-internationella-kvinnodagen)\nB3 Include – Vårt inkluderingsnätverkUnder 2020 startade vi en satsning för att verkligen leva våra värderingar energi, erfarenhet och framförallt olikheter. Vi startade inkluderingsnätverket B3 Include. B3 Include är öppet för samtliga medarbetare, alla är välkomna. Syftet med B3 Include är att stärka våra kvinnliga medarbetare på B3 och uppmuntra varandra till att rekommendera fler kvinnliga kandidater för rekrytering. Genom att rekrytera, utveckla och behålla fler kvinnor, kommer B3 bli en mer jämställd arbetsplats där vi skapar ännu fler möjligheter tillsammans.Nätverket syftar även till att belysa samtliga mångfaldsfrågor, men där vi initialt valt att fokusera på jämställdhet. Detta för att prioritera en sak i taget, för att säkerställa att vi faktiskt åstadkommer förändring inom området och lyckas uppfylla vårt syfte. Vi träffas flera gånger om året – se till att hålla ett öga på inbjudningarna i din inkorg! \nVåra engagemang inom områdetWomen in Tech (pågående)I början av 2023 inledde B3 samarbete med Women in Tech som anordnar Nordens största teknikkonferens för kvinnor, med syftet att fortsätta arbeta aktivt med jämställdhet för att attrahera fler kvinnor, både till B3 och till branschen. Under året kommer ett antal olika aktiviteter arrangeras och B3 deltar givetvis med egen monter på Women in Techs konferens. Inkluderingsrådet (pågående)Utöver vårt Inkluderingsnätverk B3 Include så har vi en mindre gruppering som vi kallar för Inkluderingsrådet. Inkluderingsrådet samlas ungefär var 6e vecka och diskuterar både strategiska och operativa insatser inom området. Rådet drivs av Malin Strengberg och Lidia Hagos men initiativen kommer lika mycket från er. Vill du vara med? Kontakta oss!Changers Hub (2023)B3 har ett aktivt samarbete med Changers Hub som B3 varit partner till sedan 2022. Changers Hub har ett stort nätverk med unga vuxna från Stockholms och Göteborgs ytterstadsområden och verkar för att demokratisera framgång med visionen att alla ska få samma möjlighet att förverkliga sina idéer och påverka sin framtid, oavsett bakgrund och förutsättningar. Genom partnerskapet har B3 och Changers Hub bland annat bidragit till att utbilda ett tjugotal ungdomar inom front end-utveckling. Unga inom målgruppen inspireras till att våga satsa på en karriär inom IT och att andelen av kvinnor som utbildar sig till front end- utvecklare ökar. Flera av B3s medarbetare har engagerat sig som coacher för deltagarna i programmet. Istället för arvode har en summa för coachernas engagemang skänkts till välgörenhet.  Pink Programming (2022)Pink Programming är en ideell förening vars mål är att fler kvinnor ska programmera. Föreningen har funnits sedan 2015 och kärnan för deras verksamhet är att skapa en inspirerande miljö där tjejer som är intresserade av programmering kan ha roligt och känna sig hemma samtidigt som de lär sig att koda, eller bygger vidare på befintliga kunskaper.Pink Programming drivs av kvinnor som är yrkesverksamma inom IT-branschen och föreningen anordnar olika event för målgruppen personer som identifierar sig som kvinnor, oavsett om de är tjejer, tanter, damer, cis eller trans.B3 är sedan 2017 stolt sponsor till Pink Programming. Bolaget har även ett antal medarbetare som är engagerade som styrelseledamot, föreläsare och volontärer på Pink Programmings olika event.Womentor (2021)Womentor skapade ett förändrings- och ledarskapsprogram för företag i IT- och telekombranschen med fokus på att skapa en jämnare fördelning mellan andelen kvinnor och män i branschen, där B3 deltog under 2021.Huvudsyftet med Womentor är att öka både branschens och de enskilda företagens förmåga att attrahera och behålla de bästa talangerna. Som deltagande företag utsåg B3 kvinnor på chefsposition till adept respektive mentor i programmet. Womentor riktar sig inte bara mot enskilda individer, utan kräver att deras partners skriver under på att vara aktiva i ett förändringsarbete där man gemensamt jobbar med strategier för rekrytering, utbildning och utveckling kopplade till inkludering och mångfald. \nSkapa möjligheter tillsammans Hur får vi det att hända? Diskutera i ditt dotterbolag, med dina kollegor, med din chef, med oss.Hur jämställda är vi och hur jämställda vill vi vara?Hur kan jag och mitt dotterbolag jobba vidare med jämställdhets-och mångfaldsfrågorna?Vad kan vi göra för att synliggöra och bli medvetna om våra fördomar och bias? (Tänk börja, fortsätta, sluta)Hur ser våra processer ut? RekryteringBefordranTa fram exempel på hur vi \"Walk the talk\"?Vad kan vi göra för att få andra engagerade i dessa frågor?Ta gärna hjälp av föreslagna filmer och rapporter nedan.\nInspiration och rapporter kopplat till inkludering och mångfald\nNågra bra filmer att diskutera kopplat till mångfald och inkludering. Titta och diskutera gärna i er ledningsgrupp eller bolag.\n",
      "url": "https://b3it.sharepoint.com/teams/Hallbarhet/SitePages/B3-Include---Inkluderingsn%C3%A4tverket.aspx"
    },
    {
      "id": "3afbd787-f853-4866-b68a-ba3146e4e303",
      "title": "Hållbarhet",
      "description": "B3 strävar efter att vara ett etiskt och transparent bolag med goda relationer till samhället och med en positiv påverkan på människor och miljö. Det enskilt största bidraget till en mera hållbar värld sker genom bolagets tjänster. Bolaget arbetar a…",
      "created_by": "Per Matsson",
      "created_date": "2017-10-25T10:47:47",
      "last_modified_by": "",
      "last_modified_date": "2023-04-18T16:57:12",
      "content": "B3 strävar efter att vara ett etiskt och transparent bolag med goda relationer till samhället och med en positiv påverkan på människor och miljö. Det enskilt största bidraget till en mera hållbar värld sker genom bolagets tjänster. Bolaget arbetar aktivt med ansvarstagande och utgår från tre perspektiv: kunder, medarbetare och samhället. I bolagets Code of conduct finns riktlinjer för hur konsulterna ska arbeta och hur visselblåsare skyddas.B3 utbildar sina medarbetare inom hållbarhet. En självstudiekurs finns på B3s LMS-plattform, Learnifier (https://b3.learnifier.se/login/?redirect=https://b3.learnifier.se/a1/learner/). Agenda 2030 och de globala målen för hållbar utveckling2015 antog världens ledare globala mål för hållbar utveckling. Målen ska bidra till en socialt, ekonomiskt och miljömässigt hållbar utveckling och vara uppnådda till år 2030 i världens alla länder. Agenda 2030 består av 17 globala mål för hållbar utveckling som syftar till att utrota fattigdom, stoppa klimatförändringar och skapa fredliga och trygga samhällen. Här nedan beskrivs B3s hållbarhetsarbete uppdelat på fem grundpelare och en redovisning hur respektive område relaterar till FN:s 17 globala mål inom hållbarhet (SDG).För att läsa mer i detalj, se gärna hållbarhetssidorna i vår årsredovisning för 2022 (https://mb.cision.com/Main/13779/3747987/1972368.pdf) (från s.35)\n",
      "url": "https://b3it.sharepoint.com/teams/Hallbarhet/SitePages/CSR.aspx"
    },
    {
      "id": "227e3a1b-61cf-49ee-8b67-17ec5399e74a",
      "title": "Startsida",
      "description": "Vi bryr oss om världen och varandra Vårt främsta bidrag till en mer hållbar värld sker genom det arbete vi utför i våra kundprojekt. Men vi driver även flera andra initiativ. B3 vill vara ett bolag med goda relationer till samhället och med en posit…",
      "created_by": "Per Matsson",
      "created_date": "2017-10-20T13:54:56",
      "last_modified_by": "",
      "last_modified_date": "2023-04-18T16:52:41",
      "content": "Vi bryr oss om världen och varandraVårt främsta bidrag till en mer hållbar värld sker genom det arbete vi utför i våra kundprojekt. Men vi driver även flera andra initiativ. B3 vill vara ett bolag med goda relationer till samhället och med en positiv påverkan på människor och miljö. Vi bryr oss om världen och varandra.För att tydliggöra hållbarhetsstrategi och prioriteringar har B3 antagit en Hållbarhetspolicy (/%3ab%3a/t/Intranet/ETtGDOTy7uNJkhZGqWDNjckBw-ZYkHyWtOOZRJ1OX7HMog?e=BUyRbn). Den tjänar som ram för B3s hållbarhetsarbete och för de mål och handlingsplaner som har tagits fram för respektive område. Samtliga medarbetare, kontor och affärsområden är ansvariga för att medverka till B3s arbete enligt denna policy.B3s hållbarhetsarbete inriktas mot tre områden:KunderMedarbetareSamhälleKunderB3 ska verka för att:skapa hållbara lösningar för våra kunder genom att utnyttja digitaliseringens möjligheterMedarbetareB3 ska verka för att:ha ett hållbart ledarskap, dvs. ett inkluderande, proaktivt och hälsofrämjande ledarskap ed koppling till arbetsmiljöbejaka Inkludering och mångfaldstödja olika initiativ för wellness inom koncernenSamhälleB3 ska verka för att:erbjuda en hälsosam arbetsmiljömedverka till en god regional och global miljökartlägga bolagets miljöpåverkangenom partnerskap vara en kraft för ett gott samhälle för allaLäs gärna mer via länkarna ovan och på våra hållbarhetssidor på externa webben (https://www.b3.se/vi-bryr-oss) eller på den publika hållbarhetsportalen hos Nasdaq, se länk till höger.\n",
      "url": "https://b3it.sharepoint.com/teams/Hallbarhet/SitePages/Home.aspx"
    },
    {
      "id": "6b1aaf50-bd01-4a85-9cb7-96d3c5672328",
      "title": "Hållbarhetsutbildning",
      "description": "B3 har publicerat en utbildning för alla medarbetare inom hållbarhet. Utbildningen innehåller en grundläggande orientering om B3s hållbarhetsarbete och en fördjupningsdel kring olika perspektiv, ramverk och aktiviteter inom området. Kursen finns på …",
      "created_by": "Per Matsson",
      "created_date": "2023-03-03T12:50:53",
      "last_modified_by": "",
      "last_modified_date": "2023-03-16T12:57:14",
      "content": "B3 har publicerat en utbildning för alla medarbetare inom hållbarhet. Utbildningen innehåller en grundläggande orientering om B3s hållbarhetsarbete och en fördjupningsdel kring olika perspektiv, ramverk och aktiviteter inom området.Kursen finns på B3s LMS-plattform, Learnifier (https://b3.learnifier.se/login/?redirect=https://b3.learnifier.se/a1/learner/) och heter Hållbarhet på B3 - GrunderHållbarhet på B3 - FördjupningFrågor och svar kring kursenI tabellen finns frågor och svar på några av de saker som kommit upp. Har du andra funderingar så kontakta sidansvariga.FrågaSvarVarför fungerar inte pil upp/ner o/e Sida upp/ner i kursen?Dessa kommandon fungerar när kursen startats genom att man först har klicka med musen på någon del av kursen. Man kan alltså inte starta med dessa kommandon, men när kursen är startad så fungerar de.Hur ser jag att ett avsnitt är klart?Avsnittet markeras med en grön bock, se bild nedanVarför blir inte avsnittet klarmarkerat då jag slutfört avsnittet?Om avsnittet du genomförts inte klarmarkeras, testa detta:klicka på menyn med tre vita streck till höger i avsnittsfönstretdå visas vilka delar i avsnittet som inte klarmarketats. Gå tillbaka till dem och klicka dig igenom avsnittet.Varför blir inte avsnitt 2 i grundkursen klarmarkerat?I slutet av grundkursen får du upp denna text:Om avsnittet inte klarmarkerats, klicka på någon av länkarna till höger så slutförs avsnittet.Måste jag svara rätt på alla frågor för att bli klarmarkerad?Nej, du har två försök att svara,  oavsett resultat blir du sedan godkänd och kan fortsätta kursen. \n",
      "url": "https://b3it.sharepoint.com/teams/Hallbarhet/SitePages/H%C3%A5llbarhetsutbildning.aspx"
    },
    {
      "id": "dfde248b-5b5b-4eb7-a84a-934701683db3",
      "title": "Interna berättelser",
      "description": "Här hittar du inspiration från aktiviteter som vi tidigare deltagit i. Changers Tech B3 är samarbetspartner till organisationen Changers Hub och deltar i programmerarutbildningen Changers Tech, bland annat genom coachning. Samarbetet syftar till att…",
      "created_by": "Katarina Lundqvist",
      "created_date": "2017-10-26T08:14:29",
      "last_modified_by": "",
      "last_modified_date": "2022-11-02T21:55:51",
      "content": "Här hittar du inspiration från aktiviteter som vi tidigare deltagit i.\nChangers TechB3 är samarbetspartner till organisationen Changers Hub och deltar i programmerarutbildningen Changers Tech, bland annat genom coachning. Samarbetet syftar till att öka mångfalden inom IT-branschen.Valeria Soto Luta är en av deltagarna i Changers Tech som efter programmet jobbar som rekryterare på B3 parallellt med sina studier.Träffa Valeria i en intervju här (https://www.b3.se/intervju/valeria)\nMy Dream Now - ett ord från ett par av våra klasscoacher som engagerat sigTomek Jansson är klasscoach från B3 på gymnasieskolan Thorildsplan.\"Jag tycker den största behållningen hittills varit att berätta att vuxenvärlden inte skiljer sig så mycket från ungdom- och tonårsvärlden samt att ”stora” beslut/val sällan är definitiva och livsavgörande, tex att man kan byta inrikting/yrke/karriär efter några år. \"  \"En annan behållning har varit att lyfta vikten av delmål i livet. En elev berättade att hans mål var att bli miljonär då han fyllde 23 år, det var en stark känsla och övertygelse om att målet skulle uppnås. Men han hade inga som helst delmål eller plan på hur han skulle förverkliga sitt mål 2023:)Citat: ”jag kommer vara miljonär när jag är 23, jag vet att det bara kommer hända. En stark känsla”Vad är bra jobb? ”Cash!” ”Jag känner stress och ångest över vad som ska hända efter gymnasiet, så många val och beslut som måste tas”----------------------------------------------------------------------------------------------------Helena Lagman från B3 Innovation har hunnit med en träff hittills och är på ett gymnasium som UF-rådgivare: \" Det är jätteroligt att följa dessa ungdomar i deras arbete att starta företag, hur de lyckas med sin affärsidé och kanske kunna inspirera och stötta med min erfarenhet inom området!\"\nMentorprogrammet tillsammans med Mitt LivUnder 2017 och 2018 var B3 delaktiga i  mångfaldsprojekt tillsammans med organisationen Mitt Liv, som stöder företag och organisationer som vill arbeta aktivt med mångfaldsfrågor. Varför just detta engagemang ? Vi är många på B3 som engagerar sig personligen i frågor kring mänskliga rättigheter, miljö, mångfald och integration. Vi vill ta tillvara på det engagemanget samtidigt som vi gör en insats för ett av våra viktigaste samhällsproblem just nu, med bristande integration. En del i samarbetet med organisationen Mitt Liv är mentorskapsprogrammet \"Mitt Livs Chans\".Mentorprogrammet innebär att på individnivå stötta en person med utländsk bakgrund som redan har en högre utbildning och drömmer om ett jobb på den svenska arbetsmarknaden. Som mentor får du en förberedande utbildning av Mitt Liv, kan medverka i nätverksträffar samt genomföra egna möten med en adept.Här får du möjlighet att utöka din kompetens inom integration och mångfald, samtidigt som det kan bidra till att utveckla dig i din mentorroll. Vår uppgift som mentorer blir att dela med oss av vår kunskap om hur den svenska arbetsmarknaden fungerar och vad som krävs i konsultrollen. Vi kan bidra med våra professionella erfarenheter och se nya möjligheter i våra nätverk. Dessutom hjälper det oss att bli ett öppnare företag samtidigt som vi breddar vårt nätverk med nya kompetenser​.B3 hade 16 mentorer under 2017/2018. \nHur har vi engagerat oss tidigare?\nAndra initiativ i våra olika verksamheterAktion julklappen tillsammans med LäkarmissionenStötta barn som lever under begränsade ekonomiska resurser i EuropaLONELY CHRISTMAS TREE SEEKS GIFTS!: Julklappar, stötta barn som lever under begränsade ekonomiska resurser i SverigeMångfaldsdagen i Sundsvall Spin of hope - Barncancerfonden Klimatsmartare inköp till våra kontor med ekologiska alternativ Klimatkompensation av vår konferansresa till Dubrovnic: trädprojekt i Mexico motsvarande utsläpp av 220 ton koldioxid. Pro-bono som gympalärare B3Lego Mindstorms/programmering för barn på kontoretB3mössor till Sweden´s refugee runners Barnens Rätt I Samhället - gåvor till BRISB3FinCrime, ny verksamhet med fokus på att förhindra penningtvätt Pink Programming: som är en ideell förening som jobbar för att fler kvinnor ska få möjlighet att upptäcka det roliga med programmering. Vi tror på att detta kommer leda till ökad jämställdhet och lika möjligheter för alla och hoppas kunna bidra till att andelen kvinnor i teknikbranschen ökar. Stöd för 15-åring med ätstörningarStöd för personer som hamnat utanför arbetslivetFörsäljning av Mustaschkampen-reflex på kontoret Pro-bono arbete på Karolinska institutet till förmån för reumatism och MS i samband med framtagning av forskningssystem Frukostseminarium + workshop på temat Jämställdhet och den nya diskrimineringslagen                      Datorlyftet, insamling av äldre datorer upprustning samt återanvändning i en IT-utbildningStöttar Nackademin med att ta fram en högskoleutbilning inom DevOpsSponsorskap för en mängd olika ungdomsidrottsföreningarHjälpt Prostatacancerförbundet med deras IT samt ordnat fördelaktigt avtal med Cloud Services för förvaltning  \n",
      "url": "https://b3it.sharepoint.com/teams/Hallbarhet/SitePages/Interna%20ber%C3%A4ttelser.aspx"
    },
    {
      "id": "b3bb666e-1223-4caf-9f50-81526dc97d29",
      "title": "Mentorprogrammet igång!",
      "description": "I måndags startade mentorprogrammet Mitt Livs Chans upp för B3IT´s deltagare! Under hösten och en bit in på våren kommer 9 mentorer från B3IT att följa sina adepter under en spännande resa. Ytterligare 7 B3IT-mentorer kommer att kicka igång sitt men…",
      "created_by": "Johan Löfblad",
      "created_date": "2017-10-26T09:18:22",
      "last_modified_by": "",
      "last_modified_date": "2017-10-26T09:20:08",
      "content": "I måndags startade mentorprogrammet Mitt Livs Chans upp för B3IT´s deltagare!\nUnder hösten och en bit in på våren kommer 9 mentorer från B3IT att följa sina adepter under en spännande resa. \nYtterligare 7 B3IT-mentorer kommer att kicka igång sitt mentorskap i januari och vi kommer självklart att få följa våra mentorer på resan genom poddeltagande, sociala media och kanske till och med en film :-) \n\nKika på mingelbilderna, måndagens rivstart med några timmars mentorutbildning i Stockholm. \n\nVi önskar våra mentorer lycka på resan tillsammans med sina adepter! \n",
      "url": "https://b3it.sharepoint.com/teams/Hallbarhet/SitePages/Mentorprogrammet%20ig%C3%A5ng!.aspx"
    },
    {
      "id": "0f7f2534-5307-4b53-a90e-7c11085e8c0f",
      "title": "Hållbart samhälle",
      "description": "​ Vad gör vi på B3? Ett av de områden inom Hållbarhetsarbetet där vi har kommit långt är miljöområdet. B3 följer upp, mäter och redovisar ett antal områden som våra samlade CO2e per anställd, andel miljöbilar och genomsnittliga utsläpp från koncerne…",
      "created_by": "Per Matsson",
      "created_date": "2017-10-26T08:11:30",
      "last_modified_by": "",
      "last_modified_date": "2024-01-23T12:32:24",
      "content": "​Vad gör vi på B3? Ett av de områden inom Hållbarhetsarbetet där vi har kommit långt är miljöområdet. B3 följer upp, mäter och redovisar ett antal områden som våra samlade CO2e per anställd, andel miljöbilar och genomsnittliga utsläpp från koncernens fordon. Resultaten presenteras årligen i en Miljöutredning samt i vår årsredovisning.Vi har sedan flera år miljöcertifiering enligt ISO 14001, och B3 redovisar sedan 2019 miljöinformation på den publika portal som tillhandahålls av Nasdaq, ESG Listing Centre (https://listingcenter.nasdaq.com/home.aspx).Arbetet med miljöområdet regleras i det dagliga arbetet av vår hållbarhetspolicy, hållbarhetsriktlinjer och inköpspolicy.  Några förhållningssätt inom dessa områden kommer här:​Resande – vi skall såklart först och främst ställa oss frågor om resan verkligen är nödvändig eller om det går att använda sig av videokonferens eller liknande. I annat fall skall vi så långt det är möjligt använda klimatsmarta alternativ som exempelvis tåg. Konferenser – vid planering av konferenser tas miljöaspekten alltid i beaktning. Vi skall tänka på vår miljöpåverkan i såväl val av färdmedel som vid val av destination och konferensställe och göra bästa möjliga avvägning. Är anläggningen miljöcertifierad? Klimatkompenserar man?Konsultaktiviteter – vid konsultaktiviteter strävar vi efter att hitta miljövänliga alternativ. Finns det möjlighet att välja en miljöcertifierad restaurang? Dessutom skall vi helst välja ekologisk mat/fika/dryck.Förmånsbil – när det kommer till valet av förmånsbil ser vi gärna att man väljer miljöbil.Kontorsmateriel, förbrukningsartiklar – vid inköp av kontorsmaterial ska vi eftersträva artiklar av återvinningsbar/återvunnen karaktär.Utskrifter – utskrifter ska undvikas i största möjliga mån.Sopor – alla sopor ska källsorterasI övrigt bör man alltid, vid alla sorters inköp, leta efter miljömärkningar som t.ex.:Svanen är det officiella nordiska miljömärket instiftat av Nordiska Ministerrådet.Bra miljöval är Svenska Naturskyddsföreningens miljömärke.EU-blomman är ett gemensamt europeiskt miljömärke instiftat av EU.KRAV är en märkning av ekologisk produktion certifierad enligt föreningen Kravs regler. \n",
      "url": "https://b3it.sharepoint.com/teams/Hallbarhet/SitePages/Milj%C3%B6.aspx"
    },
    {
      "id": "06ac9dc0-9d4a-46f3-b3b5-994ec76d1859",
      "title": "B3 Samarbeten",
      "description": "Changers Hub B3 är huvudsponsorer till Changers Hub från 2022. Changers Hub har ett stort nätverk med unga vuxna från Stockholms ytterstadsområden och verkar för att demokratisera framgång med visionen att alla ska få samma möjlighet att förverkliga…",
      "created_by": "Katarina Lundqvist",
      "created_date": "2017-10-26T07:40:29",
      "last_modified_by": "",
      "last_modified_date": "2024-01-17T12:25:57",
      "content": "Changers HubB3 är huvudsponsorer till Changers Hub från 2022. Changers Hub har ett stort nätverk med unga vuxna från Stockholms ytterstadsområden och verkar för att demokratisera framgång med visionen att alla ska få samma möjlighet att förverkliga sina idéer och påverka sin framtid, oavsett bakgrund och förutsättningar. Changers Hub är ett innovationshus beläget i Alby, Botkyrka samt en hub vid Stureplan i Stockholm. De håller även på att starta upp hubbar i Göteborg och Malmö. Changers Hub erbjuder coworking space, kurser, inspirationsföreläsningar, events och idécoachning. Samarbetet ingår som ett av B3s initiativ för arbeta aktivt med jämställdhet och mångfald och genom partnerskapet kommer B3 och Changers Hub bidra till att:Ett 20-tal ungdomar inom Changers Hubs målgrupp utbildas inom front end utvecklingUnga inom målgruppen inspireras till att våga satsa på en karriär inom ITMångfald och inkludering inom IT branschen främjasAndelen av kvinnor som utbildar sig till front end utvecklare höjsUnga inom målgruppen stärker sitt självförtroendeDu som medarbetare på B3 är varmt välkommen att engagera dig som coach till Changers Hubs kurs ”Changers Tech” där vi får stötta deltagarna under en 6 veckors kurs. Du får möjlighet att stötta en ung talang och samtidigt bidra till välgörenhet då B3 skänker en summa till en välgörenhetsorganisation för nedlagda timmar. Coachningen går att genomföra digitalt och därför kan alla engagera sig oberoende av ort. Coacherna kommer även få en onboarding från Changers Hub gällande vad det innebär att vara coach.Är du intresserad av att bli coach? Ta kontakt med Johnne Adermark eller Sofia Dahlström.Pink Programming B3 är också med och sponsrar Pink Programming. Pink Programming är en ideell förening vars mål är att fler kvinnor ska programmera. Pink arbetar för en programmeringsvärld där kvinnor är lika självklara som män. Programmeringsglädjen ska vara tillgänglig för alla! \nB3 SI (Social Innovation) B3 har arbetat med social hållbarhet under alla år och under 2019 startades ytterligare ett initiativ i form av B3 SI. Verksamheten stöttar non profit organisationer med digital transformation utan att ha vinst för projekten, beroende på projekt engagerar vi olika delar av B3 för att driva och genomföra projekten. Genomförda projektDen moderna arbetsplatsen - Frisk & FriGDPR Compliance - Frisk & FriUtbildning O365 - Frisk & FriMigrering till O365 ConvictusWorkshop/utbildning \"den moderna arbetsplatsen\" Clowner utan gränserUtbildning O365 - effektivare arbetssätt - Suicide ZeroNy responsiv webb - ConvictusIT-säkerhet och GDPR- ConvictusUtveckling av programsite - Forum JämställdhetDrift och förvaltning av webb - Sveriges Kvinnolobby\n",
      "url": "https://b3it.sharepoint.com/teams/Hallbarhet/SitePages/Mitt%20Livs%20Chans%20-%20Mentorprogram.aspx"
    },
    {
      "id": "b0e5e4dc-7799-4226-98db-02ba3c253104",
      "title": "My Dream Now",
      "description": "My Dream Now hade  arbetsplatsbesök på vårt Göteborgskontor av elever från Bergsjöskolan, åk 7A. Träffarna arrangeras i samarbete med My Dream Now som inspirerar till samverkan mellan skola och arbetsliv. Vid första träffen pratade vi om framtidsdrö…",
      "created_by": "Silvia Modin",
      "created_date": "2019-06-13T18:01:00",
      "last_modified_by": "",
      "last_modified_date": "2019-06-13T18:12:23",
      "content": "My Dream Now hade  arbetsplatsbesök på vårt Göteborgskontor av elever från Bergsjöskolan, åk 7A. Träffarna arrangeras i samarbete med My Dream Now som inspirerar till samverkan mellan skola och arbetsliv. Vid första träffen pratade vi om framtidsdrömmar, igår handlade det bland annat om fritidsintressen, att till exempel vara med i en förening. Jakob, en av klasscoacherna, visade upp sitt fritidsintresse och spelade gitarr. Tack alla som deltog för en inspirerande träff.\n",
      "url": "https://b3it.sharepoint.com/teams/Hallbarhet/SitePages/My-Dream-Now.aspx"
    }
  ]
}