{
  "name": "Icebreaker",
  "description": "Slumpmässiga bokningar med kollegor på veckobasis",
  "url": "https://b3it.sharepoint.com/teams/Icebreaker",
  "pages": [
    {
      "id": "53e055de-e02e-41dd-b281-98047af4d965",
      "title": "Startsida",
      "description": "",
      "created_by": "Systemkonto",
      "created_date": "2019-06-22T11:10:10",
      "last_modified_by": "",
      "last_modified_date": "2019-06-22T11:10:10",
      "content": "",
      "url": "https://b3it.sharepoint.com/teams/Icebreaker/SitePages/Home.aspx"
    }
  ]
}