{
  "name": "Init",
  "description": "Office 365-grupp för Init",
  "url": "https://b3it.sharepoint.com/teams/b3itinit",
  "pages": [
    {
      "id": "24acfd44-4a23-4043-8207-7ba32318e0cb",
      "title": "Startsida",
      "description": "",
      "created_by": "Systemkonto",
      "created_date": "2016-10-04T09:08:03",
      "last_modified_by": "",
      "last_modified_date": "2016-10-04T09:08:03",
      "content": "",
      "url": "https://b3it.sharepoint.com/teams/b3itinit/SitePages/Home.aspx"
    }
  ]
}