{
  "name": "IT",
  "description": "Portal för IT på B3IT",
  "url": "https://b3it.sharepoint.com/teams/ITPortalen",
  "pages": [
    {
      "id": "a3b54b4c-37b6-4e0d-96ec-a0603a9dd79d",
      "title": "Azure subscription",
      "description": "Rutin för uppsättning av nya Subscriptions i Azure För att komma direkt till beställningsformulär för ny Azure Subscription klicka här",
      "created_by": "Joakim Vikman",
      "created_date": "2018-05-30T19:46:12",
      "last_modified_by": "",
      "last_modified_date": "2022-06-23T13:24:49",
      "content": "Rutin för uppsättning av nya Subscriptions i AzureFör att komma direkt till beställningsformulär för ny Azure Subscription klicka här (https://forms.office.com/Pages/ResponsePage.aspx?id=S3Y4srkFp0iivVWjV97krqWENwOqI9hMlwjwXXMySZ9UQ1EyQlU4RU9JOURPOUFRRzNXWDBKR0dPVi4u)\n",
      "url": "https://b3it.sharepoint.com/teams/ITPortalen/SitePages/Azure%20subscription.aspx"
    },
    {
      "id": "e349ce6f-cbaa-4d03-bec5-dc26a72f87ad",
      "title": "BYOD",
      "description": "Vår IT-policy klassificerar enheter tillhörande den personliga arbetsmiljön som BYOD, Bring Your Own Device , vilket innebär att du ansvarar ytterst själv för att de är: fungerande uppdaterade med de senaste mjukvaruuppdateringarna säkra säkerhetsko…",
      "created_by": "Joakim Vikman",
      "created_date": "2022-06-10T15:29:50",
      "last_modified_by": "",
      "last_modified_date": "2022-06-11T10:17:44",
      "content": "Vår IT-policy klassificerar enheter tillhörande den personliga arbetsmiljön som BYOD, Bring Your Own Device, vilket innebär att du ansvarar ytterst själv för att de är:fungerandeuppdaterade med de senaste mjukvaruuppdateringarnasäkrasäkerhetskopierade (backup)primärt nyttjas för arbete och inte används av någon annan än dig självVid problem kan du, i mån av tid och till bästa förmåga, få hjälp av vår IT-support (/teams/ITPortalen/SitePages/Support.aspx).\n",
      "url": "https://b3it.sharepoint.com/teams/ITPortalen/SitePages/BYOD.aspx"
    },
    {
      "id": "b04b9577-63e3-4f39-aa63-7ae4697bec83",
      "title": "Cinode har infört en ny teknik för cv-mallar",
      "description": "Cinode har infört en ny teknik för cv-mallar och våra två (en+sv) cv-mallar har \"migrerats\" till den nya tekniken. Det är nya mallar men med samma utseende som tidigare. Detta kommer att innebära att en hel del problem som vi haft med de tidigare ma…",
      "created_by": "Joakim Vikman",
      "created_date": "2023-03-17T16:25:15",
      "last_modified_by": "",
      "last_modified_date": "2023-03-17T16:31:45",
      "content": "Cinode har infört en ny teknik för cv-mallar och våra två (en+sv) cv-mallar har \"migrerats\" till den nya tekniken. Det är nya mallar men med samma utseende som tidigare. Detta kommer att innebära att en hel del problem som vi haft med de tidigare mallarna kommer att försvinna.Befintliga CV:n gjorda med de tidigare mallarna kommer inte att påverkas. Man kan fortfarande redigera och exportera dem, men de går inte att kopiera. Det kommer endast att kunna skapas nya CV:n med de nya mallarna.\n",
      "url": "https://b3it.sharepoint.com/teams/ITPortalen/SitePages/Cinode-har-inf%C3%B6rt-en-ny-teknik-f%C3%B6r-cv-mallar.aspx"
    },
    {
      "id": "959e6ddc-1e06-470e-ad5b-160c4908b106",
      "title": "Cinode och användarkortet",
      "description": "Nu kan man som chef redigera användarkorten för konsulterna i det egna bolaget. T.ex. om man vill ändra sysselsättningsgrad eller måltariff. Se Chefsstöd och verktyg i Chefsrummet. Ett stort tack till Mattias och Johan från CodeRight som snickrat ih…",
      "created_by": "Joakim Vikman",
      "created_date": "2023-03-03T07:51:32",
      "last_modified_by": "",
      "last_modified_date": "2023-03-03T09:00:46",
      "content": "Nu kan man som chef redigera användarkorten för konsulterna i det egna bolaget. T.ex. om man vill ändra sysselsättningsgrad eller måltariff. Se Chefsstöd och verktyg i Chefsrummet.Ett stort tack till Mattias och Johan från CodeRight som snickrat ihop detta!/Joakim\n",
      "url": "https://b3it.sharepoint.com/teams/ITPortalen/SitePages/Cinode-och-anv%C3%A4ndarkortet.aspx"
    },
    {
      "id": "9ac3c075-aa78-4337-b838-598f54004bc0",
      "title": "DealManager",
      "description": "",
      "created_by": "Joakim Vikman",
      "created_date": "2024-06-18T11:51:11",
      "last_modified_by": "",
      "last_modified_date": "2024-06-18T11:57:09",
      "content": "",
      "url": "https://b3it.sharepoint.com/teams/ITPortalen/SitePages/DealManager.aspx"
    },
    {
      "id": "a43e797c-ebb2-44ac-b8d4-5d5a978c850b",
      "title": "Driftstörning hos Microsoft",
      "description": "Driftstörning - Microsoft har just nu en pågående driftstörning som innebär att det är problem att öppna delade postlådor i Outlook skrivbordsapp. Som en tillfällig lösning kan du öppna den delade lådan i Outlook på webben. Logga in med ditt konto p…",
      "created_by": "Joakim Vikman",
      "created_date": "2023-09-12T08:29:21",
      "last_modified_by": "",
      "last_modified_date": "2023-09-12T08:34:25",
      "content": "Driftstörning - Microsoft har just nu en pågående driftstörning som innebär att det är problem att öppna delade postlådor i Outlook skrivbordsapp. Som en tillfällig lösning kan du öppna den delade lådan i Outlook på webben. Logga in med ditt konto på https://outlook.office.com/ (https://outlook.office.com/)Klicka på ikonen med din bild (om ingen bild finns visas dina initialer) uppe i det högra hörnet av Outlook på webben.Klicka på Öppna en annan postlåda.Skriv e-postadressen till den andra postlådan som du vill öppna och klicka sedan på Öppna. Nu öppnas en ny Outlook på webben-session i ett separat fönster.\n",
      "url": "https://b3it.sharepoint.com/teams/ITPortalen/SitePages/Driftst%C3%B6rning---Microsoft.aspx"
    },
    {
      "id": "743c19b8-1f91-42e2-9422-5fd2e3b862fc",
      "title": "Group expiration policy",
      "description": "Varför Många samarbeten/resurser inom MS365 har skapats sedan vi började använda tjänsten. När ett t.ex. ett Team, en planner eller stream-kanal skapas så skapas även en grupp i bakgrunden. Om en ägare/skapare av en sådan inte självmant tar bort den…",
      "created_by": "Joakim Vikman",
      "created_date": "2022-02-24T14:16:23",
      "last_modified_by": "",
      "last_modified_date": "2022-02-24T14:59:26",
      "content": "Varför Många samarbeten/resurser inom MS365 har skapats sedan vi började använda tjänsten. När ett t.ex. ett Team, en planner eller stream-kanal skapas så skapas även en grupp i bakgrunden. Om en ägare/skapare av en sådan inte självmant tar bort den så kommer den leva kvar för evigt, detta gäller även där personen slutat på B3.  Det finns därav väldigt många resurser som inte används som ligger kvar inom våran 365-miljö. Det här ger flera problem. För användaren så kan det bli svårare att hitta korrekt information om man har för många grupper/team att söka information i. För administratörer blir det samma sak, mer svåröverskådligt. Och kan medföra legala problem t.ex. med GDPR Artikel 5 (lagringsminimering). Vad Vi kommer 2022-03-21 aktivera en policy på alla grupper (team/planner mm.) som kommer att se om gruppen är oanvänd senaste 180 dagarna. Om någon av följande aktiviteter registreras så räknas gruppen som använd och är inte omfattad: En fil läses/redigeras/skapas Ett meddelande läses/skickas via gruppens brevlåda En kanal i teams besöks Men om inget av ovanstående har skett senaste 180 dagarna kommer policyn aktiveras och följande händer: 30 dagar innan tiden gått ut får ägaren ett mail med fråga om att förlänga gruppens kvarlevande 15 dagar innan tiden gått ut får ägaren ett mail med fråga om att förlänga gruppens kvarlevande 1 dag innan tiden gått ut får ägaren ett mail med fråga om att förlänga gruppens kvarlevande Om gruppen inte förlängts så raderas den med eventuella kopplade resurser (team/planner mm) Om ägaren missat notifieringarna så finns en möjlighet under 30 dagar att återställa gruppen och dess innehåll. \n",
      "url": "https://b3it.sharepoint.com/teams/ITPortalen/SitePages/Group-expiration-policy.aspx"
    },
    {
      "id": "fe7270ed-4a59-4c25-9671-8f3ef3dd7485",
      "title": "Startsida",
      "description": "",
      "created_by": "Joakim Vikman",
      "created_date": "2017-08-19T10:52:40",
      "last_modified_by": "",
      "last_modified_date": "2021-09-03T15:26:35",
      "content": "",
      "url": "https://b3it.sharepoint.com/teams/ITPortalen/SitePages/Home.aspx"
    },
    {
      "id": "22634e48-7e37-46da-81a8-f3579f879b50",
      "title": "Hur klassificerar jag epost",
      "description": "Office klienter I klientapplikationerna inom Office så finns ett val för \"Känslighet\" i menyn, standardval är \"Intern information\". Epost av klassen \"Strikt konfidentiell\" blir krypterad och enbart mottagaren kan ta del av meddelandet. När ett epost…",
      "created_by": "Joakim Vikman",
      "created_date": "2021-02-12T13:47:49",
      "last_modified_by": "",
      "last_modified_date": "2021-10-11T12:42:44",
      "content": "Office klienterI klientapplikationerna inom Office så finns ett val för \"Känslighet\" i menyn, standardval är \"Intern information\". Epost av klassen \"Strikt konfidentiell\" blir krypterad och enbart mottagaren kan ta del av meddelandet.\nNär ett epostmeddelande är klassificerat så syns vilken informationsklass som är valt i huvudet på meddelandet.\n",
      "url": "https://b3it.sharepoint.com/teams/ITPortalen/SitePages/Hur-klassificerar-jag-epost.aspx"
    },
    {
      "id": "2b29d6f5-8869-477b-ada3-2e9edfe321a9",
      "title": "Hur klassificerar jag ett dokument",
      "description": "Office klienter I klientapplikationerna inom Office så finns ett val för \"Känslighet\" i menyn, standardval är \"Intern information\". Etiketten kan bytas efterhand vid redigering av dokumentet. När ett dokument är klassificerat så syns vilken informat…",
      "created_by": "Joakim Vikman",
      "created_date": "2020-12-08T19:29:27",
      "last_modified_by": "",
      "last_modified_date": "2021-10-11T12:42:30",
      "content": "Office klienterI klientapplikationerna inom Office så finns ett val för \"Känslighet\" i menyn, standardval är \"Intern information\". Etiketten kan bytas efterhand vid redigering av dokumentet.\nNär ett dokument är klassificerat så syns vilken informationsklass som är valt i statusfältet. \nDokument av informationsklass \"Strikt konfidentiell\"När du klassificerar ett dokument som strikt konfidentiell så krypteras informationen.Du kommer därför att behöva välja vem eller vilka användare som ska kunna låsa upp och få tillgång till informationen.När du valt \"Strikt konfidentiell\" så kommer en ruta öppnas där du väljer vem/vilka som ska ha läs eller redigeringsmöjligheter.Notera att detta endast är möjligt från klient på PC/Mac.\n",
      "url": "https://b3it.sharepoint.com/teams/ITPortalen/SitePages/Hur-klassificerar-jag-ett-dokument.aspx"
    },
    {
      "id": "ad4daeed-006c-49db-8ed1-1c6b92386633",
      "title": "Hur klassificerar jag ett team",
      "description": "Teams När du skapar ett nytt team så får du välja informationsklass. Val av klass kommer påverka vilka inställningar du kan göra senare under skapandet. T.ex. om ditt team får vara öppet eller om externa ska kunna bjudas in. När ett team är klassifi…",
      "created_by": "Joakim Vikman",
      "created_date": "2021-02-12T13:52:35",
      "last_modified_by": "",
      "last_modified_date": "2021-10-11T12:42:56",
      "content": "TeamsNär du skapar ett nytt team så får du välja informationsklass. Val av klass kommer påverka vilka inställningar du kan göra senare under skapandet. T.ex. om ditt team får vara öppet eller om externa ska kunna bjudas in.\nNär ett team är klassificerat så syns vilken informationsklass som är valt i teams i övre högra hörnet för teamet.\n",
      "url": "https://b3it.sharepoint.com/teams/ITPortalen/SitePages/Hur-klassificerar-jag-ett-team.aspx"
    },
    {
      "id": "9160d2e0-8d55-4ba2-9ea6-e9c552e97087",
      "title": "Här hittar du vårt nya avtalssystem",
      "description": "För dig som hanterar avtal hittar du länk till vårt nya avtalssystem här Min anställning/Interna verktyg Om B3/IT/Länkar Säljportalen eller så följer du bara länken https://b3agreement.crm4.dynamics.com/",
      "created_by": "Joakim Vikman",
      "created_date": "2021-09-30T09:09:09",
      "last_modified_by": "",
      "last_modified_date": "2021-09-30T09:20:08",
      "content": "För dig som hanterar avtal hittar du länk till vårt nya avtalssystem härMin anställning/Interna verktygOm B3/IT/LänkarSäljportaleneller så följer du bara länken https://b3agreement.crm4.dynamics.com/ (https://b3agreement.crm4.dynamics.com/)\n",
      "url": "https://b3it.sharepoint.com/teams/ITPortalen/SitePages/H%C3%A4r-hittar-du-v%C3%A5rt-nya-avtalssystem.aspx"
    },
    {
      "id": "af7bb961-a486-4368-87da-d1b788429050",
      "title": "Informationsklasser inom B3",
      "description": "Inom B3 har vi 4 st informationsklasser. För varje informationsklass så följer en beskrivning samt dom regler och funktioner som är kopplade till respektive klass. Publik information Information om B3, våra kunder och anställda som är eller inom kor…",
      "created_by": "Joakim Vikman",
      "created_date": "2020-12-08T19:40:25",
      "last_modified_by": "",
      "last_modified_date": "2021-10-11T12:42:15",
      "content": "Inom B3 har vi 4 st informationsklasser.För varje informationsklass så följer en beskrivning samt dom regler och funktioner som är kopplade till respektive klass.\nPublik informationInformation om B3, våra kunder och anställda som är eller inom kort blir ”allmänt känd” eller \"extern\". Exempel: Material som finns på externwebb, data- och produktblad, beskrivning av kundcase, nyhetsbrev.Dokument/E-postInga regler eller funktioner, enbart klassificering för spårbarhet och statistik.Team/365-grupp/SharePoint-webbplatsExterna medlemmar tillåts, team får vara öppet eller privat. Innehåll som lagras bör inte ha annan klassning än \"Publik information\"\nIntern informationHuvuddelen av den information vi producerar är klassificerad som intern information. Informationen hanteras av anställd på B3 eller kontrakterad underkonsult (med avtal om sekretess). ​​​​​​​Dokument/E-postInga regler eller funktioner, enbart klassificering för spårbarhet och statistik.Team/365-grupp/SharePoint-webbplatsExterna medlemmar tillåts inte, team får vara öppet eller privat. Innehåll som lagras bör inte ha annan klassning än \"Publik information\" eller \"Intern information\"\nKonfidentiellAnställningsavtal, affärsuppgörelser utöver standardavtal, känsliga personuppgifter samt affärsplaner är klassificerade som \"konfidentiell information\". Annan information kan få denna klass, och den ska då ha märkningen \"konfidentiell\".Dokument/E-postInga regler eller funktioner, enbart klassificering för spårbarhet och statistik.Team/365-grupp/SharePoint-webbplatsExterna medlemmar tillåts, team får enbart vara privat. Innehåll som lagras bör inte ha annan klassning än \"Publik information\", \"Intern information\" eller \"Konfidentiell\"\nStrikt konfidentiellInformation som har denna märkning ska bara hanteras av ett fåtal. Dokument ska märkas med \"strikt konfidentiell\" och det ska alltid ha en ägare/upphovsman. Det är ägaren som skickar eller delger information till nya mottagare.Av tekniska orsaker kan dokument enbart klassificeras som strikt konfidentiell via klientapplikationerna och inte via webbgränssnittet.Dokument/E-postKrypterat innehåll. För e-post enbart direkta mottagare som kan läsa, för dokument väljs personer när klassen väljs. Går inte att skriva ut, ta skärmklipp på, vidarebefordra samt efter 3 dagar offline (t.ex. på extern lagring) så låses dokumentet för alla.Team/365-grupp/SharePoint-webbplatsExterna medlemmar tillåts inte, team får enbart vara privat. Innehåll som lagras får ha valfri informationsklass.\n",
      "url": "https://b3it.sharepoint.com/teams/ITPortalen/SitePages/Informationsklasser-inom-B3.aspx"
    },
    {
      "id": "14028e91-630a-4a0c-aa2b-222dca074104",
      "title": "Informationsklassning av information",
      "description": "Allt innehåll bör klassificeras för spårbarhet, säkerhet samt regelefterlevnad. Klassningen hjälper organisationen att spåra känslig information samt hjälper användaren att veta vilken typ av information som hen behandlar och hur den får spridas. IT…",
      "created_by": "Jakob Kielland",
      "created_date": "2020-12-08T18:58:43",
      "last_modified_by": "",
      "last_modified_date": "2023-08-28T12:37:59",
      "content": "Allt innehåll bör klassificeras för spårbarhet, säkerhet samt regelefterlevnad. Klassningen hjälper organisationen att spåra känslig information samt hjälper användaren att veta vilken typ av information som hen behandlar och hur den får spridas.IT-system och andra tillgångarIT-system och tillgångar ska klassas enligt följande rutin.  (/teams/OmB3IT/SitePages/Informationsklassning%281%29.aspx)Klassning i O365B3 använder sig av känslighetsetiketter för att klassificera information inom Microsoft 365. Klassning av innehåll är tillgängligt för dokument skapade via Office-applikationerna, Microsoft 365-grupper, Teams och SharePoint-webbplatser.Dokument (Office-filer)En känslighetsetikett följer med dokumentet oavsett var det lagras. Säkerhetsfunktionalitet så som kryptering och vattenstämplar kan användas för att säkra informationen. För tillfället så stödjs enbart Office-applikationerna för att klassificera dokumenten och är tillgängligt både via klient samt webb-redigering.EpostEpost samt dess bifogade filer ska klassas med en etikett. Outlook har stöd i klient, webb och app för klassificering av innehåll. Krypterad epost kräver autentisering av mottagare, och eposten får inte vidarebefodras.Grupper/TeamsGrupper klassificeras och bestämmer då om externa medlemmar får bjudas in samt om teamet får vara öppet eller privat. \nOm all information är korrekt klassificerad hjälper det B3 att spåra känslig information samt få en överblick på vilken typ av information som finns inom bolaget. Extra känslig information krypteras och spärras för delning till fler än tilltänka mottagare.\nInformationsklassen hjälper oss att följa regler så som GDPR och ISO 27001 genom att skydda känslig data.\nEn korrekt klassificering hjälper den anställde att agera utifrån klassificeringen på den information som hen hanterar. Får dokumentet delas till externa parter, bör det sparas på en teamsyta där många har behörighet till det osv. Den som skapar informationen ansvarar för att klassificera det.\n",
      "url": "https://b3it.sharepoint.com/teams/ITPortalen/SitePages/Informationsklassning.aspx"
    },
    {
      "id": "ee73e29d-6058-47b8-b753-1d54c32a1319",
      "title": "Inköp av dator",
      "description": "Den här sidan beskriver hur det normalt går till när man köper in en dator. Du bör dock kontrollera med din chef om det är andra rutiner som gäller inom bolaget du tillhör. Stegen är som följer: Kika runt på leverantörernas produktsidor, läs recensi…",
      "created_by": "Joakim Vikman",
      "created_date": "2022-06-10T14:55:01",
      "last_modified_by": "",
      "last_modified_date": "2023-05-22T09:22:07",
      "content": "Den här sidan beskriver hur det normalt går till när man köper in en dator. Du bör dock kontrollera med din chef om det är andra rutiner som gäller inom bolaget du tillhör. Stegen är som följer:Kika runt på leverantörernas produktsidor, läs recensioner och bolla med kollegor, se vägledningen (/teams/ITPortalen/SitePages/Val-av-dator.aspx).Ansök om att få köpa in vald dator genom att göra en inköpsförfrågan (/teams/Intranet/SitePages/Ink%c3%b6psf%c3%b6rfr%c3%a5gan.aspx).Själva inköpet kan göras på lite olika sätt:Du köper själv och hanterar det som utlägg mot RAM.Du ber din chef att köpa in.Datorn får högst kosta (exklusive moms) ett halvt prisbasbelopp (24 150, för 2022), se SCB (http://www.scb.se/hitta-statistik/statistik-efter-amne/priser-och-konsumtion/konsumentprisindex/konsumentprisindex-kpi/pong/tabell-och-diagram/prisbasbelopp/prisbasbelopp/). Undantag kan ges baserat på motivering av behov.\n",
      "url": "https://b3it.sharepoint.com/teams/ITPortalen/SitePages/Ink%C3%B6p-av-dator.aspx"
    },
    {
      "id": "030dbc1d-2f7f-4e05-8e2e-9e119753f2c2",
      "title": "Installation av dator",
      "description": "Installation idag av Windows och macOS är relativt enkelt. Man slår på datorn och följer en enkel dialog. Tillse att det finns ett nätverk med internetkoppling som datorn kan ansluta till. Utför stegen som följer under respektive avsnitt. ​​​​​​ Win…",
      "created_by": "Joakim Vikman",
      "created_date": "2022-06-10T15:25:36",
      "last_modified_by": "",
      "last_modified_date": "2022-11-26T14:10:48",
      "content": "Installation idag av Windows och macOS är relativt enkelt. Man slår på datorn och följer en enkel dialog. Tillse att det finns ett nätverk med internetkoppling som datorn kan ansluta till. Utför stegen som följer under respektive avsnitt.​​​​​​Windows 10 Professional (/teams/ITPortalen/SitePages/Installation-av-dator.aspx#windows-10-professional)Windows 11 Professional (/teams/ITPortalen/SitePages/Installation-av-dator.aspx#windows-11-professional)macOS 12/13 (Monterey/Ventura) (/teams/ITPortalen/SitePages/Installation-av-dator.aspx#macos-12-13-%28monterey-ventura%29)Nödvändiga program (/teams/ITPortalen/SitePages/Installation-av-dator.aspx#n%C3%B6dv%C3%A4ndiga-program)Office 365 (/teams/ITPortalen/SitePages/Installation-av-dator.aspx#office-365-appar)Chrome (/teams/ITPortalen/SitePages/Installation-av-dator.aspx#chrome)Acrobat Reader (/teams/ITPortalen/SitePages/Installation-av-dator.aspx#adobe-acrobat-reader)uniFLOW SmartClient (/teams/ITPortalen/SitePages/Installation-av-dator.aspx#uniflow-smartclient)​​​​​​​Windows 10 ProfessionalSlå på datornVälj språk, tids- och valutaformat samt tangentbordslayout. De skall normalt vara Svenska (Sverige), Svenska (Sverige) och Svensk.Tryck på Nästa och sedan Installera nu. Operativsystemet kopieras till datorns hårddisk och datorn startas om.Kontrollera att region Sverige är vald och tryck på Ja.Kontrollera att tangentbordslayout Svensk är vald och tryck på Ja.Välj Hoppa över till att lägga till en andra tangentbordslayout.Välj Konfigurera för en organisation och tryck på Nästa.Ange din e-postadress förnamn.efternamn@b3.se som användarnamn och tryck på Nästa.Ange lösenordet till ditt B3 Office 365 konto och tryck på Nästa.Svara Nej och tryck på Acceptera på raden av de sex frågor som följer. Välj alternativet Skicka obligatoriska diagnostikdata.När Använd Windows Hello med ditt konto visas tryck på OK.Nu begär multifaktorautentiseringen (MFA) den extra faktorn för inloggning, t.ex. kod via SMS eller godkännande via app t.ex. Microsoft Authenticator.Skapa en PIN-kod för alternativ inloggning, avsluta med att trycka på OK.Svara Nej på frågan ifall datorn skall kunna upptäckas i nätverket.Nu slutförs installationen. När den är klar skall du vara inloggad och se skrivbordet på bildskärmen.Välj Start/Inställningar och sedan Uppdatering och säkerhet. Sök efter uppdateringar i Windows Update. Tryck på Sök efter uppdateringar även om det står att det inte finns några eller att systemet är uppdaterat med de alla senaste uppdateringarna. Installera funna uppdateringar. När allt funnet är uppdaterat upprepa då proceduren ytterligare en gång. Fortsätt så ända tills det inte finns några uppdateringar längre, trots att du trycker på Sök efter uppdateringar.Välj Start/Inställningar och sedan Anpassning. Välj Låsskärmen och klicka sedan på Inställningar för skärmsläckare. Markera boxen Återvänd till inloggningsskärmen och sätt vänta till 5 minuter samt tryck sedan på OK.Välj Start/Windows-systemet/Kontrollpanelen och sedan System och säkerhet/BitLocker-diskkryptering. Välj Aktivera BitLocker.För säkerhetskopiering av återställningsnyckeln väljer du Spara i ditt Azure AD-konto och tryck sedan på Nästa.Tillse att Kryptera enbart använt diskutrymme är valt och tryck på Nästa.Tillse att Nytt krypteringsläge är valt och tryck på Nästa.Markera Kör BitLocker-systemkontroll och tryck på Starta kryptering.Du behöver nu starta om datorn.Beroende på hur datorn är bestyckad med komponenter kan det i dialogen ovan tillkomma moment t.ex. förkonfiguration av fingeravtrycksläsareansiktsigenkänning via kameraeller andra datorspecifika inställningarSom ett avslutande steg behöver du besöka datortillverkarens supportsidor och ladda ned uppdateringar av hårdvaruspecifika drivrutiner och bios för just din datormodell. Windows innehåller vanligen generiska drivrutiner, så för att din dator skall fungera på bästa sätt behöver du installera datortillverkarens programvaror.Windows 11 ProfessionalSlå på datornVälj språk, tids- och valutaformat samt tangentbordslayout. De skall normalt vara Svenska (Sverige), Svenska (Sverige) och Svensk.Tryck på Nästa och sedan Installera nu. Operativsystemet kopieras till datorns hårddisk och datorn startas om.Rätt land eller region, kontrollera att Sverige är vald och tryck på Ja.Kontrollera att tangentbordslayout Svensk är vald och tryck på Ja.Välj Hoppa över till att lägga till en andra tangentbordslayout.Ge enheten ett namn t.ex. dina initialer följt av -datormodell (fe-modell) och tryck på Nästa.Välj Konfigurera för arbete eller skola och tryck på Nästa.Ange din e-postadress förnamn.efternamn@b3.se som användarnamn och tryck på Nästa.Ange lösenordet till ditt B3 Office 365 konto och tryck på Logga in.Svara Nej och tryck på Acceptera på raden av de sex frågor som följer. Välj alternativet Skicka obligatoriska diagnostikdata. Möjligen vill du låta Microsoft och appar använda din position genom att välja Ja och trycka på Acceptera. Detta för att t.ex. erhålla väderleksprognos för din position.När Använd Windows Hello med ditt konto visas tryck på OK.Nu begär multifaktorautentiseringen (MFA) den extra faktorn för inloggning, t.ex. kod via SMS eller godkännande via app t.ex. Microsoft Authenticator.Skapa en PIN-kod för alternativ inloggning, avsluta med att trycka på OK. Tryck på OK ytterligare en gång.Nu slutförs installationen. När den är klar skall du vara inloggad och se skrivbordet på bildskärmen.Välj Start/Inställningar och sedan Windows Update. Ladda ned alla uppdateringar och installera dessa. Omstarter av datorn kan krävas. När alla uppdateringar är installerade gå då in i Windows Update igen och tryck på Sök efter uppdateringar. Fortsätt upprepat att söka efter och installera uppdateringar ända tills det inte finns några uppdateringar längre att installera, trots att du trycker på Sök efter uppdateringar.Välj Start/Inställningar och sedan Anpassning. Välj Låsskärmen och klicka sedan på Inställningar för skärmsläckare. Markera boxen Återvänd till inloggningsskärmen och sätt vänta till 5 minuter samt tryck sedan på OK.Välj  Start/Inställningar/System/Lagring/Avancerade lagringsinställningar/Diskar och volymer och markera volymen C:. Tryck på Egenskaper och välj Aktivera BitLocker. Välj Aktivera BitLocker igen.För säkerhetskopiering av återställningsnyckeln väljer du Spara i ditt Azure AD-konto och tryck sedan på Nästa.Tillse att Kryptera enbart använt diskutrymme är valt och tryck på Nästa.Tillse att Nytt krypteringsläge är valt och tryck på Nästa.Markera Kör BitLocker-systemkontroll och tryck på Starta kryptering.Du behöver nu starta om datorn.Beroende på hur datorn är bestyckad med komponenter kan det i dialogen ovan tillkomma moment t.ex. förkonfiguration av fingeravtrycksläsareansiktsigenkänning via kameraeller andra datorspecifika inställningarSom ett avslutande steg behöver du besöka datortillverkarens supportsidor och ladda ned uppdateringar av hårdvaruspecifika drivrutiner och bios för just din datormodell. Windows innehåller vanligen generiska drivrutiner, så för att din dator skall fungera på bästa sätt behöver du installera datortillverkarens programvaror.macOS 12/13 (Monterey/Ventura)Slå på datornTryck på knappen Get started.Välj språk Svenska och tryck på högerpilen.Välj land och region till Sverige och tryck på Fortsätt. Tryck på Fortsätt igen.Anpassa inte hjälpmedel nu genom att trycka på Inte nu. Tryck sedan på Fortsätt.Flyttassistenten, välj att inte överföra någon information genom att trycka på Inte nu.Har du ett Apple-ID kan du välja att logga in nu, men du kan även göra det efter att installationen är klar genom att trycka på Ställ in senare och sedan tryck på Hoppa över. Har du ett Apple-ID är det lika bra att du loggar in nu.Acceptera licensavtalet genom att trycka på Godkänn och sedan Godkänn igen.Ange fullständigt namn, Förnamn Efternamn, ett kontonamn t.ex. förnamn samt lösenord (minst 8 tecken med siffra, gemen, versal och specialtecken). Du kan välja att ange en ledtråd för att komma ihåg lösenordet. Tryck sedan på Fortsätt.Aktivera platstjänster genom att markera boxen och trycka på Fortsätt.Avmarkera båda boxarna som ger tillåtelse till att data sänds till Apple och tryck sedan på Fortsätt.Välj att ställa in skärmtid senare genom att trycka på Ställ in senare.Avmarkera boxen för att aktivera Siri och tryck sedan på Fortsätt.Välj utseende, Ljust rekommenderas, och tryck sedan på Fortsätt.Nu slutförs installationen. När den är klar skall du vara inloggad och se skrivbordet på bildskärmen.Har du inte loggat in i ditt Apple-ID tidigare så är det dags att göra det nu. Klicka på Systeminställningar och sedan på knappen Logga in uppe till höger (Ventura) vänster. Har du inget Apple-ID kan du välja att skapa ett genom att klicka på Skapa Apple-ID...Fortfarande i Systeminställningar välj nu Programuppdatering (Ventura) Allmänt/Programuppdatering. Finns det uppdateringar så installera dem. Omstart kan krävas.I Systeminställningar väljer du nu Säkerhet och integritet samt fliken Brandvägg. Klicka på låset för att låsa upp, ange ditt lösenord och tryck sedan på Lås upp. Tryck sedan på Aktivera brandväggen. Klicka sedan på låset igen för att låsa igen. (Ventura) I Systeminställningar väljer du nu Nätverk samt Brandvägg. Kicka på dragknappen för att aktivera brandväggen.Fortfarande i Säkerhet och integritet välj nu fliken FileVault. Klicka på låset som tidigare för att låsa upp och tryck sedan på Aktivera FileVault. Markera boxen Ställ in mitt iCloud-konto att skapa ett nytt lösenord åt mig och tryck sedan på Fortsätt. Klicka sedan på låset igen för att låsa igen. (Ventura) Ungefär samma moment fast i annan ordning. I Systeminställningar väljer du Integritet och säkerhet och rullar ned tills FileVault visas. Klicka på Slå på och utför enligt ovan.Fortfarande i Säkerhet och integritet välj nu fliken Allmänt. Ändra kräv lösenord till direkt. Du kommer att få ange ditt lösenord. (Ventura) I Systeminställningar väljer du Låsskärmen innan du utför enligt ovan.I Systeminställningar väljer du nu Skrivbord och skärmsläckare samt fliken Skärmsläckare. Ändra visa skärmsläckare till 5 minuter. (Ventura) Fortfarande i Låsskärmen ändrar du Starta skärmsläckaren vid inaktivitet till 5 minuter.Som ett avslutande steg behöver du köpa och installera ett virusskydd då macOS inte innehåller något sådant. F.n. rekommenderas Bitdefender, se https://www.bitdefender.se/solutions (https://www.bitdefender.se/solutions).Nödvändiga programUtöver installation av operativsystem och virusskydd (för macOS) behöver du installera ytterligare ett antal programvaror. Följ instruktionerna i avsnitten som följer. Instruktionerna är mest baserade på installation i Windows. Installationerna i macOS är snarlika, men skiljer framförallt i hur de startas och vad installationsfilen heter (vanligen filer med ändelsen dmg, iso eller pkg).Office 365-apparLogga in på https://www.office.com (https://www.office.com) med ditt B3-konto, via standardwebbläsaren i ditt operativsystem. Längst upp till höger på startsidan klickar du på Installera Office och väljer Office 365-appar. Installationsprogrammet hämtas nu och sparas i mappen för nedladdade filer. Dubbelklicka på filen OfficeSetup. Svara Ja på frågan om installationsprogrammet får göra ändringar på enheten. Nu hämtas Office 365-apparna och installeras. Klicka sedan på Stäng. Appen Teams brukar inte synas förrän datorn startats om, av någon anledning.När du startar apparna får du logga in med ditt Office-konto för att aktivera licensen. Du kan ladda ned Office 365-apparna och installera dem på upp till fem stycken datorer totalt.ChromeWebbläsaren Chrome är egentligen inte nödvändig, men populär. Du hämtar den med standardwebbläsaren i ditt operativsystem från https://www.google.com/intl/sv/chrome (https://www.google.com/intl/sv/chrome). Klicka på Ladda ner Chrome. Installationsprogrammet hämtas nu och sparas i mappen för nedladdade filer. Dubbelklicka på filen ChromeSetup. Svara Ja på frågan om installationsprogrammet får göra ändringar på enheten. Chrome installeras nu.Adobe Acrobat ReaderFör att kunna läsa dokument i formatet PDF behöver du installera programmet Acrobat Reader. I macOS kan programmet Förhandsvisning läsa enkla PDF-dokument, men har problem med mer avancerade som t.ex. innehåller formulär. Hämta installationsprogrammet från https://get.adobe.com/se/reader (https://get.adobe.com/se/reader). Du väljer operativsystem (Windows 10, Windows 11 eller macOS 12), språk (Swedish) och version (64bit eller Mac). Klicka sedan på Download Acrobat Reader. Installationsprogrammet hämtas nu och sparas i mappen för nedladdade filer. Dubbelklicka på filen readerdc64_se_xa_crd_install. Svara Ja på frågan om installationsprogrammet får göra ändringar på enheten. Acrobat Reader installeras nu. När installationen är klar trycker du på Slutför. Svara Ja på frågan att alltid använda Acrobat Reader för PDF-filer. Klicka sedan på Fortsätt och sedan på Ändra. Välj Adobe Acrobat DC och klicka på OK. Klicka ytterligare på OK och sedan på Fortsätt. Nu är det klart och du kan stänga ned fönstret.uniFLOW SmartClientProgrammet uniFLOW SmartClient behövs för att kunna skriva ut och skanna på skrivare anslutna till skrivartjänsten uniFLOW Online, vilket skrivarna på t.ex. huvudkontoret är. Hämta installationsprogrammet från https://b3cg.eu.uniflowonline.com (https://b3cg.eu.uniflowonline.com). Du loggar in med Continue with Azure AD SSO. Välj sedan Start printing från menyn. Klicka på Download Windows/macOS printer driver under rubriken Install printer driver. Installationsprogrammet hämtas nu och sparas i mappen för nedladdade filer. Dubbelklicka på filen MomSmartClient_x64. Svara Ja på frågan om installationsprogrammet får göra ändringar på enheten. Slutligen välj Ja för att starta om datorn.\n",
      "url": "https://b3it.sharepoint.com/teams/ITPortalen/SitePages/Installation-av-dator.aspx"
    },
    {
      "id": "434ec69d-94aa-4a9a-900d-48fd5d932540",
      "title": "Instruktioner (kommer tas bort)",
      "description": "Här hittar du instruktioner relaterade till den IT-miljö B3 tillhandahåller ​​Har du frågor som du vill ställa? Se supporten . ​​​​​​​Söker du efter vår IT-policy hittar du den här .",
      "created_by": "Joakim Vikman",
      "created_date": "2017-08-22T10:50:53",
      "last_modified_by": "",
      "last_modified_date": "2022-10-07T10:51:17",
      "content": "Här hittar du instruktioner relaterade till den IT-miljö B3 tillhandahåller​​Har du frågor som du vill ställa? Se  supporten (/teams/ITPortalen/SitePages/Support.aspx).​​​​​​​Söker du efter vår IT-policy hittar du den här (/teams/Intranet/Policyer/Forms/AllItems.aspx).\n",
      "url": "https://b3it.sharepoint.com/teams/ITPortalen/SitePages/Instruktioner.aspx"
    },
    {
      "id": "ddaf7180-6c1c-4251-b2c8-6dc4636209be",
      "title": "Integration Cinode och Azure AD",
      "description": "Fr.o.m 2/5 kommer inloggningen till Cinode att ske mot vårt Azure AD.",
      "created_by": "Joakim Vikman",
      "created_date": "2022-04-22T08:54:21",
      "last_modified_by": "",
      "last_modified_date": "2022-04-22T09:09:10",
      "content": "Fr.o.m 2/5 kommer inloggningen till Cinode att ske mot vårt Azure AD.\n",
      "url": "https://b3it.sharepoint.com/teams/ITPortalen/SitePages/Integration-Cinode-och-Azure-AD.aspx"
    },
    {
      "id": "210be25a-0304-43de-8a29-c12fe97abe0f",
      "title": "IT-system",
      "description": "Här listas IT-system och dessas systemförvaltningar avseende vår koncerngemensamma IT-miljö. OBS: listan är f.n. under arbete och inte helt klar - länk till lists. ​",
      "created_by": "Jakob Kielland",
      "created_date": "2021-09-02T15:42:30",
      "last_modified_by": "",
      "last_modified_date": "2023-10-11T11:46:02",
      "content": "Här listas IT-system och dessas systemförvaltningar avseende vår koncerngemensamma IT-miljö.OBS: listan är f.n. under arbete och inte helt klar - länk till lists. (/teams/BackstageVUochhllbarhet/Lists/Systemfrvaltningar/AllItems.aspx)​\n",
      "url": "https://b3it.sharepoint.com/teams/ITPortalen/SitePages/IT-system.aspx"
    },
    {
      "id": "09b39e75-1ace-43a2-8231-ae3f079fcec8",
      "title": "Konfigurera två-faktorautentisering i Office 365",
      "description": "Två-faktorautentisering (MFA, Multi-Factor Authentication ) innebär att du förutom lösenord även behöver en app i telefonen eller kod via SMS för att logga in på ditt B3-konto. Enklast är att använda Microsoft Authenticator i mobiltelefonen 1. Hämta…",
      "created_by": "Sandra Kopp",
      "created_date": "2019-03-28T09:56:43",
      "last_modified_by": "",
      "last_modified_date": "2022-12-30T15:29:23",
      "content": "Två-faktorautentisering (MFA, Multi-Factor Authentication) innebär att du förutom lösenord även behöver en app i telefonen eller kod via SMS för att logga in på ditt B3-konto. Enklast är att använda Microsoft Authenticator i mobiltelefonen1. Hämta hem Microsoft Authenticator till mobiltelefonen från Apple App Store eller Google Play. 2. Surfa till länken https://aka.ms/MFASetup (https://aka.ms/MFASetup) för att konfigurera ditt konto.3. Klicka på \"Lägg till inloggningsmetod\", välj \"Autentiseringsapp\" och följ instruktionerna.\n",
      "url": "https://b3it.sharepoint.com/teams/ITPortalen/SitePages/Konfigurera%20tv%C3%A5-faktorautentisering%20i%20Office%20365.aspx"
    },
    {
      "id": "f1e0002f-9985-4325-9bfa-37090ca4909d",
      "title": "Krypterad e-post",
      "description": "Skall du skicka känslig eller skyddsvärd information via e-post bör du kryptera meddelandet. Outlook har en inbyggd funktion för detta som du kan applicera på två olika sätt. Antingen via menyvalet Alternativ->Kryptera eller Känslighet->Strikt konfi…",
      "created_by": "Joakim Vikman",
      "created_date": "2023-03-27T16:40:47",
      "last_modified_by": "",
      "last_modified_date": "2023-03-27T20:30:23",
      "content": "Skall du skicka känslig eller skyddsvärd information via e-post bör du kryptera meddelandet. Outlook har en inbyggd funktion för detta som du kan applicera på två olika sätt. Antingen via menyvalet Alternativ->Kryptera eller Känslighet->Strikt konfidentiell. Mottagaren får sedan kontrollerad åtkomst till meddelandet via portalen Microsoft Purview. Länk till portalen inkluderas i en avisering, ett e-postmeddelande.\n",
      "url": "https://b3it.sharepoint.com/teams/ITPortalen/SitePages/Krypterad-e-post.aspx"
    },
    {
      "id": "23b66653-8da3-481a-a887-c3628e85beb6",
      "title": "Licenser",
      "description": "Licenser som väljs i SD Worx Nedan finner du grundläggande förklaringar till de val som görs via SD Worx (HR-systemet) samt tillhörande priser. Alla användare bör antingen ha en licens för Office Online eller Office Desktop samt en för Cinode. Övrig…",
      "created_by": "Joakim Vikman",
      "created_date": "2024-06-12T14:23:45",
      "last_modified_by": "",
      "last_modified_date": "2024-06-12T16:54:08",
      "content": "Licenser som väljs i SD WorxNedan finner du grundläggande förklaringar till de val som görs via SD Worx (HR-systemet) samt tillhörande priser. Alla användare bör antingen ha en licens för Office Online eller Office Desktop samt en för Cinode. Övriga licenser beror på roll inom B3. Utöver dessa kommer även Helpdesk att skapa konto för Maconomy (tidrapportering, utläggshantering m.m.) och SD Worx.  Office Online (default) Office-appar via: webb + mobilWord, Excel, PowerPoint, Outlook m.fl.Dokument måste ligga i OneDriveTeams dessutom på desktopInget behöver installeras lokalt på datornEndast Teams kan installeras lokalt på datorPris ca. 135 kr / användare och månad  Office Desktop Office-appar via: webb + mobil + desktopWord, Excel, PowerPoint, Outlook m.fl. kan även installeras lokalt på datornDesktop-apparna har viss avancerad funktionalitet som webb-/mobil-apparna saknar (vanligen klarar man sig utan denna funktionalitet, särskilt utvecklare!)Krävs för att använda Copilot-licenserPris ca. 300 kr / användare och månad  Copilot Microsofts Copilot för M365Pris ca. 4000 kr / användare och år (endast årslicens)  Cinode CV-databas och CRM-verktygPris ca. 100 kr / användare och månad  B3 Insight Business Intelligence-rapporter (Power-BI) från MaconomyPris ca. 400 kr / användare och månad  DealManager System för avtalsarkivering och bevakningPris ca. 130 kr / användare och månad  Scrive Elektronisk signering av dokumentPris ca. 265 kr / användare och månad TilläggslicenserFör tilläggslicenser som skall betalas av bolaget kontakta Helpdesk. T.ex:Microsoft 365 E5, pris ca. 600 kr / användare och månadProject, pris ca. 295 kr / användare och månadVisio Online, pris ca. 50 kr / användare och månadVisio Desktop, pris ca. 150 kr / användare och månad För tilläggslicenser som skall belasta nyttjarens RAM, hänvisar vi till Microsofts portal för självservice. Nyttjaren betalar själv med kreditkort och hanterar det hela som utlägg mot RAM.\n",
      "url": "https://b3it.sharepoint.com/teams/ITPortalen/SitePages/Licenser.aspx"
    },
    {
      "id": "0f07d3df-c64c-405f-b6fa-4c0eb5c61aa2",
      "title": "Manualer",
      "description": "",
      "created_by": "Joakim Vikman",
      "created_date": "2022-06-23T15:01:47",
      "last_modified_by": "",
      "last_modified_date": "2022-06-23T15:36:03",
      "content": "\n",
      "url": "https://b3it.sharepoint.com/teams/ITPortalen/SitePages/Manualer.aspx"
    },
    {
      "id": "7d19ddcb-5ffb-44e6-81bc-fce84297336f",
      "title": "Microsoft ändrar om lite i sin tvåfaktorsautentisering",
      "description": "Microsoft ändrar om lite i sin tvåfaktorsautentisering för att göra den säkrare och inför nummermatchning. Detta gäller användare som har metoden Microsoft Authenticator pushnotis som standard för tvåfaktor. Det nuvarande sättet är att man endast be…",
      "created_by": "Joakim Vikman",
      "created_date": "2023-05-05T14:32:41",
      "last_modified_by": "",
      "last_modified_date": "2023-05-05T14:43:44",
      "content": "Microsoft ändrar om lite i sin tvåfaktorsautentisering för att göra den säkrare och inför nummermatchning. Detta gäller användare som har metoden Microsoft Authenticator pushnotis som standard för tvåfaktor. Det nuvarande sättet är att man endast behöver klicka OK för att godkänna inloggning, men inom kort kommer pushnotisen istället att se ut enligt nedan. Detta kommer att ske per automatik och du behöver inte göra någonting, utan detta är endast information om att förändringen kommer att ske inom kort.På inloggningssidan: I Microsoft Authenticator appen på telefonen anger du numret som visas på inloggningssidan: Uppstår problem eller om ni har ni några frågor så kontakta servicedesk på help@b3.se (mailto:help@b3.se) eller 010-2348100.\n",
      "url": "https://b3it.sharepoint.com/teams/ITPortalen/SitePages/Microsoft-%C3%A4ndrar-om-lite-i-sin-tv%C3%A5faktorsautentisering.aspx"
    },
    {
      "id": "7ad95a44-606c-4d21-b8b7-27cb24691d38",
      "title": "Nu har skrivarlösningen stöd för Mac",
      "description": "Tegnérgatan 23 och Sveavägen 56 Nu har vår skrivarlösning även stöd för Mac, se den uppdaterade instruktionen som finns här .",
      "created_by": "Joakim Vikman",
      "created_date": "2021-01-15T08:33:55",
      "last_modified_by": "",
      "last_modified_date": "2021-10-19T05:19:40",
      "content": "Tegnérgatan 23 och Sveavägen 56Nu har vår skrivarlösning även stöd för Mac, se den uppdaterade instruktionen som finns här (/%3aw%3a/r/teams/ITPortalen/_layouts/15/Doc.aspx?sourcedoc=%7b8A66B3D0-16D1-43E4-A22D-963ED3A81304%7d&file=Va%CC%8Ar%20nya%20skrivarlo%CC%88sning%20fra%CC%8An%20Canon.docx&action=default&mobileredirect=true).\n",
      "url": "https://b3it.sharepoint.com/teams/ITPortalen/SitePages/Nu-har-skrivarl%C3%B6sningen-st%C3%B6d-f%C3%B6r-Mac.aspx"
    },
    {
      "id": "1f5b152d-6465-400b-8aae-b6641821ec41",
      "title": "Nyheter avseende skanning (Tegnérgatan 23)",
      "description": "Nu finner du två nya knappar för skanning på displayen. \"Scanna och skicka\" som möjliggör skanning i högre upplösning än 300dpi samt \"Scan/Scan with OCR\" som OCR-tolkar det som skannas.",
      "created_by": "Malinda Knudsen",
      "created_date": "2022-03-02T13:41:54",
      "last_modified_by": "",
      "last_modified_date": "2022-03-02T13:55:11",
      "content": "Nu finner du två nya knappar för skanning på displayen. \"Scanna och skicka\" som möjliggör skanning i högre upplösning än 300dpi samt \"Scan/Scan with OCR\" som OCR-tolkar det som skannas.\n",
      "url": "https://b3it.sharepoint.com/teams/ITPortalen/SitePages/Nyheter-avseende-skanning.aspx"
    },
    {
      "id": "a681144f-9885-44b6-b36b-706dd2973812",
      "title": "Ny skrivarlösning från Canon",
      "description": "Tegnérgatan 23 och Sveavägen 56 Vi har en ny skrivarlösning från Canon. Instruktion för hur du kommer igång finns här .",
      "created_by": "Joakim Vikman",
      "created_date": "2020-06-08T08:56:18",
      "last_modified_by": "",
      "last_modified_date": "2021-10-19T05:20:26",
      "content": "Tegnérgatan 23 och Sveavägen 56Vi har en ny skrivarlösning från Canon.Instruktion för hur du kommer igång finns här (/%3aw%3a/r/teams/ITPortalen/_layouts/15/Doc.aspx?sourcedoc=%7b8A66B3D0-16D1-43E4-A22D-963ED3A81304%7d&file=Va%CC%8Ar%20nya%20skrivarlo%CC%88sning%20fra%CC%8An%20Canon.docx&action=default&mobileredirect=true).\n",
      "url": "https://b3it.sharepoint.com/teams/ITPortalen/SitePages/Ny-skrivarl%C3%B6sning-fr%C3%A5n-Canon.aspx"
    },
    {
      "id": "75ff12df-ae3c-4546-8455-c7ae3ddfb763",
      "title": "OneDrive – se över dina delningar",
      "description": "Över tid så blir det nog en hel del dokument som man delat med andra från sin OneDrive. Det är bra att se över dessa emellanåt, då viss information inte längre skall delas. Denna översyn gör du enklast med OneDrive Online (via webbläsaren). Välj “De…",
      "created_by": "Joakim Vikman",
      "created_date": "2024-03-01T07:22:09",
      "last_modified_by": "",
      "last_modified_date": "2024-03-01T07:42:23",
      "content": "Över tid så blir det nog en hel del dokument som man delat med andra från sin OneDrive. Det är bra att se över dessa emellanåt, då viss information inte längre skall delas. Denna översyn gör du enklast med OneDrive Online (via webbläsaren). Välj “Delat” i vänstermenyn och sedan fliken “Av dig”, så ser du vad du delar ut. För varje delning som du vill sluta dela klickar du på “…” och väljer “Hantera åtkomst”. Där kan du sedan välja att sluta dela.  \n",
      "url": "https://b3it.sharepoint.com/teams/ITPortalen/SitePages/OneDrive-%E2%80%93-se-%C3%B6ver-dina-delningar.aspx"
    },
    {
      "id": "77bceba7-7b56-46ef-983e-102bf089a0cc",
      "title": "PipeDrive är nu ersatt med Cinodes affärsmodul",
      "description": "PipeDrive är per 2022-04-19 ersatt med Cinodes affärsmodul. PipeDrive kommer att vara tillgängligt för läsning t.o.m. 2022-06-30. Datamigrering från PipeDrive gjordes under v15. Nu är det dags att registrera aktuell beläggning och nya affärsmöjlighe…",
      "created_by": "Joakim Vikman",
      "created_date": "2022-04-20T12:18:37",
      "last_modified_by": "",
      "last_modified_date": "2022-04-20T12:30:23",
      "content": "PipeDrive är per 2022-04-19 ersatt med Cinodes affärsmodul. PipeDrive kommer att vara tillgängligt för läsning t.o.m. 2022-06-30. Datamigrering från PipeDrive gjordes under v15. Nu är det dags att registrera aktuell beläggning och nya affärsmöjligheter i Cinode. För tillgång till affärsmodulen i Cinode krävs att man innehar rollen Manager. Saknar du den kan du beställa från vår servicedesk help@b3.se. Förutom de utbildningstillfällen som ges under 20-25/4 så finns det instruktioner upplagda i Säljportalen under Säljprocess, metoder och verktyg (/teams/salesportal/SitePages/Verktyg.aspx). Se avsnittet Säljmallar & stöd.\n",
      "url": "https://b3it.sharepoint.com/teams/ITPortalen/SitePages/PipeDrive-%C3%A4r-nu-ersatt-med-Cinodes-aff%C3%A4rsmodul.aspx"
    },
    {
      "id": "8110c66d-4251-4bf1-a09c-277e92351c2c",
      "title": "R.I.P. – Wiki",
      "description": "Microsoft fasar nu ut supporten för Wiki i Teams. Du kan under en period fortsätta att komma åt och redigera befintliga Wiki-sidor i Wiki-appen, men du kan inte skapa nya Wiki-sidor i Teams-kanaler. Från och med januari 2024 kommer varken Wiki-appen…",
      "created_by": "Joakim Vikman",
      "created_date": "2023-08-17T11:36:18",
      "last_modified_by": "",
      "last_modified_date": "2023-08-17T11:42:33",
      "content": "Microsoft fasar nu ut supporten för Wiki i Teams. Du kan under en period fortsätta att komma åt och redigera befintliga Wiki-sidor i Wiki-appen, men du kan inte skapa nya Wiki-sidor i Teams-kanaler. Från och med januari 2024 kommer varken Wiki-appen eller Wiki-flikar vara tillgängliga via Teams.Vill du fortsätta använda informationen som finns i Wiki efter det, så måste den exporteras till OneNote. En funktion för att göra denna export automatiskt kommer visas när du öppnar en existerande Wiki-flik i Teams.      1.       I Teams går du till den kanal som har Wiki-webbplatsen som du vill exportera.2.       På fliken Wiki väljer du Exportera till anteckningar > Slutför.3.       Gå till fliken Anteckningar för att komma åt innehållet.§  Varje flik i den tidigare Wiki-webbplatsen är nu ett avsnitt i OneNote-anteckningsboken.§  Varje sida i den tidigare Wiki-webbplatsen är nu en sida i ett avsnitt i en OneNote-anteckningsbok.Nedan hittar du en guide från Microsoft som visar även visuellt hur det ser ut. Behöver du hjälp, kontakta B3 Servicedesk på help@b3.se (mailto:help@b3.se)https://support.microsoft.com/sv-se/office/exportera-en-Wiki-webbplats-till-en-onenote-anteckningsbok-8cd8ab0c-2314-42b0-a1d0-5c6c4c5e1547 (https://support.microsoft.com/sv-se/office/exportera-en-wiki-webbplats-till-en-onenote-anteckningsbok-8cd8ab0c-2314-42b0-a1d0-5c6c4c5e1547)OBS! Detta behöver endast göras om man använder sig av Wiki-sidor i teams. Vet man med sig att detta inte är något som används kan man helt bortse från detta.\n",
      "url": "https://b3it.sharepoint.com/teams/ITPortalen/SitePages/R.I.P.-%E2%80%93-Wiki.aspx"
    },
    {
      "id": "3d1d2c1c-341a-4f16-8358-db50b131c9ec",
      "title": "Scrive autentiserar med vårt Azure AD",
      "description": "På måndag den 22/5 kl 13:00 aktiveras SSO för Scrive med vårt Azure AD. Ni som har användarkonto i B3s Scrive-konto loggar  alltså därefter in automatiskt i Scrive genom att vara inloggad i Microsoft 365. Det kommer i fortsättningen inte att gå att …",
      "created_by": "Joakim Vikman",
      "created_date": "2023-05-17T12:54:39",
      "last_modified_by": "",
      "last_modified_date": "2023-05-17T13:05:48",
      "content": "På måndag den 22/5 kl 13:00 aktiveras SSO för Scrive med vårt Azure AD. Ni som har användarkonto i B3s Scrive-konto loggar  alltså därefter in automatiskt i Scrive genom att vara inloggad i Microsoft 365. Det kommer i fortsättningen inte att gå att logga in med användarnamn och lösenord.När du kommer till den vanliga login-sidan välj då \"LOGGA IN MED SSO\" så kommer du till https://scrive.com/new/sso-login (https://scrive.com/new/sso-login), där du skriver in din e-postadress och väljer \"LOGGA IN\".\n",
      "url": "https://b3it.sharepoint.com/teams/ITPortalen/SitePages/Scrive-autentiserar-med-v%C3%A5rt-Azure-AD.aspx"
    },
    {
      "id": "41bf10ee-6833-4b44-a93b-3af2d51b5119",
      "title": "IT-Support",
      "description": "För frågor och tekniska problem med B3s koncerngemensamma IT-plattform kontakta vår Service Desk t.ex. E-post, Teams, SharePoint, OneDrive, iAccess (Maconomy), Aditro eller Cinode B3 Service Desk E-post: help@b3.se (primär kanal) Supportportal: http…",
      "created_by": "Joakim Vikman",
      "created_date": "2017-08-22T11:27:54",
      "last_modified_by": "",
      "last_modified_date": "2024-01-10T16:52:34",
      "content": "För frågor och tekniska problem med B3s koncerngemensamma IT-plattform kontakta vår Service Deskt.ex. E-post, Teams, SharePoint, OneDrive, iAccess (Maconomy), Aditro eller CinodeB3 Service DeskE-post: help@b3.se (mailto:help@b3.se) (primär kanal)Supportportal: https://support.b3.se (https://support.b3it.se/)Telefon: 010 – 2348100.Ärenden registreras i vårt supportsystem där du kan följa upp dina ärenden.Öppettider är kl. 08:00-17:00Ärenden avseende iAccess (Maconomy) kan registreras direkt till maconomy@b3.se (mailto:maconomy@b3.se).Problem med din dator/enhetB3 har en BYOD policy och du ansvarar själv för konfiguration och administration av din dator. Om du har tekniska problem eller frågor kring IT ber vi dig att alltid först kolla med en kollega eller se om du kan hitta lösningen på ditt problem på Internet eller på Intranätet (/teams/ITPortalen), se menyn Instruktioner.I mån av tid och efter bästa förmåga kan IT-ansvarig eller annan kollega hjälpa till. Är det hårdvaruproblem är det bäst att du kontaktar datorleverantörens support.Frågor kring skrivare och utrustning för konferensrum m.m. (Huvudkontoret)Kontakta vårt backoffice.\n",
      "url": "https://b3it.sharepoint.com/teams/ITPortalen/SitePages/Support.aspx"
    },
    {
      "id": "2163da70-ac32-412f-814f-0c25a5f89528",
      "title": "Uppgraderade konferensrum",
      "description": "Nu har vi försett alla konferensrum med Apple TVs. Så nu kan man även ansluta trådlöst via Chromecast (Windows) eller AirPlay (macOS) till TVn i konferensrummet.",
      "created_by": "Joakim Vikman",
      "created_date": "2021-09-03T06:10:44",
      "last_modified_by": "",
      "last_modified_date": "2021-09-05T14:51:04",
      "content": "Nu har vi försett alla konferensrum med Apple TVs. Så nu kan man även ansluta trådlöst via Chromecast (Windows) eller AirPlay (macOS) till TVn i konferensrummet.\n",
      "url": "https://b3it.sharepoint.com/teams/ITPortalen/SitePages/Uppgraderade-konferensrum.aspx"
    },
    {
      "id": "9777cf19-c246-4794-916b-26f9f1dcce55",
      "title": "Val av dator",
      "description": "Detta är en vägledning i val av bärbar dator primärt avsedd för kontorsbruk, d.v.s. man vill huvudsakligen köra kontorsprogrammen i Office 365 som t.ex. Word, Excel, PowerPoint och Teams. Datorer för andra tyngre ändamål som t.ex. videoredigering oc…",
      "created_by": "Joakim Vikman",
      "created_date": "2022-06-10T13:23:18",
      "last_modified_by": "",
      "last_modified_date": "2023-04-15T15:42:16",
      "content": "Detta är en vägledning i val av bärbar dator primärt avsedd för kontorsbruk, d.v.s. man vill huvudsakligen köra kontorsprogrammen i Office 365 som t.ex. Word, Excel, PowerPoint och Teams. Datorer för andra tyngre ändamål som t.ex. videoredigering och utveckling kräver andra specifikationer.SpecifikationDatorn bör ha i häraden av följande egenskaper eller bättre:Från etablerad och känd leverantör med support t.ex. Lenovo, Dell, HP, Asus och Apple.Överväg att förlänga garanti till 3 år om det inte ingår. Detta för att få en mer förutsägbar kostnad samt snabbare åtgärdstid om datorn går sönder. (kräver Apple Care för Mac datorer).Bildskärm:storlek 13”upplösning 1920x1080 bildpunkter (1080p).Inbyggd webbkamera 720pOperativsystem Windows 11 Pro 64-bit eller macOS 13eller senare versioner av dessaköper man en dator med Windows Home måste man köpa en uppgradering till Windows Pro.Virusskyddingår i Windows 11 men saknas i macOS 13, där Bitdefender (https://www.bitdefender.se) rekommenderas.Processor Intel Core i5 eller Apple Silicon M116 GB primärminne256 GB SSD hårddiskHDMI via gränssnitt (kontakt) t.ex. HDMI, DVI-D, DisplayPort eller USB-C med adapterWiFi 802.11ac (WiFi 5)ENERGY STAR certifieradEgenskaper att beakta, vad är viktigt för dig?\nViktBildskärm - storlek, upplösning, färgrymd, matt, blank, pekbar, vikbarTangentbord\npekplatta, styrpinneLjudWebbkameraMobilt bredband\nGränssnitt - USB-C, HDMI, Kortläsare, EthernetStöd för mer än en extern skärm med önskad upplösningUtseende, design\n",
      "url": "https://b3it.sharepoint.com/teams/ITPortalen/SitePages/Val-av-dator.aspx"
    },
    {
      "id": "3f247697-a28c-4d71-b799-9d4e770b2f6e",
      "title": "Varning Pishing!",
      "description": "Varning för ny typ av pishing e-post Att vi löpande drabbas av e-post där man försöker få oss att klicka på en länk för att sedan lura av oss lösenord eller annan autentiseringsinformation är ju ingen nyhet. Det har ju pågått många år nu, så de fles…",
      "created_by": "Joakim Vikman",
      "created_date": "2023-10-16T07:48:56",
      "last_modified_by": "",
      "last_modified_date": "2023-10-16T08:00:25",
      "content": "Varning för ny typ av pishing e-postAtt vi löpande drabbas av e-post där man försöker få oss att klicka på en länk för att sedan lura av oss lösenord eller annan autentiseringsinformation är ju ingen nyhet. Det har ju pågått många år nu, så de flesta av oss har lärt oss att vara misstänksamma mot dylika brev och inte klicka på länkar.Det som är nytt nu är att man istället för länkar försöker att göra samma sak fast nu med QR-koder. Ett sådant brev kan se ut så här:\nSå hantera dessa pishing-försök som tidigare, dvs markera dem som skräppost/pishing så lär sig Office 365 att det är skräppost.\n",
      "url": "https://b3it.sharepoint.com/teams/ITPortalen/SitePages/Varning-Pishing!.aspx"
    },
    {
      "id": "e52c3e3a-b671-42a7-aaf3-b8550a5db390",
      "title": "WiFi på huvudkontoret, fungerar det tillräckligt bra nu?",
      "description": "Under hösten 2021 hade vi problem med vårt WiFi på huvudkontoret. Vi gjorde ett antal åtgärder för att komma tillrätta med det. Efter årsskiftet och under våren har det inte framkommit att man upplever problem med WiFi:t, utom några enstaka tillfäll…",
      "created_by": "Joakim Vikman",
      "created_date": "2022-06-09T12:07:43",
      "last_modified_by": "",
      "last_modified_date": "2022-06-10T15:32:21",
      "content": "Under hösten 2021 hade vi problem med vårt WiFi på huvudkontoret. Vi gjorde ett antal åtgärder för att komma tillrätta med det. Efter årsskiftet och under våren har det inte framkommit att man upplever problem med WiFi:t, utom några enstaka tillfällen.Hur upplever du att WiFi:t fungerar idag? Om/när du upplever problem, notera:Tidpunkt och var i lokalen du befann digVad du gjorde vid tillfället, t.ex. deltog i ett teamsmöte, precis bytt plats i lokalen etcVilken typ av dator/modell du harJag behöver få återkoppling om detta, så vi kan vidta ytterligare åtgärder ifall det behövs. Skicka återkoppling till mig på joakim.vikman@b3.se.Tack på förhand!/Joakim\n",
      "url": "https://b3it.sharepoint.com/teams/ITPortalen/SitePages/WiFi-p%C3%A5-huvudkontoret,-fungerar-det-tillr%C3%A4ckligt-bra-nu-.aspx"
    },
    {
      "id": "b72afbcf-7f76-4bbf-a6d6-74c948507119",
      "title": "Vi har nu tecknat nytt avtal med Cinode",
      "description": "Det nya avtalet adderar affärsmodulen Business Module . En enhetlig och obligatorisk beläggningsplanering med Cinode kommer att införas i koncernen under våren. Utbildningstillfällen för berörda kommer att planeras in. Mer om detta under chefsmötet …",
      "created_by": "Joakim Vikman",
      "created_date": "2022-02-10T12:23:43",
      "last_modified_by": "",
      "last_modified_date": "2022-02-10T13:03:01",
      "content": "Det nya avtalet adderar affärsmodulen Business Module. En enhetlig och obligatorisk beläggningsplanering med Cinode kommer att införas i koncernen under våren. Utbildningstillfällen för berörda kommer att planeras in.Mer om detta under chefsmötet den 21/2.\n",
      "url": "https://b3it.sharepoint.com/teams/ITPortalen/SitePages/Vi-har-nu-tecknat.aspx"
    }
  ]
}