{
  "name": "Just for fun",
  "description": "Här är det alltid fredag.",
  "url": "https://b3it.sharepoint.com/teams/justforfun",
  "pages": [
    {
      "id": "eee6d48b-7f4a-4e26-8776-ee0c5dd75ef8",
      "title": "Home",
      "description": "",
      "created_by": "Systemkonto",
      "created_date": "2024-01-14T00:35:57",
      "last_modified_by": "",
      "last_modified_date": "2024-01-14T00:35:57",
      "content": "",
      "url": "https://b3it.sharepoint.com/teams/justforfun/SitePages/Home.aspx"
    }
  ]
}