{
  "name": "Kompetens - Cloud",
  "description": "I detta teamet hanterar vi utbildning och kompetens runt Microsoft Cloud. Alla är välkomna och kontakta ronnie.eliasson@b3.se",
  "url": "https://b3it.sharepoint.com/teams/Kompetens-AzureochMicrosoftCloud",
  "pages": [
    {
      "id": "22948d13-6d9a-41ed-b9b2-003434941781",
      "title": "Startsida",
      "description": "",
      "created_by": "Systemkonto",
      "created_date": "2019-03-02T09:45:58",
      "last_modified_by": "",
      "last_modified_date": "2019-03-02T09:45:58",
      "content": "",
      "url": "https://b3it.sharepoint.com/teams/Kompetens-AzureochMicrosoftCloud/SitePages/Home.aspx"
    }
  ]
}