{
  "name": "Koncernnyheter",
  "description": "Nyheter som rör hela koncernen",
  "url": "https://b3it.sharepoint.com/teams/Koncernnyheter",
  "pages": [
    {
      "id": "ba1335e0-cf4e-4815-bb71-d7a0540080a7",
      "title": "Startsida",
      "description": "",
      "created_by": "Johan Löfblad",
      "created_date": "2022-03-06T00:37:18",
      "last_modified_by": "",
      "last_modified_date": "2022-03-08T09:39:05",
      "content": "",
      "url": "https://b3it.sharepoint.com/teams/Koncernnyheter/SitePages/Home.aspx"
    }
  ]
}