{
  "name": "Konsult Lean och energieffektivisering",
  "description": "Konsult Lean och energieffektivisering",
  "url": "https://b3it.sharepoint.com/teams/KonsultLeanochenergieffektivisering",
  "pages": [
    {
      "id": "5ba62dc9-e142-49b1-aa8d-73d1571147ac",
      "title": "Startsida",
      "description": "",
      "created_by": "Systemkonto",
      "created_date": "2020-03-01T01:10:34",
      "last_modified_by": "",
      "last_modified_date": "2020-03-01T01:10:34",
      "content": "",
      "url": "https://b3it.sharepoint.com/teams/KonsultLeanochenergieffektivisering/SitePages/Home.aspx"
    }
  ]
}