{
  "name": "Kontor – Gävle",
  "description": "Information om kontoret i Gävle.",
  "url": "https://b3it.sharepoint.com/teams/KontorGavle",
  "pages": [
    {
      "id": "d034dc4b-0e40-4d95-af7e-35c2757ca667",
      "title": "Bilder",
      "description": "",
      "created_by": "Johan Pettersson",
      "created_date": "2020-08-29T10:59:41",
      "last_modified_by": "",
      "last_modified_date": "2020-08-29T11:01:16",
      "content": "",
      "url": "https://b3it.sharepoint.com/teams/KontorGavle/SitePages/Bilder.aspx"
    },
    {
      "id": "fc3b08a7-b867-4602-a3ca-41e63dd5a9e5",
      "title": "Hitta till oss - Gävle",
      "description": "Adresser Vårt kontor ligger centralt i Gävle, endast 5 minuters promenad från Gävle Centralstation. Besöksadress Norra Rådmansgatan 14 Postadress Ruddammsgatan 32 803 11 GÄVLE Parkering ​​​​​​​På innergården på Ruddammsgatan 32 (personalingången) fi…",
      "created_by": "Jenny Forsman",
      "created_date": "2020-08-01T07:04:47",
      "last_modified_by": "",
      "last_modified_date": "2022-03-14T14:54:51",
      "content": "AdresserVårt kontor ligger centralt i Gävle, endast 5 minuters promenad från Gävle Centralstation. BesöksadressNorra Rådmansgatan 14    PostadressRuddammsgatan 32                             803 11 GÄVLE\nParkering​​​​​​​På innergården på Ruddammsgatan 32 (personalingången) finns två parkeringar som är reserverade för B3 Complete – nr 3 och nr 4.  Om dessa två är upptagna parkerar vi längs med gatan – kom ihåg att betala parkeringsavgift! \n",
      "url": "https://b3it.sharepoint.com/teams/KontorGavle/SitePages/Hitta%20till%20oss.aspx"
    },
    {
      "id": "5942edad-7482-4971-a411-75abdf34aa38",
      "title": "Startsida",
      "description": "Välkommen till B3 Complete Vår mission att vara det bästa konsultbolaget på vår marknad i Gävle-Dala för medarbetare, kunder och ägare. Vi är för närvarande drygt 20 medarbetare fördelade på våra två kontor – i Borlänge respektive Gävle .  ​ ​​​​​​​…",
      "created_by": "Per Matsson",
      "created_date": "2019-01-26T09:30:08",
      "last_modified_by": "",
      "last_modified_date": "2023-08-21T12:28:10",
      "content": "Välkommen till B3 CompleteVår mission att vara det bästa konsultbolaget på vår marknad i Gävle-Dala för medarbetare, kunder och ägare. Vi är för närvarande drygt 20 medarbetare fördelade på våra två kontor – i Borlänge respektive Gävle.  ​​​​​​​​Vi erbjuder tjänster inom:​FörändringsledningVerksamhetsutveckling & arkitektur​Utveckling & test​​​​​​​​ B3 Complete är seniora konsulter med stor erfarenhet som hjälper företag, organisationer och myndigheter i hela Norrlandsregionen. Våra största kunder är Sandvik, Trafikverket, Lantmäteriet och Region Gävleborg & Dalarna. ​\n",
      "url": "https://b3it.sharepoint.com/teams/KontorGavle/SitePages/Home.aspx"
    },
    {
      "id": "4f6feab6-e43c-4dd2-8d8e-5383c6f9bd50",
      "title": "Kontaktuppgifter",
      "description": "WiFi: SSID: B3 Advise Lösenord: B3Advise2020 Hyresvärd: Brynäs Näringsfastigheter 01 AB Kontaktperson, tel/e-post:                 Björn Lönn, Fastighetsförvaltare, 070-749 47 49, bjorn@f2fast.se Mikael Olsén, Vaktmästare, 070-425 82 90, mikael@f2fa…",
      "created_by": "Johan Pettersson",
      "created_date": "2021-04-27T19:55:49",
      "last_modified_by": "",
      "last_modified_date": "2021-04-27T20:41:24",
      "content": "WiFi:SSID: B3 Advise Lösenord: B3Advise2020Hyresvärd: Brynäs Näringsfastigheter 01 ABKontaktperson, tel/e-post:                 Björn Lönn, Fastighetsförvaltare, 070-749 47 49, bjorn@f2fast.se (mailto:bjorn@f2fast.se)Mikael Olsén, Vaktmästare, 070-425 82 90,  mikael@f2fast.se (mailto:mikael@f2fast.se)Städ:  Aito-SisuKontaktperson, tel/e-post:                 Mauri Lipponen, Chef, 070-006 46 66, mauri.lipponen.ml@gmail.com (mailto:mauri.lipponen.ml@gmail.com)Anita, Lokalvårdare.                 Larm:                                                           Kontaktperson, tel/e-post:                 Sector Alarm, Kundnr 10462660, anläggningsnr 836698, Kundtjänst, 0771-809530,  Peter Rosberg, Kundansvarig, peter.rosberg@sectoralarm.se (mailto:peter.rosberg@sectoralarm.se)Vid larm ringer Sector Alarm i tur och ordning till Anders Bergsten, Johan Pettersson, Stefan Beronius.Lösenord för återställning av larm. Larmcentralen frågar ”Namn”. Svar ”Sentensia”.Yale Doorman kodlås entré. Lås & Nyckel, Gävle, 026-51 74 01.Installatör, Alexander, 070-941 42 21.\n",
      "url": "https://b3it.sharepoint.com/teams/KontorGavle/SitePages/Kontaktuppgifter.aspx"
    },
    {
      "id": "6a12acb7-d403-4773-940f-0116f333f50c",
      "title": "Vi som jobbar på B3 Complete i Gävle",
      "description": "",
      "created_by": "Rickard Wallen",
      "created_date": "2019-08-22T11:48:48",
      "last_modified_by": "",
      "last_modified_date": "2024-05-28T07:59:45",
      "content": "",
      "url": "https://b3it.sharepoint.com/teams/KontorGavle/SitePages/Vi%20som%20jobbar%20p%C3%A5%20B3%20Complete%20i%20G%C3%A4vle.aspx"
    },
    {
      "id": "9a025cda-124d-4a79-aeaf-49bea9646ff2",
      "title": "Vårt kontor - Gävle",
      "description": "Arbeta hos oss ​​​​​​​ Arbetsplatser Hos oss finns totalt 12 arbetsplatser med höj- och sänkbara skrivbord och skärmar: Lounge-rummet: 4 skrivbord + soffhörna Nördrummet: 4 skrivbord Sportrummet: 4 skrivbord Konferensrum Hos oss finns tre konferensr…",
      "created_by": "Jenny Forsman",
      "created_date": "2019-08-22T11:59:08",
      "last_modified_by": "",
      "last_modified_date": "2022-03-14T15:46:46",
      "content": "Arbeta hos oss\n​​​​​​​ArbetsplatserHos oss finns totalt 12 arbetsplatser med höj- och sänkbara skrivbord och skärmar: Lounge-rummet: 4 skrivbord + soffhörnaNördrummet: 4 skrivbordSportrummet: 4 skrivbordKonferensrumHos oss finns tre konferensrum som kan bokas via Outlook.Gävle Själanderska (10 pers), vägghängd skärm/tv, webkamera,  whiteboardGävle Rosa rummet (4 pers), vägghängd skärm/tv, whiteboardGävle Gula rummet (4 pers), whiteboardÖvrigtHos oss finns även ett kök med kyl, micro och kaffemaskin.WiFiSSID: B3 Advise GuestLösenord: KarolinaSjalander1878\nVid olycksfall eller brand\nFörsta hjälpen/plåstertavlaHänger på väggen utanför toaletten. HjärtstartareScandic Hotell CH, Nygatan 45. Hjärtstartare finns tillgänglig dygnet runt i receptionen. Clarion Hotel Winn, Norra Slottsgatan 9. Hjärtstartare finns tillgänglig dygnet runt i receptionen. Övriga hjärtstartare: https://www.hjartstartarregistret.se/ (https://www.hjartstartarregistret.se/#/) Brandsläckare Hänger på väggen i Bistron (mellan dörrarna till Loungen och Själanderska rummet) Brandfilt Hänger på väggen utanför toaletten. Utrymningsvägar Alt. 1: Ut genom personalingångenAlt 2: Ut genom besöksentrén  i Själanderska rummet (nyckel finns i skåpet mellan köket och Själanderska rummet) Alt 3: Genom lämpligt fönster (nyckel finns i skåpet mellan köket och Själanderska rummet).​​​​​​​Alt. 4: Genom lämpligt fönster - slå sönder rutan med exempelvis en stol.​​Uppsamlingsplats På parkeringsplatsen utanför personalentrén  \n",
      "url": "https://b3it.sharepoint.com/teams/KontorGavle/SitePages/V%C3%A5rt%20kontor.aspx"
    },
    {
      "id": "bd7f25bf-c959-40a8-a144-c2c5d174c89c",
      "title": "Äntligen!",
      "description": "Äntligen har Johan Pettersson börjat på B3 Advise! Johan är en ödmjuk IT-nörd i sina bästa år som inte tar speciellt mycket plats ;-)",
      "created_by": "Johan Pettersson",
      "created_date": "2019-08-22T12:49:44",
      "last_modified_by": "",
      "last_modified_date": "2019-08-22T13:12:25",
      "content": "Äntligen har Johan Pettersson börjat på B3 Advise!\nJohan är en ödmjuk IT-nörd i sina bästa år som inte tar speciellt mycket plats ;-)\n",
      "url": "https://b3it.sharepoint.com/teams/KontorGavle/SitePages/%C3%84ntligen!.aspx"
    }
  ]
}