{
  "name": "Kontor - Sundsvall",
  "description": "",
  "url": "https://b3it.sharepoint.com/teams/Kontor-Sundsvall",
  "pages": [
    {
      "id": "871cf8f1-dd52-451e-bae2-205bfcfad659",
      "title": "Bra att veta om Sundsvallskontoret",
      "description": "Adress Torggatan 8 852 32 Sundsvall Portkod 1891 Parkering Närmast parkering där du kan stå hela dagen är City-P som är beläget på andra sidan ån och bara ett par minuters gångväg till kontoret. Vill du bara gästa upp till 3 timmar kan du stå på Fis…",
      "created_by": "Jenny Sjöholm",
      "created_date": "2022-02-02T10:10:08",
      "last_modified_by": "",
      "last_modified_date": "2022-02-08T20:31:52",
      "content": "AdressTorggatan 8852 32 SundsvallPortkod 1891ParkeringNärmast parkering där du kan stå hela dagen är City-P som är beläget på andra sidan ån och bara ett par minuters gångväg till kontoret.Vill du bara gästa upp till 3 timmar kan du stå på Fisktorget.WifiGästnätverket heter B3guests.Nötallergiker?Vi har nötter på vårt kontor!Fika?Vi gillar fika och har gott kaffe, så ta det är alltid välkommet att ta med sig nåt gott att bjuda på.\n",
      "url": "https://b3it.sharepoint.com/teams/Kontor-Sundsvall/SitePages/Bra-att-veta-om-Sundsvallskontoret.aspx"
    },
    {
      "id": "63e5d8a9-da42-47cb-9f7d-53522ebd87df",
      "title": "Gänget i Sundsvall",
      "description": "Ovan är en bild med ett textöverlägg. Klicka i bilden om du vill ersätta texten med en egen text. Ovan är en bild med ett textöverlägg. Klicka i bilden om du vill ersätta texten med en egen text. Ovan är en bild med ett textöverlägg. Klicka i bilden…",
      "created_by": "Pernilla Nilsson",
      "created_date": "2022-02-02T09:52:00",
      "last_modified_by": "",
      "last_modified_date": "2024-05-28T07:39:52",
      "content": "Ovan är en bild med ett textöverlägg. Klicka i bilden om du vill ersätta texten med en egen text.  \nOvan är en bild med ett textöverlägg. Klicka i bilden om du vill ersätta texten med en egen text.  \nOvan är en bild med ett textöverlägg. Klicka i bilden om du vill ersätta texten med en egen text.  \n",
      "url": "https://b3it.sharepoint.com/teams/Kontor-Sundsvall/SitePages/G%C3%A4nget-i-Sundsvall.aspx"
    },
    {
      "id": "730e60fa-95ee-482c-89e5-0036783f7e86",
      "title": "Startsida",
      "description": "",
      "created_by": "Malinda Knudsen",
      "created_date": "2021-12-12T00:21:45",
      "last_modified_by": "",
      "last_modified_date": "2022-02-15T09:32:25",
      "content": "",
      "url": "https://b3it.sharepoint.com/teams/Kontor-Sundsvall/SitePages/Home.aspx"
    },
    {
      "id": "156e187a-9a21-4b70-a1c7-fa28849f3866",
      "title": "Om oss i Sundsvall",
      "description": "I Sundsvall har vi bred kompetens inom flera områden såsom Business Intelligence, Systemutveckling, DBA och Ledning/Management. Vi har både resursuppdrag, teamleveranser och förvaltningsåtaganden. Några av våra kunder är: Sundsvalls Kommun Försäkrin…",
      "created_by": "Jenny Sjöholm",
      "created_date": "2022-02-02T10:02:39",
      "last_modified_by": "",
      "last_modified_date": "2022-02-08T20:35:59",
      "content": "I Sundsvall har vi bred kompetens inom flera områden såsom Business Intelligence, Systemutveckling, DBA och Ledning/Management.Vi har både resursuppdrag, teamleveranser och förvaltningsåtaganden.Några av våra kunder är:Sundsvalls KommunFörsäkringskassanBolagsverketCSNTillväxtverketBiometriaPreemSBABSandvikSveriges RadioDigitaliseringsmyndigheten\n",
      "url": "https://b3it.sharepoint.com/teams/Kontor-Sundsvall/SitePages/Om-oss-i-Sundsvall.aspx"
    }
  ]
}