{
  "name": "Kontor – Borlänge",
  "description": "Information om kontoret i Borlänge.",
  "url": "https://b3it.sharepoint.com/teams/KontorBorlange",
  "pages": [
    {
      "id": "5558315c-b298-4e16-abde-75cd5b686fe5",
      "title": "Hitta till oss - Borlänge",
      "description": "Adresser Vårt kontor ligger centralt i Borlänge, på gångavstånd från Borlänge centralstation. Besöksadress Borganäsvägen 44 i Borlänge Postadress Borganäsvägen 42 78433 Borlänge ​​​​​​​ Parkering Alt 1: Kontoret har en gästparkering vid kontorets in…",
      "created_by": "Jenny Forsman",
      "created_date": "2019-10-28T10:19:57",
      "last_modified_by": "",
      "last_modified_date": "2022-03-14T15:15:27",
      "content": "AdresserVårt kontor ligger centralt i Borlänge, på gångavstånd från Borlänge centralstation. BesöksadressBorganäsvägen 44 i BorlängePostadressBorganäsvägen 42 78433 Borlänge ​​​​​​​\nParkeringAlt 1: Kontoret har en gästparkering vid kontorets innergård, plats nr 3. Parkeringstillstånd ska placeras i bilen, finns på kontoret. Kontrollera innan besök att platsen är tillgänglig den dagen.Alt 2: Parkeringen efter Ovanbrogatan, kostar 1 kronor timmen första två timmarna.Alt 3: Gratisparkeringen intill Folkets hus, Galaxen. Ca 700 m från kontoret.\n",
      "url": "https://b3it.sharepoint.com/teams/KontorBorlange/SitePages/Hitta%20till%20oss%20Borl%C3%A4nge.aspx"
    },
    {
      "id": "b060bf03-3a04-4d99-befd-07261ce57bf8",
      "title": "Hitta till kontoret",
      "description": "Vår besöksadress är: Borganäsvägen 44 i Borlänge",
      "created_by": "Jenny Forsman",
      "created_date": "2019-10-28T10:19:57",
      "last_modified_by": "",
      "last_modified_date": "2022-03-14T12:48:53",
      "content": "Vår besöksadress är:Borganäsvägen 44 i Borlänge\n",
      "url": "https://b3it.sharepoint.com/teams/KontorBorlange/SitePages/hitta.aspx"
    },
    {
      "id": "5942edad-7482-4971-a411-75abdf34aa38",
      "title": "Startsida",
      "description": "Välkommen till B3 Complete Vår mission att vara det bästa konsultbolaget på vår marknad i Gävle-Dala för medarbetare, kunder och ägare. Vi är för närvarande drygt 20 medarbetare fördelade på våra två kontor – i Borlänge respektive Gävle .  ​​​​​​​​ …",
      "created_by": "Pernilla Nilsson",
      "created_date": "2019-01-26T09:30:08",
      "last_modified_by": "",
      "last_modified_date": "2024-05-20T08:13:19",
      "content": "Välkommen till B3 CompleteVår mission att vara det bästa konsultbolaget på vår marknad i Gävle-Dala för medarbetare, kunder och ägare. Vi är för närvarande drygt 20 medarbetare fördelade på våra två kontor – i Borlänge respektive Gävle.  ​​​​​​​​Vi erbjuder tjänster inom:​FörändringsledningVerksamhetsutveckling & arkitektur​Utveckling & test​​​​​​​​B3 Complete är seniora konsulter med stor erfarenhet som hjälper företag, organisationer och myndigheter i hela Norrlandsregionen. Våra största kunder är Sandvik, Trafikverket, Lantmäteriet och Region Gävleborg & Dalarna. ​\n",
      "url": "https://b3it.sharepoint.com/teams/KontorBorlange/SitePages/Home.aspx"
    },
    {
      "id": "24c9b185-47c6-4e1c-b21b-2e0d0f12b999",
      "title": "Om oss",
      "description": "Om B3 B3 Consulting Group är ett av Sveriges snabbast växande konsultföretag inom IT och management. Den starka företagskulturen präglas av kundfokus, entreprenörskap och konsulternas ständiga utveckling. Idag är vi över 650 medarbetare och har en o…",
      "created_by": "Måns Nyberg",
      "created_date": "2019-10-28T10:19:57",
      "last_modified_by": "",
      "last_modified_date": "2019-10-31T13:32:46",
      "content": "Om B3\nB3 Consulting Group är ett av Sveriges snabbast växande konsultföretag inom IT och management. Den starka företagskulturen präglas av kundfokus, entreprenörskap och konsulternas ständiga utveckling. Idag är vi över 650 medarbetare och har en omsättning på över 750 miljoner.\nB3 Consulting, Dalarna är ...\nB3 är strategisk partner till flera av Sveriges större företag och organisationer. Tillsammans utforskar vi digitaliseringens möjligheter både inom innovation och effektivisering. Vi levererar hela projekt- och funktionsåtaganden med team av erfarna specialister, eller tar olika specialistroller i uppdragsgivarens organisation.\nHos B3 möter du konsulter med både erfarenhet och förmåga att leda större förändringsprojekt. Vi fokuserar därför vår rekrytering på medarbetare med minst tio års erfarenhet. Det betyder att varje ny medarbetare bidrar med kompetens, erfarenhet och ambitioner – och inte minst med sitt personliga nätverk.\n",
      "url": "https://b3it.sharepoint.com/teams/KontorBorlange/SitePages/info.aspx"
    },
    {
      "id": "4e292d52-8440-442d-a51b-9522aeed2d7b",
      "title": "Hitta till kontoret",
      "description": "Vår besöksadress är: Borganäsvägen 44 i Borlänge",
      "created_by": "Måns Nyberg",
      "created_date": "2019-10-28T10:19:57",
      "last_modified_by": "",
      "last_modified_date": "2019-10-29T09:22:02",
      "content": "Vår besöksadress är:\nBorganäsvägen 44 i Borlänge\n",
      "url": "https://b3it.sharepoint.com/teams/KontorBorlange/SitePages/kontoret.aspx"
    },
    {
      "id": "f2df4f70-5718-4d7a-a01a-d95105fa7719",
      "title": "Vi som jobbar på B3 Complete i Borlänge",
      "description": "",
      "created_by": "Rickard Wallen",
      "created_date": "2019-10-28T10:01:48",
      "last_modified_by": "",
      "last_modified_date": "2024-05-28T08:00:12",
      "content": "",
      "url": "https://b3it.sharepoint.com/teams/KontorBorlange/SitePages/Vi-som-jobbar-h%C3%A4r-.aspx"
    },
    {
      "id": "ea5e59a5-717f-460d-b2ba-410f375c6181",
      "title": "Vårt kontor - Borlänge",
      "description": "Vårt kontor Arbetsplatser Hos oss finns fyra konsultarbetsplatser. Konferensrum Det finns ett mötesrum med åtta platser, projektor och whiteboard. Övrigt Hos oss finns även ett fikarum samt ett kök med kyl, micro och kaffemaskin. Vid olycksfall elle…",
      "created_by": "Jenny Forsman",
      "created_date": "2019-10-28T10:19:57",
      "last_modified_by": "",
      "last_modified_date": "2022-03-14T15:39:00",
      "content": "Vårt kontorArbetsplatserHos oss finns fyra konsultarbetsplatser. KonferensrumDet finns ett mötesrum med åtta platser, projektor och whiteboard. ÖvrigtHos oss finns även ett fikarum samt ett kök med kyl, micro och kaffemaskin.\nVid olycksfall eller brandFörbandslådaFinns på toaletten på kontoret (Borganäsvägen 44, våning 2)Hjärtstartare Nethouse Sverige AB , Borganäsvägen 44, våning 1 Brandsläckare I korridoren på kontoret (Borganäsvägen 44, våning 2)Utrymningsvägar Alt 1: Ner genom huvudtrappan Alt 2: Balkongen ner på taket Uppsamlingsplats Vid restaurang Basta på Sveatorget \n\n",
      "url": "https://b3it.sharepoint.com/teams/KontorBorlange/SitePages/V%C3%A5rt%20kontor%20Borl%C3%A4nge.aspx"
    },
    {
      "id": "1882867f-4661-4fc4-9eb8-13e63f09ed89",
      "title": "Välkommen till vår interna kanal",
      "description": "",
      "created_by": "Per Matsson",
      "created_date": "2019-02-07T13:18:14",
      "last_modified_by": "",
      "last_modified_date": "2019-02-07T13:18:16",
      "content": "",
      "url": "https://b3it.sharepoint.com/teams/KontorBorlange/SitePages/V%C3%A4lkommen-till-v%C3%A5r-interna-kanal.aspx"
    }
  ]
}