{
  "name": "Kontorsråd Stockholm",
  "description": "",
  "url": "https://b3it.sharepoint.com/teams/KontorsrdStockholm",
  "pages": [
    {
      "id": "46ed3fe0-3dd4-44f8-9320-2d818b066d2c",
      "title": "Startsida",
      "description": "",
      "created_by": "Systemkonto",
      "created_date": "2023-08-19T23:19:52",
      "last_modified_by": "",
      "last_modified_date": "2023-08-19T23:19:52",
      "content": "",
      "url": "https://b3it.sharepoint.com/teams/KontorsrdStockholm/SitePages/Home.aspx"
    }
  ]
}