{
  "name": "Kontor – Göteborg",
  "description": "Information om kontoret i Göteborg",
  "url": "https://b3it.sharepoint.com/teams/KontorGoteborg",
  "pages": [
    {
      "id": "0421a803-950c-4267-b1d8-96fbe4f93296",
      "title": "B3Bar Göteborg ",
      "description": "Hej alla goa Göteborgare välkommen till B3Bar! Efter en härlig semester vill vi bjuda in dig till en B3Bar i Göteborg. När? Fredagen den 30 augusti 2024, från kl. 17:30 Var? Poppels, Vikingsgatan 1 Vi bjuder på något lättare att äta och förfriskning…",
      "created_by": "Melinda Andersson",
      "created_date": "2024-07-09T08:10:20",
      "last_modified_by": "",
      "last_modified_date": "2024-07-09T08:18:55",
      "content": "Hej alla goa Göteborgare välkommen till B3Bar!Efter en härlig semester vill vi bjuda in dig till en B3Bar i Göteborg.När?Fredagen den 30 augusti 2024, från kl. 17:30Var?Poppels, Vikingsgatan 1Vi bjuder på något lättare att äta och förfriskningar som öl, vin & alkoholfritt. För att vi ska kunna planera mat och dryck behöver vi din anmälan senast den 18 augusti 2024. Om du får förhinder kan du enkelt avboka via ditt bekräftelsemejl från Invajo\nHar du några frågor? Kontakta Malinda Knudsen! \n",
      "url": "https://b3it.sharepoint.com/teams/KontorGoteborg/SitePages/B3-Bar-G%C3%B6teborg.aspx"
    },
    {
      "id": "5942edad-7482-4971-a411-75abdf34aa38",
      "title": "Startsida",
      "description": "",
      "created_by": "Melinda Andersson",
      "created_date": "2019-01-26T09:30:08",
      "last_modified_by": "",
      "last_modified_date": "2024-07-09T08:37:03",
      "content": "",
      "url": "https://b3it.sharepoint.com/teams/KontorGoteborg/SitePages/Home.aspx"
    },
    {
      "id": "63d124d8-f671-46b9-b6db-7554acfce6e5",
      "title": "Vår arbetsplats",
      "description": "Arbetsmiljö och skyddsombud i Göteborg Din arbetsgivare har ansvaret för din arbetsmiljö i första hand, om du behöver prata med någon annan har vi två skyddsombud som du kan kontakta. Mer information hittar du här: Arbetsmiljö på B3 Öppettider och k…",
      "created_by": "Melinda Andersson",
      "created_date": "2019-04-26T07:28:39",
      "last_modified_by": "",
      "last_modified_date": "2024-07-09T08:04:30",
      "content": "Arbetsmiljö och skyddsombud i GöteborgDin arbetsgivare har ansvaret för din arbetsmiljö i första hand, om du behöver prata med någon annan har vi två skyddsombud som du kan kontakta. Mer information hittar du här: Arbetsmiljö på B3 (/teams/Minanstallning/SitePages/Arbetsmilj%c3%b6.aspx)\nÖppettider och kontaktVi har ingen receptionstjänst utan hjälps åt med att släppa in och ta hand om gäster, väntar du besök är det bra om du håller lite extra koll. Det finns tre mobila dörröppnare varav en finns i köket och de övriga i kontorslandskapet. Vårt kontor är bemannat vardagar 08:00-17:00.  Har du några frågor kontaktar du din närmaste chef. \nHur öppnar jag entrédörren? ​​​​​​​När du börjar din anställning får du en passerbricka av din närmsta chef.Du kommer in genom att föra nyckelbrickan över panelen utanför entrédörren.Är larmet aktiverat larmar du av genom att trycka # (på panelen), för din bricka över panelen och ange kod 5243.Samma sak gäller när du skall aktivera larmet.​​​​​​​OBS! Om du förlorar din passerbricka meddelar du din chef för att beställa en ny och spärra den förlorade brickan.\nVar kan jag sitta och arbeta? Det finns 12st bokningsbara arbetsplatser, dessa bokar du i Outlook. På kontoret finns även 6st obokningsbara arbetsplatser där vi tillämpar free seatingHar du ett längre möte så ta gärna med dina saker så platsen blir tillgänglig för någon annan. Vi har även kök, skrivare och flera mötesrum. Mer information om skrivaren hittar du här (/teams/KontorGoteborg/SitePages/Skrivaren.aspx?source=https%3a//b3it.sharepoint.com/teams/KontorGoteborg/SitePages/Forms/ByAuthor.aspx). \nWifi B3 Consulting Group (endast anställda)SSID: B3 Consulting GroupPWD: Fl@gshipOffice#1GästnätverkSSID: B3 Consulting Group - Guest​​​​​​​PWD: GoteborgDriftsstörningar (http://status.pin.se/)\nPost och brevVi hanterar inte post eller paket hos oss då vi inte har någon receptionstjänst, däremot tar vi emot post/paket som läggs i postfacken i köket. Kvitton skickas till:B3 Consulting Group ABBox 8​​​​​​​101 20 Stockholm. \nYodabee boxarPå alla toaletter har vi Yodabee, observerar ni att de är slut eller behöver fyllas på kontakta Melinda Andersson.  \nFörvaringsskåp Skåp finns att tillgå i lokalen. Du tar en nyckel och mailar skåpsnummer och nyckelnummer till Mattias Svensson.\nFelanmälan och lokalutvecklingVill du göra en allmän felanmälan gällande något som inte fungerar eller behöver ses över i lokalen på Kämpegatan 6 går det bra att göra det till Mattias Svensson alt. någon av de andra verksamhetsansvariga.  Vi tar också emot felanmälan som rör fastigheten i stort. Samma sak gäller önskemål och tips gällande utveckling av lokalen.  \nLarm och brandskyddVi arbetar kontinuerligt med Systematiskt Brandskyddsarbete (SBA). Du kan läsa mer här (/%3aw%3a/r/teams/Kungsbron2/_layouts/15/Doc.aspx?sourcedoc=%7b044BA46E-81E6-4899-A0B8-577A56CD60B7%7d&file=1%20Systematiskt-Brandskyddsarbete.pdf.docx&action=default&mobileredirect=true). (/teams/Kungsbron2/Delade%20dokument/Forms/AllItems.aspx?id=/teams/Kungsbron2/Delade%20dokument/SBA/1%20Systematiskt-Brandskyddsarbete.pdf&parent=/teams/Kungsbron2/Delade%20dokument/SBA)Brandskyddsansvarig i Göteborg är: Mattias SvenssonFörsta hjälpenutrustning och hjärtstartare finns i vårt gemensamma kök på kontoret.Film över hur hjärtstartare fungerar: https://youtu.be/L_vks4ifkik (https://youtu.be/L_vks4ifkik)Titta även på \"Första hjälpen vid hjärtinfarkt\" https://vimeo.com/185955112 (https://vimeo.com/185955112)Hämta hjärtstartaren även vid misstänkt hjärtinfarkt.Vid misstänkt hjärtinfarkt är det bra att ge personen, om den är vaken, en halv Bamyl i väntan på ambulans.(På vår hjärtstartarväska finns en Bamyltablett, i den röda nyckelringen).(Tips: ha att alltid med dig en Bamyl på resor eller när det är långt till sjukhuset/ambulans)---------------------------------------------Vid nödsituation ring 112 för att tillkalla ambulans och/eller polis.  \nVattenautomat i köketDet finns en vattenautomat i köket (se bilder nedan), den övre knappen ger kallt vatten och den undre ger kolsyrat vatten.När man tar kolsyrat vatten så försätter det att komma lite efter det att man har släppt knappen. Så ska det vara och det är för att tömma slangar och rör så att den som kommer efter och bara vill ha kallt vatten ska slippa att få lite kolsyrat vatten först.Dock innebär detta att skåpet under vasken är fylld med utrustning (se mittenbild nedan) vilket har medfört att maskindiskmedlet har fått flytta upp ovanför mikrovågsugnarna.Om läckage skulle uppstå så finns det en funktion som känner av detta och automaten stängs automatiskt av.Om detta eller något annat skulle hända med automaten (kolsyran tar slut) kontakta då:Convini/Kaffeknappen på telefonnummer 0200-333535, glöm inte att ange ID Nr: 94684.\nMötesrummen: Våra bokningsbara mötesrum hittar du i din Outlook-kalender, de dyker upp som valbara alternativ när du ställer din markör på \" Sök efter rum eller plats\". Du kan bläddra bland fler rum om du inte får upp alla alternativ. (även köket med tillhörande Café Holmen kan du boka)Våra mötesrum är döpta efter framgångsrika teknikkvinnor som du kan läsa mer om utanför varje rum.Teknik i mötesrummenBehöver du hjälpa att komma igång med tekniken i mötesrummen, tveka inte att fråga Ola (https://eur.delve.office.com/?u=073a0edc-8bc0-48a2-99f1-82b2e3c1e5f2&v=work).\nAntal personer: 5Utrustning: TV\nAntal personer: 4Utrustning: TV\nAntal personer: 6Utrustning: Teams roomsystem, ljud och videokonferans och en TV\nAntal personer: 12Utrustning: Teams roomsystem, ljud och videokonferans och en TV\nAntal personer: 1Utrustning: Skärm\nAntal personer: 2Utrustning: TVEj bokningsbart\nAntal personer: 35-50Utrustning: TV\n",
      "url": "https://b3it.sharepoint.com/teams/KontorGoteborg/SitePages/M%C3%B6tesytor.aspx"
    },
    {
      "id": "68126c95-53d8-4331-80b8-3d234f4df84f",
      "title": "Skrivare",
      "description": "​​​​​​​ OBS! Ny skrivare ska installeras, så fort installationen är gjord kommer mer information här. Såhär fungerar skrivaren: Vår skrivare är en nätverksskrivare - du konfigurerar åtkomsten på din enhet (dator, platta el likn). Vad gör man om papp…",
      "created_by": "Malinda Knudsen",
      "created_date": "2019-04-26T07:29:36",
      "last_modified_by": "",
      "last_modified_date": "2022-02-01T10:09:02",
      "content": "​​​​​​​OBS! Ny skrivare ska installeras, så fort installationen är gjord kommer mer information här. Såhär fungerar skrivaren:Vår skrivare är en nätverksskrivare - du konfigurerar åtkomsten på din enhet (dator, platta el likn).Vad gör man om pappret är slut? Fyll i inköpslistan som finns i skrivarrummet\n",
      "url": "https://b3it.sharepoint.com/teams/KontorGoteborg/SitePages/Skrivaren.aspx"
    },
    {
      "id": "69ed91bf-8ec4-4e56-bd9c-e55d57e9b17d",
      "title": "Säkerhet",
      "description": "Systematiskt Brandskyddsarbete (SBA) Kämpegatan 6 Lagen om skydd mot olyckor kräver att en arbetsplats har ett fullgott brandskydd. På Kämpegatan 6 arbetar vi kontinuerligt med Systematisk Brandskyddsarbete. Som medarbetare på B3 ansvarar du själv f…",
      "created_by": "Malinda Knudsen",
      "created_date": "2019-04-26T07:27:56",
      "last_modified_by": "",
      "last_modified_date": "2022-03-03T11:58:57",
      "content": "Systematiskt Brandskyddsarbete (SBA) Kämpegatan 6Lagen om skydd mot olyckor kräver att en arbetsplats har ett fullgott brandskydd. På Kämpegatan 6 arbetar vi kontinuerligt med Systematisk Brandskyddsarbete.Som medarbetare på B3 ansvarar du själv för att ta del av vår brandskyddsinformation, det gör du enklast genom att läsa dokumentationen via länkarna här till höger. Brandskydskyddsansvarig är Mattias Svensson och brandskyddskontrollant ärHandlingsplan vid kris eller allvarlig händelseOm en allvarlig händelse inträffar har B3 tagit fram en  (/teams/OmB3IT/Verksamhetsdokument/Forms/AllItems.aspx?id=/teams/OmB3IT/Verksamhetsdokument/Krisplan%20f%C3%B6r%20B3%20%28uppdaterad%202022-03-02%29.pdf&parent=/teams/OmB3IT/Verksamhetsdokument)krisplan (/teams/Chefsrummet/Shared%20Documents/Forms/AllItems.aspx?id=/teams/Chefsrummet/Shared%20Documents/KRISPLAN%20B3%20-%20Handlingsplan%20vid%20allvarlig%20ha%CC%88ndelse.pdf&parent=/teams/Chefsrummet/Shared%20Documents). Här beskrivs hur B3 centralt hanterar en kris eller allvarligt händelse. Larm och passersystemVåra nyckelbrickor fungerar både för passage i fastigheten och till vår lokal . För inpassage under kontorstid krävs endast att du lägger  nyckelbrickan emot panelen för att öppna dörren. Du använder nyckelbrickan för att aktivera/avaktivera larmet i vår lokal genom att trycka på  *, föra brickan mot panelen och därefter trycka koden 5243.Om något går fel och du skulle råka dra igång larmet ring xxxxxxx  och uppge återkallningskoden du fick när du kvitterade ut din nyckelbricka.Du får en nyckelbricka av din chef den första arbetsdagen. Tillsammans med din nyckelbricka kommer du att få en personlig kod.Observera!Är du sist i lokalen ska du alltid aktivera larmet när du går.FAQFråga: Jag har glömt min kod, hur kan jag få reda på den?Svar: Tag kontakt med din närmsta chef för hjälp.Fråga: Jag har ingen nyckelbricka, kommer jag in på kontoret då?Svar: Vi bemannar kontoret vardagar 08:00-17:00. Om du ska in på t ex ett personalmöte har mötesansvarig till uppgift att släppa in dig eller om du tar kontakt med en kollega som kan öppna åt dig.Fråga: Jag har tappat bort min nyckelbricka, vad gör jag nu?Svar: Ta så fort som möjligt kontakt med närmsta chef så vi kan spärra den och beställa en ny. Fråga: Jag har flera liknande nyckelbrickor och tycker att det är praktiskt att hänga taggen på ett B3-nyckelband, är det OK?Svar: Nej, det är inte tillåtet att markera nyckelbrickan på ett sånt sätt att det går att gissa sig till vad den går.Fråga: Jag har råkat sätta igång larmet av misstag, hur gör jag för att avaktivera det?Svar: Håll din nyckelbricka mot knappsatsen och slå in din fyrsiffriga kod.\nBrandskyddspolicy (/teams/Kungsbron2/Delade%20dokument/Forms/AllItems.aspx?id=/teams/Kungsbron2/Delade%20dokument/SBA/1%20Systematiskt-Brandskyddsarbete.pdf&parent=/teams/Kungsbron2/Delade%20dokument/SBA)Handlingsplan vid utrymningUtrymningsplan\n",
      "url": "https://b3it.sharepoint.com/teams/KontorGoteborg/SitePages/S%C3%A4kerhet.aspx"
    },
    {
      "id": "7dab964e-937a-4591-a92d-7b0abf286c01",
      "title": "TOUGHEST GÖTEBORG XPLORE",
      "description": "Toughest Xplore är ett hinderbanelopp som de flesta klarar av och är perfekt för de som vill prova OCR för första gången eller är ute efter en lättare utmaning! Toughest Xplore går av stapeln i Göteborg den 22 september , och vi vill gärna samla ett…",
      "created_by": "Melinda Andersson",
      "created_date": "2024-07-09T08:20:17",
      "last_modified_by": "",
      "last_modified_date": "2024-07-09T08:24:53",
      "content": "Toughest Xplore är ett hinderbanelopp som de flesta klarar av och är perfekt för de som vill prova OCR för första gången eller är ute efter en lättare utmaning! Toughest Xplore går av stapeln i Göteborg den 22 september, och vi vill gärna samla ett gäng från kontoret som kan delta tillsammans. Detta är ett fantastiskt tillfälle att utmana oss själva, jobba på vår teamanda och ha riktigt roligt tillsammans.För er som inte är bekanta med Toughest Xplore är det en tävling som kombinerar hinderlöpning med äventyr och problemlösning. Det är öppet för alla oavsett fysisk nivå, och det viktigaste är att vi deltar och har kul tillsammans! 4 km banaUtforska en kortare version av deras huvudlopp, helt i din egen takt.Enklare hinderPå Xplore har de tagit bort de svåraste hindren. Utmaningarna är noga utvalda för att passa de allra flesta.Inga krav, obegränsat med försökGör endast de utmaningar du känner dig bekväm med, utan tidtagning eller straffrundor.Vi ser fram emot en dag fylld av utmaningar, skratt och gemenskap. Hoppas att så många som möjligt kan vara med! Länk för anmälan skall ni fått via Invajo på er mejl, vi vill gärna ha er anmälan senaste 18 aug! \n",
      "url": "https://b3it.sharepoint.com/teams/KontorGoteborg/SitePages/TOUGHEST-G%C3%96TEBORG-XPLORE.aspx"
    },
    {
      "id": "b0685aef-726b-4822-9b25-003725c5ef03",
      "title": "Var parkerar jag?",
      "description": "Var kan jag parkera? Det finns 10 parkeringsplatser som tillhör B3. Dessa är märkta med ett B3 klistermärke. Här tillämpar vi först till kvarn. Skulle dessa platser vara upptagna finns en betalparkering finns på Gullbergskajen Antal platser: 241 Pri…",
      "created_by": "Malinda Knudsen",
      "created_date": "2019-04-30T08:25:33",
      "last_modified_by": "",
      "last_modified_date": "2022-02-01T09:43:05",
      "content": "Var kan jag parkera? Det finns 10 parkeringsplatser som tillhör B3. Dessa är märkta med ett B3 klistermärke. Här tillämpar vi först till kvarn. Skulle dessa platser vara upptagna finns en betalparkering finns på Gullbergskajen Antal platser: 241Pris: 19kr/tim alla dagar 08-22, övrig tid 2kr/timBetalsätt: Bensinkort, Visa, Mastercard, American Express, TelefonBetala med telefonparkering \"Parkering Göteborg: PLATSKOD: 4761\n",
      "url": "https://b3it.sharepoint.com/teams/KontorGoteborg/SitePages/Var-parkerar-jag-.aspx"
    },
    {
      "id": "68e41e89-0e46-46d6-b962-fa14c1709768",
      "title": "Mat och restauranger",
      "description": "I vårt kök finns mikrovågsugn, kylskåp frys så det går utmärkt att ta med matlåda till jobbet. Finns också ett antal trevliga lunchrestauranger i området. Här nedan finns en lista på de restaurangerna vi tipsar om, även länkar till deras hemsidor. K…",
      "created_by": "Malinda Knudsen",
      "created_date": "2019-04-26T07:24:04",
      "last_modified_by": "",
      "last_modified_date": "2022-02-01T09:59:15",
      "content": "I vårt kök finns mikrovågsugn, kylskåp frys så det går utmärkt att ta med matlåda till jobbet. Finns också ett antal trevliga lunchrestauranger i området.Här nedan finns en lista på de restaurangerna vi tipsar om, även länkar till deras hemsidor. Kooperativet (http://www.kooperativet.se/pagoden/lunch-meny-hela-veckan)Poh-Keh-Hawaiian (http://www.poh-keh.se/)Tennet (https://www.butlercatering.se/meny-sida/)Nordstan (https://nordstan.se/butiker/#cafeer-restauranger)Togogo på Centralstationen (https://togogo.se/)\nVar beställer jag mat till frukostseminarier & andra möten?Vi har ett bra samarbete med restaurang Pagoden (http://www.kooperativet.se/pagoden/startsida) som ligger på Gullbergs Strandgata 15, sedan finns alltid Foodora som kan leverera till oss!\n",
      "url": "https://b3it.sharepoint.com/teams/KontorGoteborg/SitePages/Vart-ska-jag-%C3%A4ta-.aspx"
    },
    {
      "id": "3811b4f0-d2bb-46e7-a893-76097ca4d98c",
      "title": "Vilka är vi?",
      "description": "B3 Digital Worklife -Vi hjälper våra kunder att förändra sitt arbetssätt, få ordning på samarbetet och skapa en bättre arbetsplats - ett modernare och effektivare sätt att få jobbet gjort helt enkelt. Vi har också andra specialistkompetenser inom ve…",
      "created_by": "Malinda Knudsen",
      "created_date": "2019-04-30T08:25:14",
      "last_modified_by": "",
      "last_modified_date": "2024-03-01T15:33:13",
      "content": "B3 Digital Worklife  -Vi hjälper våra kunder att förändra sitt arbetssätt, få ordning på samarbetet och skapa en bättre arbetsplats - ett modernare och effektivare sätt att få jobbet gjort helt enkelt. Vi har också andra specialistkompetenser inom verksamhetsutveckling, projektledning, systemutveckling och molnteknologier.​​​​​​​​​​​​​​\nB3 Indes jobbar med The Data Driven Company och Process Automation. B3 Indes är ett remote-first bolag som erbjuder medarbetarna att jobba därifrån de vill, de finns utspridda mellan Skåne, Göteborg & Stockholm.Vid årsskiftet var B3 Indes 21 personer, varav två ledare & tre ukons.Åtta nya medarbetare är kontrakterade för start under Q1 2022. Telia är B3 Indes största kund, där har de sex anställda & tre ukons. Det motsvarar 40% av B3 Indes omsättning ungefär. De har fler kunder inom Automotive (Volvo, Polestar, Hedin Bil, Michelin), Industri (Stena, Epiroc), Retail (H&M), Bank och finans (ICA-banken, Klarna), Transport och logistik (Västtrafik, Greencarrier) & inom IT (Epidemic Sound, Mentimeter) samt många fler.\nB3 Healthcare Consulting är ett oberoende konsultbolag som levererar tjänster till svenska vårdaktörer. Vi jobbar alltid med e-hälsa – för att vi vill, kan och brinner för det vi gör! Vi kan verksamheten och vi kan e-hälsa.  Våra kompetensområden är bl a projektledning, implementering, förstudier och strategiska uppdrag inom e-hälsa och digitalisering.\nB3 Networks har nätverksspecialister i Stockholm, Göteborg och Malmö. Vi erbjuder kunderna experthjälp i långa uppdrag, men vi levererar också drifttjänster och funktionsåtaganden. Våra kompetenser ligger bland annat inom Cisco & Fortinets plattformar, men vi har en stor bredd och stort kunnande kring all nätverksbaserad infrastruktur. \nB3 Cloud Services är experter på Microsofts molntjänster och stöttar organisationer i deras molnresa. Som tilläggstjänst erbjuder vi också övervakning och support via vår Technical Assistance Center. Ytterligare ett ben är IT-leverans av molntjänster för privata vårdgivare. ​​​​​​​ \nB3 Upphandling är sedan flera år en ledande aktör inom offentliga upphandling och bistår många av Sveriges myndigheter och kommuner genom strategiskt och operativt upphandlingsstöd.B3 Upphandling tillhandahåller expertkunskap inom hela upphandlingsområdet, i form av kompetenta upphandlingsprojektledare, kravanalytiker, inköpsutvecklare och upphandlingsjurister. Bolaget har idag närmare 30 medarbetare och jobbar över hela landet och fem placerade i Göteborg! \n",
      "url": "https://b3it.sharepoint.com/teams/KontorGoteborg/SitePages/Vilka-%C3%A4r-vi-.aspx"
    },
    {
      "id": "a89fc3a3-9792-466d-9cf4-c626e8e3421b",
      "title": "Trivselregler",
      "description": "Vi har inte så många regler på kontoret , men här kommer några viktiga för trivseln: Tömning av diskmaskinen – allas ansvar Inga koppar i diskhon – vi har två diskmaskiner Plocka undan disk i lokalen – eget ansvar Sopor – blir det fullt? Lämna soppå…",
      "created_by": "Melinda Andersson",
      "created_date": "2019-04-26T08:12:32",
      "last_modified_by": "",
      "last_modified_date": "2024-07-09T07:56:31",
      "content": "Vi har inte så många regler på kontoret, men här kommer några viktiga för trivseln: Tömning av diskmaskinen – allas ansvar Inga koppar i diskhon – vi har två diskmaskiner Plocka undan disk i lokalen – eget ansvar Sopor – blir det fullt? Lämna soppåsen i städrummet vid toaletterna och sätt i en ny. Kaffemaskinen, dra ned flärpen...annars stänker det på golvet Matlådor läggs i underskåpet mittemot spisen Huvudregler Var och en städar upp efter sig själv och sina eventuella gäster Har du besök, var redo på att öppna dörren Ringer det på dörren se till att öppna så att inte samma person/er öppnar hela tiden Entrén Avhängning av ytterplagg  Här sitter våra gäster i väntan på sin värd Ägare av gästen: kaffe/välkomnar Ytterkläder för medarbetare skall hängas på tänkt ställe Skor som är blöta tar man med sig till sin plats för dagen Vi har gemensamt tagit beslut om att vi inte tillåter några djur på kontoret. Anledningarna är bland annat att det finns allergier, att vi har kunder som rör sig i våra lokaler och att det kan finnas rädsla för djur. Har du några frågor är det bara att du hör av dig till din närmsta chef. \nI vilorummet Är det fördraget innebär det att rummet är upptaget, stör ej I det öppna kontorslandskapet Ta gärna ett telefonbås om du har teamsmöten.  På open seating ytorna skall det vara tomt efter du lämnat, lämna inga saker, se till att kaffefläckar är borttagna Brickhantering – Hanteras av respektive chef. (Bygg Göta för nya brickor), finns en lista på teams där varje chef lägger upp sina nya medarbetare (on och offboarding) med siffror som finns på brickan. Fester/AW´s och liknande Ansvarig för att ställa i ordning – utses vid varje tillfälle Konferens/mötesrummen Rum bokas i Outlook Ställ i ordning konferensrummet efter dig, dvs stolarna prydligt, kaffefläckar och liknande skall torkas bort Skrivarrummet Flagga om du ser att material fattas (skriv på listan i skrivarrummet)ToaletterSe till att det är rent och prydligt efter dig, fäll ned toalocket efter ditt besök.   \n",
      "url": "https://b3it.sharepoint.com/teams/KontorGoteborg/SitePages/%C3%96vrig-info.aspx"
    }
  ]
}