{
  "name": "Ledarskapsplattformen",
  "description": "Ledarskapsplattformen - ledarskap för alla på B3. ",
  "url": "https://b3it.sharepoint.com/teams/Ledarskapsplattformen",
  "pages": [
    {
      "id": "48f5f764-d7ba-4ea5-907d-bb832c151f29",
      "title": "Se och agera på affärsmöjligheter",
      "description": "Du hittar allt du behöver på Säljportalen https://b3it.sharepoint.com/teams/salesportal",
      "created_by": "Anne Ek",
      "created_date": "2021-03-28T17:02:31",
      "last_modified_by": "",
      "last_modified_date": "2021-03-29T18:47:16",
      "content": "Du hittar allt du behöver på Säljportalenhttps://b3it.sharepoint.com/teams/salesportal (/teams/salesportal)\n",
      "url": "https://b3it.sharepoint.com/teams/Ledarskapsplattformen/SitePages/Aff%C3%A4rsm%C3%B6jligheter.aspx"
    },
    {
      "id": "fc0851b6-bd44-4d52-b58f-277ac202ffb7",
      "title": "Vara närvarande och coachande",
      "description": "Varför är det viktigt att vara närvarande och coachande? Modernt ledarskap pratar allt oftare om att vi alla är ledare. Den som har mest kompetens eller är bäst lämpad att ta lead i en viss situation tar troligen de bästa besluten. Ledarskap handlar…",
      "created_by": "Anne Ek",
      "created_date": "2021-03-28T16:59:31",
      "last_modified_by": "",
      "last_modified_date": "2021-05-07T18:54:15",
      "content": "Varför är det viktigt att vara närvarande och coachande?Modernt ledarskap pratar allt oftare om att vi alla är ledare. Den som har mest kompetens eller är bäst lämpad att ta lead i en viss situation tar troligen de bästa besluten. Ledarskap handlar om att locka fram det bästa ur varandra, och att vi ska samarbeta bra som grupp. Det är därför vi gillar coachande ledare. Vi går in i den coachande ledarstilen för att vi tror att medarbetaren eller kollegan egentligen vet bäst själv vad hen borde göra. Men att hen behöver lite stöd i att ventilera och bli utmanad – för att sedan hitta sina egna svar. Vi ställer frågorna, men kollegan eller medarbetaren får själv ge svaren. Det är att vara coachande.​​​​​​​\nDet som lyckas bra med att vara coachande:Är 100% närvarandeKänner av om personen vill ha coachande stöd eller kanske bara behöver ett direkt rådLyssnar aktivtÄr genuint intresserad av den andres perspektivLägger undan vårt ego som vill ge svar och verka smartStäller bra frågor som leder mot handling och way forward, så samtalet inte blir ältande\nLäs merI denna föreläsning med Simon Elvnäs berättar han om sin forskning. Föreläsningen är inspelad från ett framförande som Simon gjorde för chefer på SVT för ett antal år sedan. I videons ca minut 15 pratar han om den \"feedback och coaching loop\" som finns i en av bilderna i ppt-presentationen ovan. ​​​​​​​\nAnders Hansen har skrivit boken Hjärnstark och Skärmhjärnan som handlar mycket om att vi inte är närvarande i det vi gör. Vad händer med oss när vi är i våra mobiler hela dagarna?\nDet finns otroligt mycket att läsa om och lära av på temat coachande. Här kommer några exempel. Om du vill lära ännu mer - googla och dela gärna med oss andra!\nSkapa möjligheter tillsammansDiskutera gärna ihop med andra kollegor: Hur kan jag vara ännu mer närvarande, vad kan jag göra för att bli en mer coachande ledare/kollega?​​​​​​​Vad är vårt ansvar som kollegor och förebilder?\n",
      "url": "https://b3it.sharepoint.com/teams/Ledarskapsplattformen/SitePages/Coacha.aspx"
    },
    {
      "id": "2714fdc9-f433-4d96-b169-16c8c74f087e",
      "title": "Gör andra bättre genom feedback",
      "description": "Varför är det viktigt med Feedback? Feedback är inte rocket science. Många har nog gått feedback-utbildningar tidigare. Men vi är inte alltid så bra på att göra det i praktiken. Varför är det bra med feedback? Jo, det handlar om att ge u ppmärksamhe…",
      "created_by": "Anne Ek",
      "created_date": "2021-03-28T16:54:34",
      "last_modified_by": "",
      "last_modified_date": "2021-05-07T18:51:47",
      "content": "Varför är det viktigt med Feedback?Feedback är inte rocket science. Många har nog gått feedback-utbildningar tidigare. Men vi är inte alltid så bra på att göra det i praktiken. Varför är det bra med feedback? Jo, det handlar om att ge uppmärksamhet, uppmuntran, uppskattning - och det handlar om lärande och att jobba med ständiga förbättringar. Företag som är bra på feedback har högre tillväxttakt, har högre engagemang bland medarbetare och personalomsättningen är i snitt 15% lägre. Särskilt yngre personer söker och efterfrågar mer feedback, och från den digitala världen i sociala medier är vi vana att få direkt på feedback på allt vi gör!Fyra snabba tips till dig som vill bli bättre på feedback:Tänk att feedback är lärande. Då blir det inte så läskigt och konstigt. Vill du lära mer? Vill du bli bättre? Då behöver vi alla feedback.Börja med positiv feedback. Det gör alla mycket glada, och det förstärker det beteendet som du uppmärksammar. Mer av det som är bra helt enkelt!Får du ingen feedback, varken positiv eller utvecklande? Be om det!Ta emot feedback på ett bra sätt. Börja inte förklara eller försvara något. Säg tack!\nLär dig mer om feedback\nDin utveckling på B3Du hamnar i feedback-situationer många gånger på B3. Efter varje genomfört uppdrag görs ett erfarenhetsutbyte (Erfa), och vi skickar ut kundundersökningar. Du har regelbundna utvecklingssamtal och medarbetarsamtal med din närmaste ledare, samt samtal och feedback-dialoger kopplat till beläggningsprocessen. Vi har alla möjlighet att ge och få feedback via vår årliga medarbetarundersökning och samt mer regelbundna pulsmätningar. I ditt uppdrag har ni säkert retrospektiv efter varje genomförd sprint. Även på team- och konsultmöten finns det möjlighet att ge och be om feedback. Läs mer om din utveckling som medarbetare på B3 i Personalhandboken. Några extra tips om du är ledare finns även i Chefsrummet.\nHur vi berömmer gör skillnadPositiv feedback blir bäst om den ges på prestationen, vilket bidrar till Growth Mindset. Filmen nedan beskriver hur barn agerar olika beroende på vilken typ av positiv feedback vi ger dem. Funkar även på vuxna på jobbet! Fundera över hur du ger positiv feedback. \nInte alltid så lätt med feedback...Lite rolig (sorglig...) inspiration från Johan Glans och David Batra, i filmen nedan.\nFör dig som vill lära dig mer om feedbackVad är egentligen skillnaden på feedback och att ge goda råd?\nFeedback eller inte?Sant?Nödvändigt?Snällt?2 av 3 måste du kunna säga ja på, annars kanske du inte borde säga det du tänker på. Så sa en klok person. Rätt eller fel, fundera och använd det om du vill.\nSkapa möjligheter tillsammans\nDiskutera gärna ihop med andra ledarkollegor: Hur ser det ut inom B3 idag med feedback-kulturen? Hur vill vi att det ska vara? Vad är vårt ansvar som ledare? Hur får vi andra att hänga på?Dela med dig till andra av dina egna erfarenheter och tips för att tex. börja be om feedback oftare; hur gör du, när gör du det, hur känns det?Fundera över ditt eget nästa steg: Hur kan jag öva mer, hur kan vi bygga in feedback i våra mötesagendor?\n",
      "url": "https://b3it.sharepoint.com/teams/Ledarskapsplattformen/SitePages/Feedback.aspx"
    },
    {
      "id": "b96c1e5a-3182-4d75-a012-d5c7488b3a9d",
      "title": "Fortsätt träna - skapa möjligheter tillsammans",
      "description": "Skapa möjligheter tillsammans Alla på B3 är ledare i något sammanhang. Därför gör vi detta material tillgängligt för alla. Kalla det ledarskap, självledarskap, medarbetarskap, samskapa, konsultmässighet etc. Vi jobbar ju på B3 för att vi vill skapa …",
      "created_by": "Anne Ek",
      "created_date": "2021-05-05T19:40:24",
      "last_modified_by": "",
      "last_modified_date": "2021-05-08T11:49:13",
      "content": "Skapa möjligheter tillsammansAlla på B3 är ledare i något sammanhang. Därför gör vi detta material tillgängligt för alla. Kalla det ledarskap, självledarskap, medarbetarskap, samskapa, konsultmässighet etc. Vi jobbar ju på B3 för att vi vill skapa möjligheter tillsammans.Materialet är tillgängligt för självstudier, men också för att du ska kunna använda det tillsammans med kollegor, med teamet eller i projektgruppen. Använd bilderna från de olika sidorna för respektive ämne, som innehåller förklarande texter. Testa några av reflektionsövningarna. Bolla gärna med oss på HR om du har funderingar.Vi kommer genomföra ett antal workshops under året med kunskapsinjektion, tips på hur du kan dela lärandet vidare samt erfarenhetsutbyte. Så vi kan lära och skapa möjligheter tillsammans på riktigt!Här hittar du övningar för alla delar - anpassade för B3s Ledarskapsplattform. En rekommendation är att du jobbar utifrån:1. Läs på och förbered dig.2. Kör en övning tillsammans med några kollegor eller hela gruppen.3. Enas om ett nästa steg och hur ni ska följa upp.Längst ner på sidan hittar du dessutom länkar till ytterligare övningar, via externa toolboxes.\n",
      "url": "https://b3it.sharepoint.com/teams/Ledarskapsplattformen/SitePages/Forts%C3%A4tt-tr%C3%A4na---skapa-m%C3%B6jligheter-tillsammans.aspx"
    },
    {
      "id": "a22fc7d0-f6f8-4e2b-b00c-786ef28ee0bc",
      "title": "Startsida",
      "description": "Ledarskapsplattformen - ledarskap för alla på B3. ",
      "created_by": "Anne Ek",
      "created_date": "2021-03-20T23:42:50",
      "last_modified_by": "",
      "last_modified_date": "2022-06-28T08:58:53",
      "content": "",
      "url": "https://b3it.sharepoint.com/teams/Ledarskapsplattformen/SitePages/Home.aspx"
    },
    {
      "id": "d92ebc91-09e7-44c8-8fde-df4e037973b9",
      "title": "Dela lärdomar och vilja lära mer",
      "description": "Varför är det viktigt med lärande? Vi ser en högre förändringshastighet i vår omvärld. Det finns mycket ny forskning och nya tankesätt kring t.ex. hur man uppnår effektivitet, engagemang och jobbar med ständigt lärande. Vi möter nya generationer - o…",
      "created_by": "Anne Ek",
      "created_date": "2021-03-28T16:58:15",
      "last_modified_by": "",
      "last_modified_date": "2021-05-07T18:47:33",
      "content": "Varför är det viktigt med lärande?Vi ser en högre förändringshastighet i vår omvärld. Det finns mycket ny forskning och nya tankesätt kring t.ex. hur man uppnår effektivitet, engagemang och jobbar med ständigt lärande. Vi möter nya generationer - och är de annorlunda egentligen eller är de bara \"unga\"? Och vi lär oss mer och mer om vår hjärna, som egentligen inte är anpassad för det liv vi lever nu. Lärandet är centralt och nödvändigt för att lyckas!Lärandet måste vara större och snabbare än förändringstakten, annars kommer vi inte lyckas (L > C).Kunskap är färskvara, och med en giltighet på 6 månader säger en del forskare, sedan behöver vi lära oss något nytt och uppgradera nuvarande kunskap. Det finns studier som visar att i snitt behövs 40% ny förmågor 2022 jämfört med 2018. Vi behöver mer kompetens inom kreativitet, problemlösning, komplexa situationer och så klart teknisk kompetens. I snitt lägger vi 30 min i vecka på \"avsiktligt\" lärande idag. World Economic Forum säger att vi behöver lägga 5 timmar i veckan. Det handlar om att lära/läsa, reflektera och experimentera!Om man går en utbildning och inte använder den nya kunskapen direkt, så har man glömt 80% efter 5 dagar. Därför är det så viktigt att börja använda sina nya kunskaper direkt.En väldigt bra definition av lärande – är att det är något som känns lite jobbigt. Vi behöver utmana oss själva och andra för att våga testa nytt. Tyvärr säger ofta hjärnan till oss att det är läskigt att lära sig nya saker, och att det är riskfyllt att visa sig som en nybörjare.Därför är det viktigt att vi uppmuntrar varandra och att alla har ett Growth Mindset. \nLär dig mer om lärande\nAnvänd vårt eget Academy för din egen utveckling.\nFilmen nedan kopplar till Growth Mindset och hur vi kan påverka vår vilja att kämpa lite extra och förbättra vår prestation genom att få feedback på \"rätt sätt\".\nHar du förmåga att lära nytt - Learnability?En av de viktigaste kompetenserna nu och i framtiden är \"learnability\", dvs. vår förmåga att lära nytt. Här kan du läsa mer och testa din egen Learnability (https://www.learnabilityquotient.com/).\nJobba aktivt med ditt lärande - intentional learningNedan artikel handlar om Intentional learning, Growth Mindset och nyfikenhet. Artikeln beskriver konkreta fördelar och HUR vi kan jobba med aktivt/avsiktligt/\"intentional\" lärande. \nSkapa möjligheter tillsammansDiskutera gärna ihop med andra kollegor: Hur skapar vi tid för kontinuerligt lärande, hur säkerställer vi att vi använder vårt nya lärande? Dela med dig till andra av dina egna erfarenheter och tips för jobba med ditt eget lärande. Hur hittar du tid? Har du tex. websidor du använder eller bloggar du följer, eller annat?Fundera över ditt eget nästa steg: Hur kan jag vara en god förebild, vad kan jag göra för att bidra till kontinuerligt lärandet inom hela B3-koncernen?​​​​​​​\n",
      "url": "https://b3it.sharepoint.com/teams/Ledarskapsplattformen/SitePages/L%C3%A4ra.aspx"
    },
    {
      "id": "452be6dc-99ea-4fa5-9928-e5ad0791a586",
      "title": "Ha roligt på jobbet",
      "description": "Du hittar allt du behöver via Team B3 https://b3it.sharepoint.com/teams/TeamB3IT ​​​​​​​ Och håll på på det som händer via B3s företagskalender! Mer inspiration och lärande",
      "created_by": "Anne Ek",
      "created_date": "2021-03-28T17:00:26",
      "last_modified_by": "",
      "last_modified_date": "2021-05-04T06:27:48",
      "content": "Du hittar allt du behöver via Team B3https://b3it.sharepoint.com/teams/TeamB3IT (/teams/TeamB3IT)​​​​​​​Och håll på på det som händer via B3s företagskalender!\nMer inspiration och lärande\n",
      "url": "https://b3it.sharepoint.com/teams/Ledarskapsplattformen/SitePages/Roligt.aspx"
    },
    {
      "id": "a7c58470-e367-443a-9062-07c18fb3f530",
      "title": "Samarbeta och hjälpa över gränserna",
      "description": "Varför är det viktigt med Samarbete? Hur tränar man grupper? Precis som i vilken annan lagsport som helst – så måste gruppens medlemmar vara inblandande för att kunna jobba med gruppens förmåga. Generellt är vi ganska dåliga på att lägga tid på att …",
      "created_by": "Anne Ek",
      "created_date": "2021-03-26T15:35:50",
      "last_modified_by": "",
      "last_modified_date": "2021-05-07T18:43:22",
      "content": "Varför är det viktigt med Samarbete?Hur tränar man grupper? Precis som i vilken annan lagsport som helst – så måste gruppens medlemmar vara inblandande för att kunna jobba med gruppens förmåga. Generellt är vi ganska dåliga på att lägga tid på att jobba med nya samarbetskonstellationer och grupper. Paradoxen är att hela värdet av att tänka tillsammans i grupp, bygger på att vi tänker olika, men olikheter är ju också det som gör det svårt att vara ett team.Så vad krävs för att utveckla ett team?Vi behöver ett språk och förståelse för vad som är kvalitet i samarbete. Då kan man diskutera sitt samarbete.Vi behöver en gemensam verktygslåda för att jobba vidare. Vi behöver troligen utveckla nya kompetenser både hos medarbetare och ledare.Det är sedan viktigt att våra styrsystem, belöningssystem och regelverk inte motverkar samarbete och kunskapsdelning.Det finns många beprövade modeller och synsätt kring hur man utvecklar grupper. Poängen i många av dessa modeller är att alla grupper tar sig igenom ett antal utvecklingsfaser. Om nya medlemmar tillkommer behöver man börja om. Absolut inget fel på varken teorierna eller hur man använder dem, se presentationen nedan för några exempel. Finns en relativt nyutvecklad modellen kring Kollektiv intelligens som tar mer hänsyn till den föränderliga och agila världen vi jobbar i. Därför vill vi introducera detta tankesättet mer i detalj.Kollektivt intelligenta team lägger 76% av tiden på att lösa uppgiften, istället för 38% i icke kollektivt intelligenta team. Kollektiv intelligens är en modell som bygger på forskning, men snabbt beskrivet finns det tre saker som medlemmarna i dessa team gör - vilket är varför dessa team funkar så mycket bättre. De ställ mer frågorDe diskuterar varandras perspektivDe ger mer positiv feedbackKollektiv intelligens bygger på att man utvecklar 4 förmågor i gruppen. Läs om detta i presentationen nedan.\nLäs merHär hittar du en podd, film och artikel med fokus på kollektiv intelligens.\nVill du lära mer om hur grupper utvecklas genom olika faser, kan du läsa mer om Susan Wheelans Integrated Model of Group Development (IMGD) byggd på hennes forskning och studier av grupper. Denna metod ligger till grund för arbetssättet med kollektiv intelligens.\nSkapa möjligheter tillsammansDiskutera gärna ihop med andra ledarkollegor: Vad är vårt ansvar som kollegor och team-medlemmar? Vad kan vi göra för att bidra till de fyra byggstenarna inom Kollektiv Intelligens - Representation, Relation, Reflektion och Integration? Vad som skulle hända om vi började jobba mer aktivt med dessa byggstenar? Hur hänger samarbete ihop med övriga delar i ledarskapsplattformen tex. tillit och feedback.Finns det situationer som vi accepterar/måste acceptera att samarbetet bara sker i \"tillhöra-fasen\", dvs. vi är bara trevliga och säger inte vad vi tycker eller tänker.Hur kan vi använda lärdomarna ihop med kund och hur hänger det ihop med tex. Faust och Erfa?Mitt eget nästa steg - hur kan jag agera i de grupper, team, samarbeten som jag deltar i? Vilka grupper/samarbetssituationer tycker jag funkar bra; varför? Vilka grupper/samarbetssituationer tycker jag fungerar mindre bra; varför? Kan jag se kopplingen till Kollektiv Intelligens? Vad skulle hända om jag började jobba mer aktivt med dessa byggstenar?\n",
      "url": "https://b3it.sharepoint.com/teams/Ledarskapsplattformen/SitePages/Samarbeta.aspx"
    },
    {
      "id": "08788a02-d92c-4fa2-b3e1-dc471c213875",
      "title": "Skapa tillit och föregå med gott exempel",
      "description": "Varför är det viktigt med Tillit? Tillit är grunden för självledarskap, ledarskap och samarbete, samt extra viktig tex. i förändringsledning. Det krävs tillit för att kunna leda andra, jobba med feedback, säkerställa growth mindset och skapa bra sam…",
      "created_by": "Anne Ek",
      "created_date": "2021-03-26T13:13:30",
      "last_modified_by": "",
      "last_modified_date": "2021-05-07T18:44:25",
      "content": "Varför är det viktigt med Tillit?Tillit är grunden för självledarskap, ledarskap och samarbete, samt extra viktig tex. i förändringsledning. Det krävs tillit för att kunna leda andra, jobba med feedback, säkerställa growth mindset och skapa bra samarbete. Ledarskap brukar man ofta säga är \"sund förnuft satt i system\". Tillit handlar väldigt mycket om sunt förnuft.Tillit eller förtroende, trust på engelska, hanteras ofta ganska omedvetet. Hänger ihop med hur vi mår, magkänsla och vad vi lägger energi på. Finns mycket forskning, teorier och modeller som tar sin grund i studier som visar effekten av hög tillit. Saker går fortare, kostnaderna minskar, samarbetet blir bättre.Ändå, med denna vetskap om hur viktigt det är med tillit, så fuskar vi ofta med att säkerställa och skapa tillit.​​​​​​​​​​​​​​\nLär dig mer om tillitTillit som del av konsultmässighetenTillit är viktigt för att kunna skapa en god relation och effektivt samarbete både med kollegorna i det egna dotterbolaget, mellan de olika bolagen samt i relationen med externa parter och våra kunder. Vi måste kunna lita på varandra och vara goda förebilder. En viktig del i det vi kallar konsultmässighet, vilket du kan lära mer om via tex. B3 Academy. \nPsykologisk trygghetForskaren som skriver om Psykologisk trygghet heter Amy Edmondson. Finns många olika videos med henne. Psykologisk trygghet är grunden för att skapa tillit och grunden för ett fungerande samarbete. Utan psykologisk trygghet går vi och tittar oss själva över axeln och vi kommer aldrig våga säga emot någon annan.\nLäs mer om formeln för hur man bygger tillit\nSårbarhet bygger tillitNär vi vågar vara sårbara bygger vi tillit i gruppen. Man vill ha kollegor och ledare som är mänskliga och inte alltid helt perfekta.\nBygga tillit även privat :-)Lite samma sak som krävs...\nSkapa möjligheter tillsammansDiskutera gärna ihop med andra kollegor: Vad är vårt ansvar som kollegor och förebilder? I vilka sammanhang, situationer eller grupper känner jag att det finns tillit respektive finns något att jobba på? Kan jag se vad det beror på? Vad kan vi göra för att komma vidare?Dela med dig till andra av dina egna erfarenheter och tips för att bygga tillit när du träffar nya personer och är del av nya grupper; hur gör du, när gör du det, hur känns det?Fundera över ditt eget nästa steg: Hur kan jag vara en god förebild, vad kan jag göra för att bidra till att vi skapar tillit inom hela B3-koncernen?Reflektera: Hur tror du andra skulle beskriva dig?  Känner dina kollegor förtroende för dig? Har du haft en chef/ledare i ditt liv där du inte känt förtroende? ​​​​​​​Har du varit ledare för ett team där någon team-medlem inte känt förtroende för dig?\n",
      "url": "https://b3it.sharepoint.com/teams/Ledarskapsplattformen/SitePages/Tillit.aspx"
    },
    {
      "id": "ce900944-610e-4178-afa4-42a2d327e11b",
      "title": "Kommunicera tydliga förväntningar och riktning",
      "description": "Varför är det viktigt med Tydlighet? Tydlighet stimulerar medan otydlighet skapar distansering. Otydlighet leder till onödig och överflödig kommunikation. Varför då? Jo, o m mycket behöver sägas för att kompensera för olika uppfattningar och för att…",
      "created_by": "Anne Ek",
      "created_date": "2021-03-28T16:56:13",
      "last_modified_by": "",
      "last_modified_date": "2021-05-07T18:49:58",
      "content": "Varför är det viktigt med Tydlighet?Tydlighet stimulerar medan otydlighet skapar distansering. Otydlighet leder till onödig och överflödig kommunikation. Varför då? Jo, om mycket behöver sägas för att kompensera för olika uppfattningar och för att alla behöver framföra just sin syn på saken, så ökar mängden prat och prat äter tid - och vi kommer inte närmare varandra eller målet. Det handlar inte om att sluta prata, bara att prata om rätt saker på rätt sätt. Många som forskat på ämnet och visat att genom ökad tydlighet och mer struktur kan en ledare göra tidsvinster på upp till 50%.Många av oss är rädda att uppfattas som och vara kontrollerande. Men för en del svänger pendeln över åt andra hållet. Vi abdikerar som ledare, och blir passiva, vilket kan kallas för destruktivt ledarskap. Tydligheten kommer via HUR. Det handlar inte om att vara kontrollerande eller ifrågasättande. Bara vara lite mer specificerad och relevant. Behöver så klart också bygga på delaktighet – det är här vi ska fånga upp friheten som vi är så stolta över inom B3. Vi behöver alltså hitta ett sätt att säkra upp friheten samtidigt som vi lyckas lite bättre med tydlighet.\nLäs merLyssna gärna till en podd med Simon Elvnäs (59 minuter, den ivrige kan starta i minut 2.30) \nHär finns en enkel mall som kan användas vid presentation av förändringar eller inriktning. \nSkapa möjligheter tillsammansDiskutera gärna ihop med andra kollegor: Hur kan vi bli mer medvetna om våra egna beteenden? Hur kan vi prata mindre mer om vad vi gör och våra beteenden? Kan vi göra en koppling till att frågan om tydlig riktning och vision har lägst betyg inom B3 i GPTW-undersökningen?Hur kan du säkerställa att de forum där du deltar i blir mer strukturerade och effektfulla? \n",
      "url": "https://b3it.sharepoint.com/teams/Ledarskapsplattformen/SitePages/Tydlighet.aspx"
    },
    {
      "id": "34368495-bd3e-4ab4-af80-0d7745452549",
      "title": "Varför, vad och hur tänker vi kring ledarskap på B3?",
      "description": "Under 2020 lanserade vi den uppdaterade versionen av Ledarskapsplattformen, med fokus på ett antal beteenden som visar hur en ledare på B3 kan agera för att skapa möjligheter tillsammans. En B3-ledare fokuserar på dessa beteenden och sätt att agera:…",
      "created_by": "Anne Ek",
      "created_date": "2021-03-28T18:41:30",
      "last_modified_by": "",
      "last_modified_date": "2021-05-08T11:44:54",
      "content": "Under 2020 lanserade vi den uppdaterade versionen av Ledarskapsplattformen, med fokus på ett antal beteenden som visar hur en ledare på B3 kan agera för att skapa möjligheter tillsammans.En B3-ledare fokuserar på dessa beteenden och sätt att agera:Skapa tillit och föregå med gott exempelSamarbeta och hjälpa över gränsernaDela lärdomar och vilja lära merKommunicera tydliga förväntningar och riktningGöra andra bättre genom feedbackVara närvarande och coachandeSe och agera på affärsmöjligheterHa roligt på jobbetDessutom är en ledare förebild när det gäller att leva B3s värderingar:  #energi #erfarenheter #olikheter\nVi behöver mer ledarskap, nu och i framtidenVi ser en högre förändringshastighet i vår omvärld. Det har kommit väldigt mycket ny forskning och nya tankesätt kring tex. hur man uppnår effektivitet, engagemang och jobbar med ständig lärande. Vi möter nya generationer - och är de annorlunda egentligen eller är de bara \"unga\"? Och vi lär oss mer och mer om vår hjärna, som egentligen inte är anpassad för det liv vi lever nu. Läs gärna mer i presentationen nedan om du är nyfiken på bakgrunden till Ledarskapsplattformen. \nSkapa möjligheter tillsammansAlla på B3 är ledare. Därför gör vi detta material tillgängligt för alla. Kalla det ledarskap, självledarskap, medarbetarskap, samskapa, konsultmässighet etc. Vi jobbar ju på B3 för att vi vill skapa möjligheter tillsammans.Materialet är tillgängligt för självstudier, men också för att du ska kunna använda det tillsammans med kollegor, med teamet eller i projektgruppen. Använd bilderna som innehåller förklarande texter. Testa några av reflektionsövningarna. Bolla gärna med oss på HR om du har funderingar.Vi kommer genomföra ett antal workshops med kunskapsinjektion, tips på hur du kan dela lärandet vidare samt erfarenhetsutbyte. Så vi kan lära och skapa möjligheter tillsammans på riktigt!\n",
      "url": "https://b3it.sharepoint.com/teams/Ledarskapsplattformen/SitePages/Varf%C3%B6r,-vad-och-hur-t%C3%A4nker-vi-kring-ledarskap-p%C3%A5-B3-.aspx"
    }
  ]
}