{
  "name": "Lärarförbundet",
  "description": "Lärarförbundet",
  "url": "https://b3it.sharepoint.com/teams/Lrarfrbundet791",
  "pages": [
    {
      "id": "41580db4-69be-48de-b250-454aab80b088",
      "title": "Startsida",
      "description": "",
      "created_by": "Systemkonto",
      "created_date": "2020-08-15T23:58:29",
      "last_modified_by": "",
      "last_modified_date": "2020-08-15T23:58:29",
      "content": "",
      "url": "https://b3it.sharepoint.com/teams/Lrarfrbundet791/SitePages/Home.aspx"
    }
  ]
}