{
  "name": "Malmö",
  "description": "Välkommen till Gustav Adolfs Torg 10A! Vi är väldigt stolta över vårt kontor som Third Base flyttade in i redan 2015. Valhallapalatset är en byggnad med gamla anor och har genom åren huserat såväl hattfabrik och apotek och idag är vi grannar med såv…",
  "url": "https://b3it.sharepoint.com/teams/Malm",
  "pages": [
    {
      "id": "28b0c334-4abf-430c-92e5-a7667606d814",
      "title": "Hemtrevligt",
      "description": "Vi vill gärna att kontoret ska kännas hemtrevligt och vara tillgängligt för dig när du behöver det. Det är också en mötesplats för interna och externa möten och vi är som sagt flera B3 bolag som har access hit. Vi hjälps åt att hålla ordning och för…",
      "created_by": "Georgios Persson",
      "created_date": "2022-11-16T12:30:44",
      "last_modified_by": "",
      "last_modified_date": "2023-04-05T07:42:52",
      "content": "Vi vill gärna att kontoret ska kännas hemtrevligt och vara tillgängligt för dig när du behöver det. Det är också en mötesplats för interna och externa möten och vi är som sagt flera B3 bolag som har access hit. Vi hjälps åt att hålla ordning och förväntar oss att man håller rent och snyggt efter sig. Om man saknar något eller har förslag på förbättringar tar vi tacksamt emot det!\nVi har inte så många regler på kontoret, men här kommer några viktiga för trivseln: Tömning av diskmaskinen – allas ansvar Inga koppar i diskhon – stoppa i diskmaskinenPlocka undan disk i lokalen – eget ansvar Sopor – läggs på avsedd plats i köket alternativt i återvinningen i hallenKaffemaskinen - fyll på bönor och vatten, töm sumpen vid behovHuvudregler Var och en städar upp efter sig själv och sina eventuella gäster Har du besök, var redo på att öppna dörren Ringer det på dörren se till att öppna så att inte samma person/er öppnar hela tiden Pingis och Playstation är ok att spela om man inte stör andraHallenAvhängning av ytterplagg  Här sitter våra gäster i väntan på sin värd Ägare av gästen: kaffe/välkomnar Ytterkläder för medarbetare skall hängas på tänkt ställe \nI det öppna kontorslandskapet Inga högljudda telefon/videosamtal, vänligen ta samtal i mötesrummen eller i hallen Mötesrum I två av rummen finns tv med Apple-TV och Chromecast samt Jabra konferens-puckarBokas via din b3-mail, våra rum heter CTRL, ALT och DELETE.Städas och ställs i ordning till ursprungligt skickVilorumI mötesrum \"ALT\" finns möjlighet att blåsa upp säng och vila.Här finns också kudde+täckeToaletterSe till att det är rent och prydligt efter dig, fyll på med förbrukningsmateriel vid behov. Om något saknas vänligen meddela någon av verksamhetsledarna.Snacks och dryckFör många av oss är kaffe, te och annan dryck viktig och ibland är det gott med en litet snack och därför är det vår ambition att ha lite smått och gott på kontoret, utbudet styrs av efterfrågan så tveka inte att berätta om du saknar något!\n",
      "url": "https://b3it.sharepoint.com/teams/Malm/SitePages/Hemtrevligt.aspx"
    },
    {
      "id": "7c97c1b0-5dbb-4206-b6da-f5ad069ef8e1",
      "title": "Startsida",
      "description": "Välkommen till Gustav Adolfs Torg 10A! Vi är väldigt stolta över vårt kontor som Third Base flyttade in i redan 2015. Valhallapalatset är en byggnad med gamla anor och har genom åren huserat såväl hattfabrik och apotek och idag är vi grannar med såv…",
      "created_by": "Georgios Persson",
      "created_date": "2022-10-29T23:00:06",
      "last_modified_by": "",
      "last_modified_date": "2023-04-05T07:40:13",
      "content": "Välkommen till Gustav Adolfs Torg 10A!\nVi är väldigt stolta över vårt kontor som Third Base flyttade in i redan 2015. Valhallapalatset är en byggnad med gamla anor och har genom åren huserat såväl hattfabrik och apotek och idag är vi grannar med såväl butiker som diverse verksamheter.Vi byggde ut kontoret under 2021 och det är idag hemvist för både B3 Skilled och B3 Kodify. Övriga bolag med verksamhet i Skåne är bl a B3 Healthcare, B3 Healthtech, B3 Networks och B3 Indes.Hjärtligt välkommen till oss!\n",
      "url": "https://b3it.sharepoint.com/teams/Malm/SitePages/Home.aspx"
    },
    {
      "id": "4d88997e-c797-4247-8a4b-465eeb69b2b8",
      "title": "Parkering m m",
      "description": "Parkering och transport Närmaste parkeringar hittas i de närliggande p-husen (Hansa, Anna och Väster) och på Lilla Nygatan. Cyklar och andra två/tre-hjulingar parkeras med fördel på innergården, fråga på kontoret för access! Färdas du kommunalt är d…",
      "created_by": "Georgios Persson",
      "created_date": "2022-11-16T12:31:50",
      "last_modified_by": "",
      "last_modified_date": "2022-11-21T13:48:09",
      "content": "Parkering och transportNärmaste parkeringar hittas i de närliggande p-husen (Hansa, Anna och Väster) och på Lilla Nygatan.Cyklar och andra två/tre-hjulingar parkeras med fördel på innergården, fråga på kontoret för access!Färdas du kommunalt är det bara att ta sikte på Gustav Adolfs Torg med Stadsbussarna, från Malmö C eller Triangeln är det ca 10 min promenad.\n",
      "url": "https://b3it.sharepoint.com/teams/Malm/SitePages/Praktiskt.aspx"
    },
    {
      "id": "8fe58dd6-1123-4365-b694-47e6e715ed29",
      "title": "Vilka är vi",
      "description": "B3 Skilled bildades 2021 genom ett samgående av bolagen B3 Nuway och B3 Third Base. Vi har närmare 60 medarbetare som alla är specialister med lång erfarenhet inom systemutveckling. Expertkompetenser som ryms inom bolaget är bland annat Mobilutveckl…",
      "created_by": "Georgios Persson",
      "created_date": "2022-11-16T12:01:50",
      "last_modified_by": "",
      "last_modified_date": "2022-11-22T11:47:04",
      "content": "B3 Skilled bildades 2021 genom ett samgående av bolagen B3 Nuway och B3 Third Base. Vi har närmare 60 medarbetare som alla är specialister med lång erfarenhet inomsystemutveckling.Expertkompetenser som ryms inom bolaget är bland annat Mobilutveckling (IOS/Android), Fullstack, Frontendutveckling, Backendutveckling, Machine learning, Cloud och även test-/projektledning mm.Vi hjälper kunderna i södra Sverige att skapa nya möjligheter inom ett brett spann av olika områden och med kunderinom många olika branscher. Bland kunderna finns bland andra Jabra, Dahl, IKEA,Verisure, Volvo, E.ON.\n\nB3 Kodify bildades 2020 som en start-up inom B3 Consulting Group.Idag är vi ett dotterbolag med ca 25 medarbetare som alla är specialister med lång erfarenhet inom systemutveckling, infrastruktur, Cloud och DevOps. Expertkompetens inom bolaget är t.ex. Fullstack-utveckling (.NET, JavaScript, Node.js, React.js, PHP etc.), Linux, Windows, IaC, Kubernetes, Docker, Azure, AWS och Google Cloud. Då vi gärna rör oss inom både kod och infrastruktur så är det väldigt viktigt med kompetens inom säkerhet mm.Vi hjälper våra kunder i hela Sverige att skapa nya möjligheter inom olika områden och med olika verktyg, för att ge dem så hög kvalité som möjligt i sina produkter och system.Bland kunderna finns bland andra IKEA, E.on, Sandvik Coromant, Verisure, Protector och Sony.\nB3 Healthcare Consulting är ett oberoende konsultbolag som levererar tjänster till svenska vårdaktörer. Vi jobbar alltid med e-hälsa – för att vi vill, kan och brinner för det vi gör! Vi kan verksamheten och vi kan e-hälsa.  Våra kompetensområden är bl a projektledning, implementering, förstudier och strategiska uppdrag inom e-hälsa och digitalisering.\nB3 Networks har nätverksspecialister i Stockholm, Göteborg och Malmö. Vi erbjuder kunderna experthjälp i långa uppdrag, men vi levererar också drifttjänster och funktionsåtaganden. Våra kompetenser ligger bland annat inom Cisco & Fortinets plattformar, men vi har en stor bredd och stort kunnande kring all nätverksbaserad infrastruktur.\n",
      "url": "https://b3it.sharepoint.com/teams/Malm/SitePages/Vilka-%C3%A4r-vi.aspx"
    },
    {
      "id": "68d8b715-9e85-469f-9ca3-34d5d123acf6",
      "title": "Vår arbetsplats",
      "description": "Arbetsmiljö och skyddsombud i Malmö Din arbetsgivare har ansvaret för din arbetsmiljö i första hand, om du behöver prata med någon annan har vi vårt skyddsombud som du kan kontakta. Gustaf Kullring är vårt skyddsombud och hjälper oss att hålla konto…",
      "created_by": "Georgios Persson",
      "created_date": "2022-11-16T12:03:22",
      "last_modified_by": "",
      "last_modified_date": "2022-12-07T09:30:35",
      "content": "Arbetsmiljö och skyddsombud i MalmöDin arbetsgivare har ansvaret för din arbetsmiljö i första hand, om du behöver prata med någon annan har vi vårt skyddsombud som du kan kontakta. Gustaf Kullring är vårt skyddsombud och hjälper oss att hålla kontoret up-to-date med de senaste föreskrifterna. Mer information hittar du här: Arbetsmiljö på B3 (/teams/Minanstallning/SitePages/Arbetsmilj%c3%b6.aspx)Öppettider och kontaktVi har ingen receptionstjänst utan hjälps åt med att släppa in och ta hand om gäster, väntar du besök är det bra om du håller lite extra koll. Vårt kontor är vanligtvis bemannat vardagar 08:30-16:00.  Har du några frågor kontaktar du din närmaste chef. Access till kontoret​​​​​​​​​​​Koden till porten nere vid gatan är 1570 + OK. Det går också bra att prova att ringa på via porttelefonen. Kontoret är på 5:e våningen, 128 friska trappsteg upp! Access till kontoret administreras av Fredrik och Georgios och sköts via appen ILOQ.\nVar kan jag sitta och arbeta? På kontoret finns idag 22 st arbetsplatser och 3 mötesrum som finns bokningsbara via Outlook. Arbetsplatserna är utrustade med skärm, tangentbord och mus.Mötesrummen är:CTRL - plats för 6-10 pers, utrustat med 55\"-skärm, högtalarpuck, apple-tv och chromecast.ALT - plats för 4-6 pers, vårt \"mys- och vilorum\". Fåtöljer och litet bord.DELETE - plats för 6-8 pers, utrustat med 55\"-skärm, högtalarpuck, apple-tvOm en plats inte ser \"befolkad\" ut, är det fritt fram att sätta sig där och arbeta. Har du ett längre möte så ta gärna med dina saker så platsen blir tillgänglig för någon annan. Skrivare:​​​​​​​Vi har två nätverksanslutna skrivare:Canon-MF720PBrother DCP-9020CDWWifi:TB-24 (endast anställda)SSID: TB24, TB24-2G, TB24-5GPWD: dj83aaaZGästnätverkSSID: TB24 - GUEST​​​​​​​PWD: lysandesickan\nFörvaring, säkerhet, städningI hallen finns det mindre skåp som man kan använda vid behov. Hänglås finns om man vill låsa efter sig. Behöver du låsa in större utrustning finns även ett låsbart skåp.Vi är måna om att våra utgångar är fria och uppmärkta, informera dig om hur du kommer ut vid behov av utrymning. En modern och självinstruerande hjärtstartare finns också att tillgå.Kontoret städas på morgonen (ca 07:00 - 08:00) tisdagar och fredagar. Kärl för återvinning hittas i hallen och i köket.Felanmälan och lokalutveckling​​​​​​​Vill du göra en allmän felanmälan gällande något som inte fungerar eller behöver ses över i lokalen går det bra att göra det till någon av verksamhetsledarna. Vi tar också emot felanmälan som rör fastigheten i stort. Samma sak gäller önskemål och tips gällande utveckling av lokalen. \n",
      "url": "https://b3it.sharepoint.com/teams/Malm/SitePages/V%C3%A5r-arbetsplats.aspx"
    }
  ]
}