{
  "name": "Marknad",
  "description": "",
  "url": "https://b3it.sharepoint.com/teams/Marknad",
  "pages": [
    {
      "id": "06abbae0-123f-4d19-8e4a-5ccb71752fa8",
      "title": "B3 Sportkläder -Trimtex",
      "description": "I samarbete med Trimtex har vi upprättat en webbshop där du kan handla B3 sportkläder till riktigt bra priser. Webbshopen är stängd! Nästa beställningstillfälle blir i oktober 2021. Observera att du inte kan ta dessa kläder på ram eller lön utan att…",
      "created_by": "Malinda Knudsen",
      "created_date": "2018-12-03T10:44:06",
      "last_modified_by": "",
      "last_modified_date": "2021-10-13T08:44:58",
      "content": "I samarbete med Trimtex har vi upprättat en webbshop (https://trimtex.se/sv/teamshop/b3cg) där du kan handla B3 sportkläder till riktigt bra priser.Webbshopen är stängd! Nästa beställningstillfälle blir i oktober 2021.Observera att du inte kan ta dessa kläder på ram eller lön utan att du handlar till självkostnadspris och får dina varor levererat till din hemadress. Det är två beställningsperioder per år med varierande sortiment per säsong och nästa beställningstillfälle kommer till hösten.Följ anvisningarna nedan för att beställa.Vi rekommenderar att använda Chrome eller Firefox som webbläsare för att det ska fungera på bästa sätt – att t.ex använda Explorer kan göra så att det blir problemAlt. 1: Om man redan är kund och har handlat hos Trimtex tidigare – Klicka på ”Logga in” och logga in med egen e-mejl och lösenord.Alt 2: Skapa nytt kontoPå mobil måste du scrolla ned på sidan för att hitta dessa två alternativ.Klicka på länken för att komma vidare till webshopen: trimtex.se/sv/teamshop/b3cg (http://trimtex.se/sv/teamshop/b3cg)Eller logga in med teamkod: b3cgTips!Om man kommer bort från klubbsidorna kan man alltid klicka på klubbnamnet överst på sidan för att komma tillbaka. På mobil enhet hittar man detta genom att gå till menyn längst upp till vänster.\n",
      "url": "https://b3it.sharepoint.com/teams/Marknad/SitePages/B3-Sportkl%C3%A4der--Trimtex.aspx"
    },
    {
      "id": "9a07e298-cf87-4ee8-9fe1-549616e398df",
      "title": "B3 Webshop",
      "description": "B3 har en egen webshop för profilprodukter som du hittar här: B3webshop ​​​​​​​ Beställning av profilkläder/profilprodukter får endast göras av bolaget i sin helhet och det ska då avse större beställningar. OBS! Den enskilda medarbetaren kan inte be…",
      "created_by": "Malinda Knudsen",
      "created_date": "2018-12-03T10:28:29",
      "last_modified_by": "",
      "last_modified_date": "2024-02-26T14:07:19",
      "content": "B3 har en egen webshop för profilprodukter som du hittar här:B3webshop (http://w81049.shop.textalk.se/sv/)​​​​​​​ Beställning av profilkläder/profilprodukter får endast göras av bolaget i sin helhet och det ska då avse större beställningar.OBS! Den enskilda medarbetaren kan inte beställa profilkläder till sig själv på ram/lön.  \n",
      "url": "https://b3it.sharepoint.com/teams/Marknad/SitePages/B3-Webbshop.aspx"
    },
    {
      "id": "774a4b23-5cd9-4693-ae76-27cffc65d321",
      "title": "B3 Webbshop-Profilprodukter",
      "description": "Nu går det bra att handla profilprodukter på vår egna webbshop. Här hittar du vår B3webbshop Den enskilda medarbetaren får inte beställa profilkläder till sig själv på ramen. Beställning för profilkläder får endast göras av bolaget i sin helhet och …",
      "created_by": "Malinda Knudsen",
      "created_date": "2018-12-04T10:16:14",
      "last_modified_by": "",
      "last_modified_date": "2019-02-08T13:43:25",
      "content": "Nu går det bra att handla profilprodukter på vår egna webbshop. \nHär hittar du vår B3webbshop (http://w81049.shop.textalk.se/sv/)\n \nDen enskilda medarbetaren får inte beställa profilkläder till sig själv på ramen.\nBeställning för profilkläder får endast göras av bolaget i sin helhet och det ska då avse större beställningar.\n \n",
      "url": "https://b3it.sharepoint.com/teams/Marknad/SitePages/B3-Webbshop-Profilprodukter.aspx"
    },
    {
      "id": "5db241e3-86be-49d2-9d58-fa1291c6d3cd",
      "title": "Bakgrundsbilder i Teams",
      "description": "Flera har önskat B3-anpassade bilder att kunna använda som bakgrund i Teams-möten så nu har vi tagit fram några olika varianter som du kan ladda ner och använda. Se nedan. Återkoppla gärna om du önskar fler motiv/varianter.",
      "created_by": "Katarina Lundqvist",
      "created_date": "2020-10-08T14:44:30",
      "last_modified_by": "",
      "last_modified_date": "2022-06-08T05:52:54",
      "content": "Flera har önskat B3-anpassade bilder att kunna använda som bakgrund i Teams-möten så nu har vi tagit fram några olika varianter som du kan ladda ner och använda. Se nedan. Återkoppla gärna om du önskar fler motiv/varianter.\n",
      "url": "https://b3it.sharepoint.com/teams/Marknad/SitePages/Bakgrundsbilder-i-Teams.aspx"
    },
    {
      "id": "05fbee89-0c6e-49a9-be2b-0539f0e38631",
      "title": "Bildbank",
      "description": "Här hittar du bilder som du kan använda i dina presentationer och i annat material. Se till att dina bilder alltid är aktuella och att dina presentationer inte innehåller bilder på personer som slutat. För att se alla bilder i mappen klicka på \"visa…",
      "created_by": "Malinda Knudsen",
      "created_date": "2018-02-26T08:31:28",
      "last_modified_by": "",
      "last_modified_date": "2024-02-27T17:54:52",
      "content": "Här hittar du bilder som du kan använda i dina presentationer och i annat material.Se till att dina bilder alltid är aktuella och att dina presentationer inte innehåller bilder på personer som slutat.  \nFör att se alla bilder i mappen klicka på \"visa alla\" i högra hörnet när du öppnat mappen och välj “paneler” för att se alla bilder i miniatyr.\n",
      "url": "https://b3it.sharepoint.com/teams/Marknad/SitePages/Bildbank.aspx"
    },
    {
      "id": "b772930e-da40-4734-92a7-5c50cbcdd03d",
      "title": "Bilder från Göteborg till digitala möten",
      "description": "Nu kan du sitta hemma och jobba och ändå befinna dig på kontoret i Göteborg. Här finns nya bakgrundsbilder för Teams som du kan ladda ner och lägga in i dina möten om du önskar. Högerklicka på bilden och välj \"spara bild som\" för att hämta ned bilde…",
      "created_by": "Katarina Lundqvist",
      "created_date": "2020-11-02T17:00:05",
      "last_modified_by": "",
      "last_modified_date": "2020-11-02T17:04:46",
      "content": "Nu kan du sitta hemma och jobba och ändå befinna dig på kontoret i Göteborg. Här finns nya bakgrundsbilder för Teams som du kan ladda ner och lägga in i dina möten om du önskar. Högerklicka på bilden och välj \"spara bild som\" för att hämta ned bilden.\n",
      "url": "https://b3it.sharepoint.com/teams/Marknad/SitePages/Bilder-fr%C3%A5n-G%C3%B6teborg-till-digitala-m%C3%B6ten.aspx"
    },
    {
      "id": "659b123b-149f-4db7-bbb1-c3150af519e9",
      "title": "Bilder från House Warming Party",
      "description": "Vilken fantastisk kväll det blev! Stort tack till alla er som kom och förgyllde B3s House Warming Party på Wallingatan. I bildarkivet kan du se alla bilder från kvällen. Ett urval av bilder snurrar även på TV-skärmen i caféet på Wallingatan. Hoppas …",
      "created_by": "Malinda Knudsen",
      "created_date": "2024-01-29T12:10:57",
      "last_modified_by": "",
      "last_modified_date": "2024-01-29T12:20:58",
      "content": "Vilken fantastisk kväll det blev!  Stort tack till alla er som kom och förgyllde B3s House Warming Party på Wallingatan. I bildarkivet kan du se alla bilder från kvällen. Ett urval av bilder snurrar även på TV-skärmen i caféet på Wallingatan.  Hoppas att du som kom hade en kanonkväll!  Varma hälsningar från festfixaren Malinda\n",
      "url": "https://b3it.sharepoint.com/teams/Marknad/SitePages/Bilder-fr%C3%A5n-House-Warming-Party.aspx"
    },
    {
      "id": "d2785d2d-53b8-4731-9553-173352fd6adf",
      "title": "Film från B3 Konferens Steam Hotel 2018",
      "description": "",
      "created_by": "Malinda Knudsen",
      "created_date": "2018-06-26T09:57:04",
      "last_modified_by": "",
      "last_modified_date": "2018-06-26T09:58:59",
      "content": "",
      "url": "https://b3it.sharepoint.com/teams/Marknad/SitePages/Film-fr%C3%A5n-V%C3%A5rkonferensen.aspx"
    },
    {
      "id": "1e903655-eae6-4dca-ae4d-52a2eef4323b",
      "title": "Startsida",
      "description": "",
      "created_by": "Malinda Knudsen",
      "created_date": "2017-10-06T11:14:31",
      "last_modified_by": "",
      "last_modified_date": "2024-03-07T09:44:26",
      "content": "",
      "url": "https://b3it.sharepoint.com/teams/Marknad/SitePages/Home.aspx"
    },
    {
      "id": "261fad94-2f0a-4872-b311-f96b86c166f6",
      "title": "Mallar",
      "description": "Här hittar du våra mallar. Det finns ett malldokument för PowerPoint (.pot) en färdig Företagspresentation och en Exempelpresentation som visar hur du använder mallen. PPT-filerna är nu i bredbildsformat.​​​ Ett litet tips om bilder på nätet: Letar …",
      "created_by": "Johan Löfblad",
      "created_date": "2017-10-19T18:59:50",
      "last_modified_by": "",
      "last_modified_date": "2017-10-19T20:06:02",
      "content": "Här hittar du våra mallar.\nDet finns ett malldokument för PowerPoint (.pot) en färdig Företagspresentation och en Exempelpresentation som visar hur du använder mallen. PPT-filerna är nu i bredbildsformat.​​​\nEtt litet tips om bilder på nätet: Letar du bilder på nätet så kan du enkelt filtrera på användningsrättigheter. Gå till *Google bildsök* och skriv in ett sökord, exempelvis ”sociala medier”. Klicka på menyn Sökverktyg, och sedan Användningsrättigheter. Här kan man välja om det gäller kommersiell eller privat användning, man kan även söka efter bilder som man får ändra på och använda​​.​\n",
      "url": "https://b3it.sharepoint.com/teams/Marknad/SitePages/Mallar.aspx"
    },
    {
      "id": "2847e714-c973-423a-9129-4afaf7e0faab",
      "title": "Partybilder",
      "description": "Bilder från våra events och resor.",
      "created_by": "Johan Löfblad",
      "created_date": "2017-10-19T19:40:42",
      "last_modified_by": "",
      "last_modified_date": "2017-10-19T19:46:04",
      "content": "Bilder från våra events och resor.\n",
      "url": "https://b3it.sharepoint.com/teams/Marknad/SitePages/Partybilder.aspx"
    },
    {
      "id": "ff108930-ba03-4380-a571-c7bbbd8a5ae4",
      "title": "Powerpoint från cykelkvällen",
      "description": "Här är bildspelet från cykelkvällen den 18/2-19 Klicka på bildspelet för att ta del av länkarna.",
      "created_by": "Malinda Knudsen",
      "created_date": "2019-02-19T13:48:51",
      "last_modified_by": "",
      "last_modified_date": "2019-11-21T14:34:18",
      "content": "Här är bildspelet från cykelkvällen den 18/2-19 \nKlicka på bildspelet för att ta del av länkarna. \n",
      "url": "https://b3it.sharepoint.com/teams/Marknad/SitePages/Powerpoint-fr%C3%A5n-cykelkv%C3%A4llen.aspx"
    },
    {
      "id": "d533fc9a-13ba-42af-9c7c-5386cc53f4a8",
      "title": "Profilbilder till din CV",
      "description": "Nedan finner du en länk vårt profilbildsarkiv. Här kan du hämta din bild till din konsultprofil. Upplösning och mått är anpassat efter Cinode. Riktlinjer. Svart/vit 1 bild högupplöst i ca A5-storlek med 300dpi. Sparad som jpg. 1 bild 400 x 400 pixla…",
      "created_by": "Johan Löfblad",
      "created_date": "2017-10-19T19:08:46",
      "last_modified_by": "",
      "last_modified_date": "2017-10-27T09:08:18",
      "content": "Nedan finner du en länk vårt profilbildsarkiv. Här kan du hämta din bild till din konsultprofil. Upplösning och mått är anpassat efter Cinode.\nRiktlinjer.\nSvart/vit\n1 bild högupplöst i ca A5-storlek med 300dpi. Sparad som jpg.\n1 bild 400 x 400 pixlar (lämplig för webb och printning)\nFör typ av pose, använd gärna dina kollegors foto som måttstock.\nNär du blir fotograferad se då till att bilden tas lite snett från sidan eller att du vrider lite på huvudet. Ta med lite axlar så att bilden \"vilar\" på rubrikradens textplatta så det passar din konsultprofil i Cinode. Fotografen får gärna ta med lite extra luft på sidorna så att det är möjligt att beskära bilden kvadratiskt utan att mallen klipper av axeln som ligger närmast loggan (den avbildades vänsteraxel)​.\n",
      "url": "https://b3it.sharepoint.com/teams/Marknad/SitePages/Profilbilder.aspx"
    },
    {
      "id": "74623328-788b-4de7-b259-fa22106dfd97",
      "title": "Teamsbakgrunder B320 år",
      "description": "Vill du fira B320år med en festlig bakgrund i Teams? Här finns det två olika bakgrunder till Teams att ladda ned med ett härligt B320års-tema. Högerklicka på bilden för att spara ned och ladda sedan upp den i Teams.",
      "created_by": "Malinda Knudsen",
      "created_date": "2023-02-20T16:20:50",
      "last_modified_by": "",
      "last_modified_date": "2023-02-22T10:25:59",
      "content": "Vill du fira B320år med en festlig bakgrund i Teams? Här finns det två olika bakgrunder till Teams att ladda ned med ett härligt B320års-tema.Högerklicka på bilden för att spara ned och ladda sedan upp den i Teams.\n",
      "url": "https://b3it.sharepoint.com/teams/Marknad/SitePages/Teamsbakgrund-B320-%C3%A5r.aspx"
    },
    {
      "id": "6fa22425-301f-4871-a320-aef74741c135",
      "title": "Teamsbakgrunder från nya kontoret",
      "description": "Nu är vi på plats på vårt fina kontor och visst vill man sitta på kontoret även i digitala möten? Nu finns lite nya bakgrunder att ladda ner från vårt nya kontor. Högerklicka på bilden för att spara ned och ladda sedan upp den i Teams. Det går också…",
      "created_by": "Malinda Knudsen",
      "created_date": "2024-02-27T16:54:33",
      "last_modified_by": "",
      "last_modified_date": "2024-02-29T09:54:14",
      "content": "Nu är vi på plats på vårt fina kontor och visst vill man sitta på kontoret även i digitala möten?Nu finns lite nya bakgrunder att ladda ner från vårt nya kontor. Högerklicka på bilden för att spara ned och ladda sedan upp den i Teams.Det går också bra att ladda hem bilderna via bildbanken, se länk.  Ps. Loggan blir spegelvänd för dig Teams men den blir åt rätt håll för den du har möte med. \n",
      "url": "https://b3it.sharepoint.com/teams/Marknad/SitePages/Teamsbakgrunder-fr%C3%A5n-nya-kontoret.aspx"
    },
    {
      "id": "65f48d08-ba68-48af-88e9-07afc3a59614",
      "title": "Teamsbakgrunder med jultema",
      "description": "Årets mysigaste tid är snart här och visst vill vi komma i stämning även i våra digitala möten? Nu finns lite nya bakgrunder att ladda ner med ett juligt B3-tema. Högerklicka på bilden för att spara ned och ladda sedan upp den i Teams. Ps. Loggan bl…",
      "created_by": "Malinda Knudsen",
      "created_date": "2023-11-28T08:49:14",
      "last_modified_by": "",
      "last_modified_date": "2023-11-28T09:44:09",
      "content": "Årets mysigaste tid är snart här och visst vill vi komma i stämning även i våra digitala möten? Nu finns lite nya bakgrunder att ladda ner med ett juligt B3-tema.Högerklicka på bilden för att spara ned och ladda sedan upp den i Teams.Ps. Loggan blir spegelvänd för dig Teams men den blir åt rätt håll för den du har möte med. \n",
      "url": "https://b3it.sharepoint.com/teams/Marknad/SitePages/Teamsbakgrunder-med-julmotiv(1).aspx"
    },
    {
      "id": "6f68e5b0-d555-425e-af02-70f3675ff677",
      "title": "Teamsbakgrunder med julmotiv",
      "description": "Önskar du sätta lite julstämning i Teams? Här finns det tre olika bakgrunder till Teams att ladda ned med ett juligt B3-tema. Högerklicka på bilden för att spara ned och ladda sedan upp den i Teams.",
      "created_by": "Katarina Lundqvist",
      "created_date": "2022-12-01T13:34:04",
      "last_modified_by": "",
      "last_modified_date": "2022-12-01T13:36:17",
      "content": "Önskar du sätta lite julstämning i Teams? Här finns det tre olika bakgrunder till Teams att ladda ned med ett juligt B3-tema.Högerklicka på bilden för att spara ned och ladda sedan upp den i Teams.\n",
      "url": "https://b3it.sharepoint.com/teams/Marknad/SitePages/Teamsbakgrunder-med-julmotiv.aspx"
    },
    {
      "id": "24ce5d4b-1d2a-4dde-99c3-2c04bb925ede",
      "title": "Marknadsmaterial, Typsnitt, Logotyper & Mallar",
      "description": "Här hittar du marknadsmaterial, Typsnitt, Logotyper och Mallar Under marknadsmaterial hittar du vår PowerPoint-mall och Brand book för B3 samt bildbanken där det finns miljöbilder att använda i presentationer. Bilderna och dokumenten uppdateras löpa…",
      "created_by": "Katarina Lundqvist",
      "created_date": "2017-10-19T19:33:27",
      "last_modified_by": "",
      "last_modified_date": "2024-07-07T06:25:10",
      "content": "Här hittar du marknadsmaterial, Typsnitt, Logotyper och MallarUnder marknadsmaterial hittar du vår PowerPoint-mall och Brand book för B3 samt bildbanken där det finns miljöbilder att använda i presentationer. Bilderna och dokumenten uppdateras löpande så se till att du alltid har den senaste versionen/bilder.Brand book visar B3s grafiska profil med färgkoder, typsnitt och grunddesign för olika typer av marknadsmaterial.  Ska du göra trycksaker är det viktigt att du tittar i designmanualen först. Hör gärna av dig till marknad för att bolla idéer och få tips, marknad@b3.se.\nTypsnitt:B3s primära typsnitt är WORK SANS vilket du behöver ladda ner och installera på din dator. Typsnittet används i Powerpoint och trycksaker för att bära ut B3s identitet. Som alternativ kan du också använda typsnittet Aptos vilket är standard i Officemiljön såsom Word och Outlook. I Excel använder vi OPEN SANS i diagram etc.Här kan du ladda hem typsnitten Work Sans och Open Sans.Typsnitten lägger du i din typsnittskatalog och fonterna blir sedan tillgängliga i respektive applikation när du startar om den.​\n",
      "url": "https://b3it.sharepoint.com/teams/Marknad/SitePages/Typsnitt%20och%20logotyper.aspx"
    }
  ]
}