{
  "name": "Microsoft Partner",
  "description": "Microsoft Partner",
  "url": "https://b3it.sharepoint.com/teams/MicrosoftPartner",
  "pages": [
    {
      "id": "fab6eeae-9d4b-42ce-9d4f-26347b187ff9",
      "title": "B3IT är nu Guldpartner inom Microsoft Cloud",
      "description": "",
      "created_by": "Ronnie Eliasson",
      "created_date": "2017-11-20T16:50:48",
      "last_modified_by": "",
      "last_modified_date": "2019-06-16T12:53:34",
      "content": "",
      "url": "https://b3it.sharepoint.com/teams/MicrosoftPartner/SitePages/B3IT%20%C3%A4r%20nu%20Guldpartner%20inom%20Microsoft%20Cloud.aspx"
    },
    {
      "id": "f15f6500-2aeb-40eb-8c6d-67f1d100c1e3",
      "title": "Startsida",
      "description": "",
      "created_by": "Ronnie Eliasson",
      "created_date": "2017-05-19T20:12:50",
      "last_modified_by": "",
      "last_modified_date": "2019-06-18T12:58:26",
      "content": "",
      "url": "https://b3it.sharepoint.com/teams/MicrosoftPartner/SitePages/Home.aspx"
    },
    {
      "id": "c89426fc-14b2-475d-969d-d107a6d15331",
      "title": "Kompetensutveckling",
      "description": "",
      "created_by": "Ronnie Eliasson",
      "created_date": "2019-06-16T13:25:12",
      "last_modified_by": "",
      "last_modified_date": "2019-06-16T13:26:10",
      "content": "",
      "url": "https://b3it.sharepoint.com/teams/MicrosoftPartner/SitePages/Kompetensutveckling(1).aspx"
    },
    {
      "id": "6a4e89e3-47fa-42ee-ab39-c5940e20e220",
      "title": "Kompetensutveckling",
      "description": "Utbildning Förändringen i marknaden är enorm och utbildning är ett löpande måste för att hänga med. Microsoft har en hel del material som vi får använda och sedan finns det också kurser/seminarier vi blir inbjudna till för de som hinner/vill. Certif…",
      "created_by": "Ronnie Eliasson",
      "created_date": "2019-06-16T12:59:38",
      "last_modified_by": "",
      "last_modified_date": "2019-06-16T13:02:20",
      "content": "Utbildning\nFörändringen i marknaden är enorm och utbildning är ett löpande måste för att hänga med. Microsoft har en hel del material som vi får använda och sedan finns det också kurser/seminarier vi blir inbjudna till för de som hinner/vill.\n \nCertifiering\nFör att B3 skall kunna fortsätta som en viktig partner till Microsoft måste vi uppvisa konsulter som tagit certifieringar inom de områden vi verkar.\nAlla certifieringar är personliga och det är din kompetens som uppvisas genom detta.\n \nDärför är det viktigt att dina certifieringar är kopplade till B3. Instruktionen finns med senare i detta dokument.\nRollbaserade utbildningar\nTidigare baserade Microsoft certifieringar och kunskaper på tekniska produkter. Med förändringen till den nya molnbaserade eran är det nu kunskaper baserat på roll som styr utbildningsbehovet\nhttps://www.microsoft.com/en-us/learning/certification-overview.aspx (https://www.microsoft.com/en-us/learning/certification-overview.aspx)\nKom igång med Microsoft Cloud \n1.Koppla ditt privata konto till B3 organisationen \n2.Välj roll som passar dig \n•https://www.microsoft.com/en-us/learning/certification-overview.aspx (https://www.microsoft.com/en-us/learning/certification-overview.aspx)\n3.Använd gratiskurserna på PluralSite för att komma igång\n4.Planera för certifiering\n5.Bli medlem i teamet ” Kompetens -  (https://teams.microsoft.com/_)Azure (https://teams.microsoft.com/_) och Microsoft Cloud (https://teams.microsoft.com/_)” i Microsoft Teams. Kontakta närmaste konsultchef för att se om det finns möjlighet till subventionerad kurs (B3 Academy står för certifieringskostnader)\n \n",
      "url": "https://b3it.sharepoint.com/teams/MicrosoftPartner/SitePages/Kompetensutveckling.aspx"
    },
    {
      "id": "80e23a7f-91fc-42d8-b303-151178b064c0",
      "title": "Microsoft 365 - Ny packetering",
      "description": "Det är en ny packetering som alla bör känna till som är en smartare lösning. Det är en mycket bättre helhetslösning och jag tror att många, särskilt mellanstora företag, är intresserade av detta eftersom det hanterar från molntjänsterna ner till enh…",
      "created_by": "Pia Langenkrans",
      "created_date": "2017-08-03T08:05:27",
      "last_modified_by": "",
      "last_modified_date": "2017-08-03T08:49:41",
      "content": "Det är en ny packetering som alla bör känna till som är en smartare lösning. Det är en mycket bättre helhetslösning och jag tror att många, särskilt mellanstora företag, är intresserade av detta eftersom det hanterar från molntjänsterna ner till enheten på ett smidigt sätt.\n \nMicrosoft 365 Enterprise = Office 365 + Windows 10 Enterprise + Enterprise Mobility + Security\nLäs mer (https://www.microsoft.com/en-us/microsoft-365/enterprise)\n \nVad ingår?\n\n\n\n\n \n \nMicrosoft 365 E3\nMicrosoft 365 E5\n\n\nOffice applications\nWord, Excel, PowerPoint\nYes\nYes\n\n\nEmail & calendar\nOutlook, Exchange\nYes\nYes\n\n\nChat-based workspace\nMicrosoft Teams\nYes\nYes\n\n\nVoice, video & meetings\nSkype for Business\nYes\nYes\n\n\n \nPSTN Conferencing, Cloud PBX\n \nYes\n\n\nSocial & intranet\nSharePoint, Yammer\nYes\nYes\n\n\nThreat protection\nMicrosoft Advanced Threat Analytics, Windows Defender Antivirus, Device Guard\nYes\nYes\n\n\n \nWindows Defender Advanced Threat Protection, Office 365 Advanced Threat Protection, Office 365 Threat Intelligence\n \nYes\n\n\nIdentity & access management\nAzure Active Directory P1, Windows Hello and Credential Guard\nYes\nYes\n\n\n \nAzure Active Directory P2\n \nYes\n\n\nDevice & app management\nMicrosoft Intune\nYes\nYes\n\n\nInformation protection\nOffice 365 Data Loss Prevention, Windows Information Protection and BitLocker, Azure Information Protection P1\nYes\nYes\n\n\n \nAzure Information Protection P2, Microsoft Cloud App Security, Office 365 Advanced Security Management\n \nYes\n\n\nAdvanced compliance\nAdvanced eDiscovery, Customer Lockbox, Advanced Data Governance\n \nYes\n\n\nAnalytics\nDelve\nYes\nYes\n\n\n \nPower BI Pro, MyAnalytics\n \nYes\n\n\n\n\n \nFinns även i SMB variant\nMicrosoft 365 Business = Office 365 Business Premium + Windows 10 + Enterprise Mobility + Security capabilities\nLäs mer (https://www.microsoft.com/en-us/microsoft-365/business)\n(SMB = Small Medium Business)\n \nPartners\nVad Microsoft säger till partners\nhttps://partners.office.com/news/article/announcing-microsoft-365\n \n",
      "url": "https://b3it.sharepoint.com/teams/MicrosoftPartner/SitePages/Microsoft%20365.aspx"
    },
    {
      "id": "16ee3bf4-4bb5-4375-8c6b-5c7177b66986",
      "title": "Microsoft Ignite Keynotes - 2017 Washington DC",
      "description": "Årets Inspire (tidigare kallat WPC) gick av stapeln i Washington DC med nästan 18 000 deltagare. För mig var det första gången och det var överväldigande mycket saker som hände. Många känner kanske igen Mobile first, cloud first strategin och nu har…",
      "created_by": "Pia Langenkrans",
      "created_date": "2017-07-17T08:00:03",
      "last_modified_by": "",
      "last_modified_date": "2017-07-20T07:52:04",
      "content": "Årets Inspire (tidigare kallat WPC) gick av stapeln i Washington DC med nästan 18 000 deltagare. För mig var det första gången och det var överväldigande mycket saker som hände. \nMånga känner kanske igen Mobile first, cloud first strategin  (http://www.informationweek.com/software/enterprise-applications/microsofts-mobile-first-cloud-first-strategy-explained/d/d-id/1234865)och nu har det utvecklats vidare till Intelligent cloud, intelligent edge (https://www.microsoft.com/en-us/internet-of-things/intelligentedge) vilket kort betyder att IoT som är längst ut på teknikkedjan är smart, inte bara samlar in data och skickar iväg för att processas någon annanstans utan att enheten själv gör analys och agerar. \nSe upp för svengelskan. Kanske kommer jag att fixa till det, kanske inte.\nFour solution areas:\n\nThe Modern Workplace\nBusiness applications\nApplications and Infrastructure\nData and AI\n\nFour digital outcomes\n\nEmpower employees\nEngage customers\nOptimize operations\nTransform products\n\nModern workplace (55 minuter in i första keynote - ca 15 minuter demo)\nMobilen, Outlook, focused inbox, summary cards, vissa appar. Windows timeline visar vilka dokument vi jobbar på när. Excel, score feedback positive to negative, lägg in karta i dokument. PowerPoint designer, 3D objekt tillsammans med morph blir assnygga bilder. Lägga 3D objekt i \"verkligheten\" med kameran, whiteboard funktioner på Surface hub, rita former och whiteboarden gör snygga former av det (triangel, fyrkant/tabell), samarbeta i samma session och \"alla\" skriver på whiteboarden, Teams, channels, Power BI in teams, bots, smart säkerhet (noterar klassifierade projektnamn och sätter taggar), Skype Broadcast med timeline och smiles, automatic transcript som kan översätta till flera språk och visar vem som talar när.\n \nBusiness applications (1:12 ca 15 minuter)\nFör sälj: Microsoft Relationship Sales, Dynamic 365 + LinkedIn - SUPERKOOLT. LinkedIn Pointdrive. Sales navigator. Integrerad med Outlook på mobilen. Finns både för Entreprise kunder och småföretag, Outlook Customer Manager. \nFör rekrytering: LinkedIn recruiter integrering. Scheduling Feedback from interviewing managers. Onboarding experience, integrerat med kontakter på företaget som är relevant för onboarding och även som kandidaten har i sitt kontaktnät. \nApplication & Infrastructure (1:32 ca 10 minuter)\nData & AI\nDemo köpa försäkring på nätet av en bot. Biometrics \"My voice is my password verify me\". Bot känner igen om du är ledsen och agerar. Kan byta språk bara på ett \"hola!\" \nKeynote dag ett\nStulen summering från ITPro blogginlägg (http://windowsitpro.com/business-resources/microsoft-inspire-news-summary-day-1-keynote)\nOne Commercial Partner: Putting Partners First (https://blogs.partner.microsoft.com/mpn/one-commercial-partner-putting-partners-first/)\nMicrosoft's new Corporate Vice President of One Commercial Partner, Ron Huddleston, kicked off the keynote and talked about the breadth of opportunities available to partners.\nHe revealed the new One Commercial Partner program that will work in three primary areas with partners:\n\nBuild-with: Whether you need to build a practice, build IP, or build your capabilities, our team of partner development professionals are there to support you. They have business model expertise and are supported by technical and specialist resources. Their mission is to get the right resource to you at the right time to support your success and growth.\nGo-To-Market: Our team of partner marketing experts will help you bring your solutions to market through offers. They will orchestrate with the teams that build with you on the market opportunity and the teams that sell with you on customer needs.\nSell-with: We are adding a new role to our partner business. Channel Managers have responsibility for connecting the right partner solutions to the right customer at the right time. Armed with best practices, marketplaces, and solution maps, they will work hand in hand with Microsoft sales teams and customers of all sizes and across industries.\n\nHe also unveiled that in order to reduce friction between Microsoft and partners that they would focus on two key areas for selling solutions. Azure Co-Sell will assist partners who create solutions with Microsoft Azure and new Channel Managers will be there to help partners worldwide build and sell solutions within Azure.\nInspire 2017: New cloud services for partners to enable digital transformation (https://azure.microsoft.com/en-us/blog/inspire-2017-new-cloud-services-for-partners-to-enable-digital-transformation/)\nMicrosoft's Julia White, a Corporate Vice President for Azure, provides more detail in this blog post about partner opportunities in the Microsoft Cloud.\nShe expands on the Azure co-sell and Channel Manager roles and how that will help partners focus on growing their business plus new offerings from Azure such as Azure Managed Applications (https://azure.microsoft.com/en-us/blog/azure-managed-applications/), Azure Stack hardware partners and systems (https://azure.microsoft.com/en-us/blog/microsoft-azure-stack-is-ready-to-order-now/) that are ready to be purchased, plus upgrades to the computing power of Azure SQL Data Warehouse (https://azure.microsoft.com/en-us/blog/azure-sql-data-warehouse-previews-3x-compute-scale-with-unlimited-columnar-storage/).\nIntroducing Microsoft 365 (https://blogs.office.com/en-us/2017/07/10/introducing-microsoft-365/)\nThis post from Kirk Koenigsbauer, Microsoft's Corporate Vice President for Office, provides details about the new Microsoft 365 subscriptions that were announced during the keynote.\nThese new options appear to be the successors to the Secure Productive Enterprise subscriptions that were launched late last year and provide customers a full solution for OS, productivity, management, and security.\nMicrosoft 365 Enterprise will be focused on large organizations while Microsoft 365 Business will be tailored for small & medium sized businesses.\nMicrosoft 365 Enterprise\n\nOffered in E3 and E5 levels and available for purchase as of 01 August 2017\nUnlocks creativity by enabling people to work naturally with ink, voice and touch, all backed by tools that utilize AI and machine learning.\nProvides the broadest and deepest set of apps and services with a universal toolkit for teamwork, giving people flexibility and choice in how they connect, share and communicate.\nSimplifies IT by unifying management across users, devices, apps and services.\nHelps safeguard customer data, company data and intellectual property with built-in, intelligent security.\n\nMicrosoft 365 Business\n\nAvailable in public preview on 02 August 2017 with General Availability in Fall 2017\nHelps companies achieve more together by better connecting employees, customers and suppliers.\nEmpowers employees to get work done from anywhere, on any device.\nProtects company data across devices with always-on security.\nSimplifies the set-up and management of employee devices and services with a single IT console.\n\nIn addition, SMBs will also be offered three new applications for their suite of software in Microsoft 365 Business:\n\nMicrosoft Listings—A simple-to-use email marketing service.\nMicrosoft Connections—An easy way to publish business information on top sites.\nMicrosoft Invoicing—A new way to create and deliver professional invoices.\n\nAdditional Announcements \nThere were also other news items revealed today that were not heavily discussed at the keynote but we wanted to let you know about them as well:\n\nConnecting with partners to empower the modern workplace (https://blogs.windows.com/windowsexperience/2017/07/10/connecting-with-partners-to-empower-the-modern-workplace/)\nWindows virtualization use rights coming to CSP (https://blogs.windows.com/business/2017/07/10/windows-virtualization-use-rights-coming-to-csp/)\nNow is the best time to be a Surface partner (https://blogs.windows.com/devices/2017/07/10/now-is-the-best-time-to-be-a-surface-partner/)\nWe’re expanding the Mixed Reality Partner Program (https://blogs.windows.com/devices/2017/07/10/were-expanding-the-mixed-reality-partner-program/)\n\nIt is very likely we will hear about these items over the next few days in other keynotes from Microsoft Inspire. We have folks on the ground in Washington, D.C. for the week so keep an eye here and on the @WindowsITPro (https://twitter.com/windowsitpro) Twitter handle for further news and analysis.\nKeynote dag två\nSummering dag 2 stulen från ITPro blogginlägg (http://windowsitpro.com/business-resources/microsoft-inspire-news-summary-day-2-keynote)\nMicrosoft's Day 2 Vision Keynote at their annual partner conference in Washington, D.C. shifted the focus from vision to implementation.\nBy providing real world examples of how partners created solutions for their own customers that were built on Microsoft technologies, the Redmond company was able to show the more than 17,000 partners in attendance and those watching online exactly how there are opportunities to change the way things are done in businesses.\nThe keynote was led by Microsoft's Executive Vice President of their Worldwide Commercial Business, Judson Althoff, and continued to build upon (https://blogs.partner.microsoft.com/mpn/microsoft-inspire-partner-driven-digital-transformation/?ln=en-us) the companies efforts to help customers with their digital transformations using four key pillars:\n\nEmpowering Employees\nEngaging Customers\nOptimizing Operations\nTransforming Products\n\nAfter reviewing many of these elements and the new alignments within the companies sales force, Althoff invited Toni Townes-Whitley, Microsoft's Corporate Vice President for Industry, to talk about how they are heading in their work with industries. She also elaborated on the alignments that were mentioned earlier by Althoff.\nSee the Microsoft Inspire Vision Day 2 Keynote On-Demand (https://inspire.microsoft.com/en-US/)\nOne of the companies she highlighted during her segment  (https://blogs.microsoft.com/transform/video/in-fast-moving-cities-the-cloud-brings-together-data-and-flexibility-for-friction-free-travel/)was Cubic Transportation Systems who uses the Microsoft Cloud to manage information relating to transportation around the world.\nJust to give you an idea of the scope of this data they handle:\n\n38 million travelers around the world each day\nProcesses 24 billion payment and information transactions annually\nHandles transactions for 850 buses and 23 Metrorail Stations in Miami\nIn London for bus and underground travelers they handle about 11 million people each day\n\nWhen Althoff returned to the stage, the remainder of the keynote time was dedicated to talking with four different partners and their customers to show the real world solutions which were created through the Microsoft Cloud.\n----------\nEmpowering Employees and Saving Lives in South Africa\nBroadReach (https://www.broadreachcorporation.com/) is a tech consultancy that improves the management and delivery of health programs in underserved regions around the world. They connect NGOs, donors, governments, and healthcare providers with the right technology and people to drive positive health and social outcomes.\nBroadReach and USAID (https://www.usaid.gov/) have developed the 90-90-90 Challenge, an innovative data-driven strategy to combat HIV in South Africa that aims to achieve three goals:\n\n90 percent of citizens living with HIV to know their status\n90 percent of people infected to be on antiretroviral therapy\n90 percent of those on treatment to be virally suppressed\n\nIn partnership with the South African Department of Health over five years, BroadReach implemented the BroadReach Vantage (https://na01.safelinks.protection.outlook.com/?url=https://www.broadreachcorporation.com/broadreach-vantage/&data=02%7c01%7cv-rachg%40microsoft.com%7cbfa5e8c78491477b81b708d4c001822f%7c72f988bf86f141af91ab2d7cd011db47%7c1%7c0%7c636344560334190956&sdata=sbkVTLrxEs7/bEzjvubW295jHI1tuVWIM9NAet0wqSc%3D&reserved=0) platform to streamline health delivery analysis, decision-making and improve the quality of service delivery. Thanks in part to the platform’s adoption, evaluation of the 90-90-90 Challenge has shown that viral load completion rates nearly tripled, suppression rates rose from 57 percent to 81 percent, and 55 person-years were saved by automating data collection and reporting. In the five districts where this new approach is being followed, they expect to save half a million lives by the end of 2017.\nLooking ahead, the team plans to take the platform to Azure to create a whole new experience, and to use Office 365 (http://winsupersite.com/office-365) and Teams to better connect clinics and staff and to use machine learning to predict which patients have a high probability of stopping treatment.\n----------\nTransforming Fire Safety in Germany\nWorking together with HHPBerlin (https://www.hhpberlin.de/), a fire safety, and engineering firm, Microsoft partner ProMX (http://promx.net/) developed the One System Dashboard, which uses Dynamics for radically simplified workflow management, faster project delivery, and product innovation. The building information management system is built entirely on Azure and provides a 3D view of progress, including real-time project updates, and automatically generated changes to client quotes. The end result is a more coordinated, more price-accurate, and ultimately more detailed and accessible project.\nProMX and HHPBerlin’s digital transformation journey has opened up new market opportunities with cities’ planning/permitting and emergency services departments. For example, their FireFramework program uses a fire simulation system based on a 3D building model to simulate and model potential fire behaviors. FireBot, which uses Microsoft’s cognitive services and vision AI allows citizens to report a fire or other emergency by sending a picture from their phone.\n----------\nLoss-prevention leaders: Track’em saves time, money and headaches with cloud-based tracking system\nWorking at a mining site in Australia a decade ago, Kashif Saleem saw firsthand a problem that has long plagued large construction projects. Put simply, things go missing.\nOn complex projects with thousands of components, materials and other parts are often misplaced. They may not make it onto shipping barges. They get left in warehouses. They’re pilfered. A fabricator claims a piece was sent, but no one knows where it is. Someone uses the wrong part, mistaking it for a similar one. And while cranes sit idle and workers wait, the job grinds to a halt and costs pile up. And up.\nA software developer, Saleem was working as an information technology support technician at the mining site, but he quickly saw a different need for his skills. Bright and ambitious, he quietly got to work developing a software system for tracking materials and other assets across projects, from start to finish.\nThis work and solution led to him creating a company called Track'em (https://trackem.com.au/) and it now uses the Microsoft Cloud and other innovative techniques such as drones to scan large parts to inventory and account for various hardware and parts.\nYou can read more here (https://blogs.microsoft.com/transform/feature/loss-prevention-leaders-trackem-saves-time-money-and-headaches-with-cloud-based-tracking-system/) about his cloud based tracking system\n----------\nThe real world examples seemed to be a good way to show other partners the creativity necessary to meet a customers needs and all of the examples did just that and were across a wide range of industries such as retail, manufacturing, mining, medical, and safety.\nYou can read other partner examples from this week that did not make it to the keynote stage on the Microsoft Transform website (https://blogs.microsoft.com/transform/feature/).\nKeynote dag tre\nSummering stulen från ITPro blogginlägg (http://windowsitpro.com/business-resources/microsoft-inspire-news-summary-day-3)\nMicrosoft Inspire Day 3 Vision Keynote (https://partner.microsoft.com/en-us/assets/2017/07/13/12/59/734479)\nThis is a replay of the entire two hour keynote.\nPartners Doing Good: A Classroom Without Walls (https://blogs.partner.microsoft.com/mpn/partners-good-classroom-without-walls/?ln=en-us)\nThis is a feature article about a Microsoft Partner called The Discovery Center. It highlights their efforts to empower schools, youth, families, and community members to challenge systemic racism and oppression.\nThey use Office 365 (http://winsupersite.com/office-365) to connect staff members and moved from on-premises to the cloud.\nTurn Your Great Idea Into the Next Big Thing (https://blogs.partner.microsoft.com/mpn/turn-great-idea-next-big-thing/)\nMicrosoft's Corporate Vice President, Gavriella Schuster, shares more about the approach partners can take to make their ideas reality with Microsoft partnering back with them to be successful.\nShe talks about repeatable, scalable solutions, and innovating,\nGDPR: The Time is Now! (https://blogs.partner.microsoft.com/mpn/gdpr-the-time-is-now/)\nThe General Data Protection Regulation (GDPR) goes into effect next year in the European Union and Microsoft is ready to help partners comply with the new rules right now.\nMicrosoft's Director of Office 365 Partner Marketing, Diana Pallais, goes over the roles of boht Microsoft and their partners in preparing for the implementation of GDPR and how Office 365 will help them comply fully.\nAnnouncing AI for Earth: Microsoft’s new program to put AI to work for the future of our planet (https://blogs.microsoft.com/on-the-issues/2017/07/12/announcing-ai-earth-microsofts-new-program-put-ai-work-future-planet/)\nThis news was not announced at Inspire but in a separate AI event in London. However, it was discussed by Brad Smith during his portion of the Day 3 Vision keynote.\nThey have pledged to offer $2 million dollars worth of AI compute and other resources over teh next fiscal year - that is until the end of June 2018 as Microsoft's fiscal year runs from 01 July to the end of the following June.\nThe article goes on to explain the AI for Earth approach that focuses on access, education, and innovation.\nFinding Truth Among Artificial Intelligence Myths (https://www.linkedin.com/pulse/finding-truth-among-artificial-intelligence-myths-frank-x-shaw)\nThis is another article that just happened to get released at the same time as Microsoft's Ai event in London. It is written by Frank Shaw, Microsoft's head of communications, and he writes about misperceptions related to AI.\nMicrosoft calls for U.S. strategy to eliminate rural broadband gap within 5 years (https://news.microsoft.com/rural-broadband/)\nThis was announced by Brad Smith at the Media Institute in Washington, D.C. and the article contains information ranging from white papers, fact sheets, and a full press pack.\nThe commitment Microsoft made this week was to eliminate the gap that exists for rural broadband within the next five years.\nThe main technology Microsoft proposes using for this effort is the white space in the TV white spaces between broadcast channels.\n",
      "url": "https://b3it.sharepoint.com/teams/MicrosoftPartner/SitePages/Microsoft%20Ignite%202017%20Washington%20DC.aspx"
    },
    {
      "id": "02301b60-7292-4dcf-af76-157598cd06a8",
      "title": "Microsofts omorganisation förklarad",
      "description": "Innan Inspire surrades det mycket om Microsofts kommande omorganisation och på Inspire kom svaret. Om du inte orkar titta på hela Keynote kan du läsa Ron Huddleston blogginlägg här . Partner led today and tomorrow One Commercial Partner program that…",
      "created_by": "Pia Langenkrans",
      "created_date": "2017-07-17T08:39:44",
      "last_modified_by": "",
      "last_modified_date": "2017-07-31T12:48:11",
      "content": "Innan Inspire surrades det mycket om Microsofts kommande omorganisation och på Inspire kom svaret.\nOm du inte orkar titta på hela Keynote kan du läsa Ron Huddleston blogginlägg här (https://blogs.partner.microsoft.com/mpn/one-commercial-partner-putting-partners-first/).\nPartner led today and tomorrow\nOne Commercial Partner program that will work in three primary areas with partners:\n\nBuild-with: Whether you need to build a practice, build IP, or build your capabilities, our team of partner development professionals are there to support you. They have business model expertise and are supported by technical and specialist resources. Their mission is to get the right resource to you at the right time to support your success and growth.\nGo-To-Market: Our team of partner marketing experts will help you bring your solutions to market through offers. They will orchestrate with the teams that build with you on the market opportunity and the teams that sell with you on customer needs.\nSell-with: We are adding a new role to our partner business. Channel Managers have responsibility for connecting the right partner solutions to the right customer at the right time. Armed with best practices, marketplaces, and solution maps, they will work hand in hand with Microsoft sales teams and customers of all sizes and across industries.\n\nHe also unveiled that in order to reduce friction between Microsoft and partners that they would focus on two key areas for selling solutions. Azure Co-Sell will assist partners who create solutions with Microsoft Azure and new Channel Managers will be there to help partners worldwide build and sell solutions within Azure.\n \nDe kommer att svänga om och organisera sig efter industrier\nFokus på industrier:\n\nUtbildning (Education)\nStat (Government)\nHälsa (Health)\nTillverkning (Manufacturing)\nFinansiella tjänster (Financial services)\nButik (Retail and consumer goods)\n\n \nToni Townes-Whitley\nBland det bästa och tydligaste kring detta var Toni Townes-Whitley som i Keynote dag två pratade om detta. Hoppa fram till ca den 27 minuten för att höra själv. Hon var grym.\nMicrosoft’s FY18 Commercial Sales Strategy: Update for Partners\nIf you are looking ahead and want to know more about the commercial sales strategy for next year, this is for you. Microsoft CVP Commercial customer segments Chris Weber talks about where it is investing key resources to help partners succeed.\nView it here.  (http://partner.microsoft.com/en-us/assets/2017/07/12/01/17/730081)\n",
      "url": "https://b3it.sharepoint.com/teams/MicrosoftPartner/SitePages/Microsofts%20omorganisation%20f%C3%B6rklarad.aspx"
    },
    {
      "id": "2a9c4ab4-8309-414d-aeb2-aeab06222d7f",
      "title": "Microsoft Partner Inspiration Day",
      "description": "Välkommen till Partner Inspiration Day! Missa inte höstens startskott - en dag & kväll full av inspiration och nätverkande! Temat för dagen är AI, Innovation & Trust! Hur bygger man innovation på ett förtroendefullt sätt? Vi kommer tillsammans med k…",
      "created_by": "Christer Gustafsson",
      "created_date": "2018-09-07T07:01:20",
      "last_modified_by": "",
      "last_modified_date": "2018-09-07T07:03:06",
      "content": " \n\n\n\n\nVälkommen till Partner Inspiration Day!\nMissa inte höstens startskott - en dag & kväll full av inspiration och nätverkande!\n \nTemat för dagen är AI, Innovation & Trust!\nHur bygger man innovation på ett förtroendefullt sätt? Vi kommer tillsammans med kunder och partner visa exempel på lyckade affärer som inspirerar.\nKom och inspireras av hur vi kan skapa bättre affärer tillsammans genom att nå våra kunder med nya smarta lösningar och samarbeten! \nNätverka och knyt nya kontakter med andra partners och oss från Microsoft.\n \nTisdag den 25 september på Stockholm Waterfront Congress Centre\nÅrets Partner Inspiration Day har fått ett nytt spännande upplägg. \nPå förmiddagen satsar vi på sessioner tillsammans med vår produktmarknadsorganisation, våra BG leads. Denna förmiddag är kostnadsfri och riktar sig till alliansansvariga, säljare och andra hos er som vill förstå mer kring våra lösningsområden i olika track, där vi också har ett eget track för SMB. Sessionerna är inte tekniska utan inriktade på att visa möjligheterna med vår teknologi. \nEftermiddagens agenda riktar sig till beslutsfattare. Vi presenterar våra lokala FY19 planer, prioriteringar och Microsofts ”Thought Leader Ambition”. Tillsammans med kunder och partner som har använt vår teknologi för att ligga i framkant inom flera olika industrivertikaler vill vi inspirera till nya tankar, lösningar och samarbeten. \nVi gästas även av en av europas mest eftertraktade föresläsare, den fantastiske dr Kjell A Nordström som kommer prata innovation och vad som krävs för att driva framgångsrika affärer!\nEtt av målen med denna dag är att du skall hitta nya samarbetspartner för att växa din affär!\nVi avslutar med middag och prisutdelning till ”årets Svenska partner”. Inbjudan att nominera ditt företag till detta kommer inom kort på Yammer (https://www.yammer.com/mpnsverige/#/threads/company?type=general): \n \nEftermiddagen kommer att ha en kostnad på 1700 sek ex moms (plus 150 sek administrationsavg).\n \n\n\n\n\n\n\n09.00-12.00\n\n\nProduktspecifika och lösningsorienterade nyheter, ej tekniska\n\t\t\tFrämst riktat till säljare & konsulter (gratis)\n \n\n\n\n\n13.00-23.00\n\n\nInspiration, nätverkande och insikt i Microsofts strategier under FY19\n\t\t\tFrämst riktat till beslutsfattare\n\n\n\n \n\nMiddag och prisutdelning av Årets Svenska Partner 2018 \n\n\n\n\n\n\n \nVarmt välkommen!              \nANMÄL DIG HÄR: https://aka.ms/PartnerInspirationDay (https://aka.ms/PartnerInspirationDay)\n \n",
      "url": "https://b3it.sharepoint.com/teams/MicrosoftPartner/SitePages/Microsofts.aspx"
    },
    {
      "id": "e169a3ed-535c-4ae9-9481-58848bbf5099",
      "title": "Sessioner från Inspire",
      "description": "Sessionskatalogen fylls på med presentationer och videos så att du kan införa lite Inspire 2017 i ditt liv ondemand. Jag kommer att ladda ner en del presentationer som jag tycker är bra och ha eller annan anledning. https://myinspire.microsoft.com/s…",
      "created_by": "Pia Langenkrans",
      "created_date": "2017-07-19T11:55:19",
      "last_modified_by": "",
      "last_modified_date": "2017-07-19T11:55:43",
      "content": "Sessionskatalogen fylls på med presentationer och videos så att du kan införa lite Inspire 2017 i ditt liv ondemand.\nJag kommer att ladda ner en del presentationer som jag tycker är bra och ha eller annan anledning.\nhttps://myinspire.microsoft.com/sessions (https://myinspire.microsoft.com/sessions)\n",
      "url": "https://b3it.sharepoint.com/teams/MicrosoftPartner/SitePages/Sessioner%20fr%C3%A5n%20Inspire.aspx"
    },
    {
      "id": "eee47d61-761a-43eb-92cb-daccda0325a6",
      "title": "Svenska Microsoft Inspire - vad de fokuserar på",
      "description": "Microsoft Inspire i Vegas 2019 gick av stapeln i varmaste juli. Bilder och presentationer finns här. Jag kommer skriva några inlägg på LinkedIn - vilken dag som helst. Microsofts Yammergrupp för Inspire 2018 Microsofts Inspire site (sessioner, video…",
      "created_by": "Pia Langenkrans",
      "created_date": "2018-08-21T07:39:52",
      "last_modified_by": "",
      "last_modified_date": "2018-08-21T07:55:30",
      "content": "Microsoft Inspire i Vegas 2019 gick av stapeln i varmaste juli. Bilder och presentationer finns här. Jag kommer skriva några inlägg på LinkedIn - vilken dag som helst. \n \nMicrosofts Yammergrupp för Inspire 2018 (https://www.yammer.com/mpnsverige/#/threads/inGroup?type=in_group&feedId=13765805)\nMicrosofts Inspire site (https://partner.microsoft.com/en-us/inspire) (sessioner, videos, bilder mm)\n",
      "url": "https://b3it.sharepoint.com/teams/MicrosoftPartner/SitePages/Svenska-Microsoft-Inspire---vad-de-fokuserar-p%C3%A5.aspx"
    },
    {
      "id": "06394a58-c4c0-427f-ba1f-f12020baaa9a",
      "title": "Varför en Group för Microsoft Partner?",
      "description": "Vi har ett behov att samlas kring vårt partnerskap med Microsoft och därför har denna site kommit upp. Här ska vi samla information om vad som händer mellan B3IT och Microsoft. Det kan vara events, upphandlingar, marknadsaktiviteter mm. Alla är ägar…",
      "created_by": "Pia Langenkrans",
      "created_date": "2017-06-01T14:22:56",
      "last_modified_by": "",
      "last_modified_date": "2017-06-01T14:27:41",
      "content": "",
      "url": "https://b3it.sharepoint.com/teams/MicrosoftPartner/SitePages/Varf%C3%B6r%20en%20Group%20f%C3%B6r%20Microsoft%20Partner-.aspx"
    },
    {
      "id": "53b2da9d-13e2-4ccc-98ee-af96ea5d44e6",
      "title": "Vår kontakt på Microsoft",
      "description": "",
      "created_by": "Ronnie Eliasson",
      "created_date": "2017-06-01T14:16:58",
      "last_modified_by": "",
      "last_modified_date": "2019-06-16T12:58:14",
      "content": "\n",
      "url": "https://b3it.sharepoint.com/teams/MicrosoftPartner/SitePages/V%C3%A5r%20kontakt%20p%C3%A5%20Microsoft.aspx"
    }
  ]
}