{
  "name": "MS Workshop",
  "description": "Här hanterar vi de workshop som körs mot kunder gällande Microsoft",
  "url": "https://b3it.sharepoint.com/teams/MSWorkshop",
  "pages": [
    {
      "id": "7d7e9868-3cb8-458b-851f-eb34bb992b4c",
      "title": "Startsida",
      "description": "",
      "created_by": "Systemkonto",
      "created_date": "2022-10-08T23:44:21",
      "last_modified_by": "",
      "last_modified_date": "2022-10-08T23:44:21",
      "content": "",
      "url": "https://b3it.sharepoint.com/teams/MSWorkshop/SitePages/Home.aspx"
    }
  ]
}