{
  "name": "musik",
  "description": "För B3 Band, Visab Flames etc. Musikaliskt fritidsforum.",
  "url": "https://b3it.sharepoint.com/sites/musik",
  "pages": [
    {
      "id": "71711744-9cda-408f-93fa-eeda183d1fe4",
      "title": "Startsida",
      "description": "",
      "created_by": "Systemkonto",
      "created_date": "2016-07-11T14:36:56",
      "last_modified_by": "",
      "last_modified_date": "2016-07-11T14:36:56",
      "content": "",
      "url": "https://b3it.sharepoint.com/sites/musik/SitePages/Home.aspx"
    }
  ]
}