{
  "name": "Office 365 tips och trix",
  "description": "Office 365 tips och trix",
  "url": "https://b3it.sharepoint.com/teams/office365tipsochtrix",
  "pages": [
    {
      "id": "e1e69c5a-502f-4cd9-a89a-f0bdb9182526",
      "title": "Startsida",
      "description": "",
      "created_by": "Systemkonto",
      "created_date": "2017-06-29T13:14:48",
      "last_modified_by": "",
      "last_modified_date": "2017-06-29T13:14:48",
      "content": "",
      "url": "https://b3it.sharepoint.com/teams/office365tipsochtrix/SitePages/Home.aspx"
    }
  ]
}