{
  "name": "Process Automation",
  "description": "Denna kanal är till för alla som är intresserade av Process Automation och som vill lära sig mer, hålla sig uppdaterade och hitta likasinnade inom B3 Consulting Group.",
  "url": "https://b3it.sharepoint.com/teams/ProcessAutomation",
  "pages": [
    {
      "id": "a21f2721-c6b7-4875-b725-afa12a19810e",
      "title": "Startsida",
      "description": "",
      "created_by": "Systemkonto",
      "created_date": "2021-05-01T23:55:04",
      "last_modified_by": "",
      "last_modified_date": "2021-05-01T23:55:04",
      "content": "",
      "url": "https://b3it.sharepoint.com/teams/ProcessAutomation/SitePages/Home.aspx"
    }
  ]
}