{
  "name": "Rabatter och erbjudanden",
  "description": "Säkerställ att du följer gällande inköpsrutiner vid arbetsrelaterade inköp. Läs gärna mer i Personalhandboken, sidan Inköp .",
  "url": "https://b3it.sharepoint.com/teams/Rabatterocherbjudanden",
  "pages": [
    {
      "id": "26355f11-0b1a-45de-afe1-07f15a41bfed",
      "title": "Actic",
      "description": "Nu kan du som anställd på B3 teckna medlemskap hos Actic. I medlemskapet ingår all träning, såsom konditionsträning, styrketräning samt tillgång till samtliga gruppträningsklasser. Gå in på www.actic.se för att ta del av information för specifik ort…",
      "created_by": "Malinda Knudsen",
      "created_date": "2019-10-07T12:09:47",
      "last_modified_by": "",
      "last_modified_date": "2022-08-26T08:15:54",
      "content": "Nu kan du som anställd på B3 teckna medlemskap hos Actic.I medlemskapet ingår all träning, såsom konditionsträning, styrketräning samt tillgång till samtliga gruppträningsklasser. Gå in på www.actic.se (http://www.actic.se) för att ta del av information för specifik ort. Actic har strax över 120 träningscenter (https://www.actic.se/hitta-gym/) från Ystad i söder till Kiruna i norr. Vårt erbjudande omfattar:B3´s anställda erbjuds 20% rabatt på medlemskap på Actics anläggningarHalverad medlemsavgift (ord. pris 549 kr)En veckas fri träningMedlemskapet är personligt och kan ej överlåtasBetalningsalternativBetala årskortet kontant/med kreditkort i kassan på anläggningenLösa löpande autogiroavtal i kassan på anläggningenAnge företagsid 100p79271 när du tecknar avtalet. Vid frågor går det bra att maila till foretag@actic.se\n",
      "url": "https://b3it.sharepoint.com/teams/Rabatterocherbjudanden/SitePages/Actic.aspx"
    },
    {
      "id": "748b3ffc-95ab-4a9a-b4d1-ea695f2edcea",
      "title": "AUDI",
      "description": "AUDI Kontakt: Audi Hammarby Sjöstad Robin Nau, 08-503 332 08 robin.nau@dinbil.se Har hand om offertförfrågningar, provkörningar och beställning av bilar. Kontakt: Din Bil Sverige Richard Welstadius, 0700-86 47 27 richard.welstadius@dinbil.se Är rama…",
      "created_by": "Linda Gröning",
      "created_date": "2021-01-07T12:04:55",
      "last_modified_by": "",
      "last_modified_date": "2024-05-21T14:08:40",
      "content": "AUDI Kontakt: Audi Hammarby SjöstadRobin Nau, 08-503 332 08robin.nau@dinbil.se (mailto:robin.nau@dinbil.se)Har hand om offertförfrågningar, provkörningar och beställning av bilar.Kontakt: Din Bil SverigeRichard Welstadius, 0700-86 47 27richard.welstadius@dinbil.se (mailto:richard.welstadius@dinbil.se)Är ramavtalsansvarig.  Nedanstående rabatter kan ej kombineras med kampanjpriser. Ej heller med tillfälliga erbjudanden eller specialpriser.Vissa utrustningsdetaljer samt utrustningspaket är nettoprissatta, och omfattas ej heller av nedanstående rabatter. De detaljer och paket som ej omfattas av rabatt framgår av Cirkaprislista Stockholm.Rabattsatsen i avtalet är baserad på cirkaprislistan.​​​​​​​Uppdaterad 2024-03-28\n",
      "url": "https://b3it.sharepoint.com/teams/Rabatterocherbjudanden/SitePages/AUDI.aspx"
    },
    {
      "id": "8c97a8fe-c000-4913-be46-ab6309cff646",
      "title": "B3 Sportkläder -Trimtex",
      "description": "Webbshopen är stängd, nästa beställningsfönster blir till hösten. I samarbete med Trimtex har vi upprättat en webbshop där du kan handla B3 sportkläder till riktigt bra priser. Det är viktigt att beställa innan tidsfristen går ut. Trimtex kan dessvä…",
      "created_by": "Malinda Knudsen",
      "created_date": "2021-10-13T08:39:59",
      "last_modified_by": "",
      "last_modified_date": "2024-04-15T16:07:50",
      "content": "Webbshopen är stängd, nästa beställningsfönster blir till hösten. I samarbete med Trimtex har vi upprättat en webbshop (https://shop.trimtexcustom.se/pages/teamstore-consultinggroupab-2231) där du kan handla B3 sportkläder till riktigt bra priser.Det är viktigt att beställa innan tidsfristen går ut. Trimtex kan dessvärre inte lägga till beställningar efter att webshopen har stängt.Observera att du inte kan ta dessa kläder på ram eller lön utan att du handlar till självkostnadspris och får dina varor levererat till din hemadress.Det är två beställningsperioder per år med varierande sortiment per säsong och nästa beställningstillfälle kommer till hösten.Nedan följer information om hur du går tillväga för att logga in i webshopen: Vänligen läs hela informationen innan du ställer frågor. 😊VIKTIG information för inloggning:Trimtex har nyligen lanserat en ny version av deras teamshop. Så även om du har ett konto sen innan så måste du upprätta ett NYTT KONTO innan du kan logga in. Webshopen: https://shop.trimtexcustom.se/pages/teamstore-consultinggroupab-2231 (https://shop.trimtexcustom.se/pages/teamstore-consultinggroupab-2231)En vägledning om hur du upprättar nytt konto, loggar in och lägger till din teamshop kan du se via denna informationsfilm (https://www.youtube.com/watch?v=ua831jnO09g)För att få tillgång till teamshopen så lägger du till vår teamkod: consultinggroupab-2231När din beställning har gått igenom skall du få en orderbekräftelse från Trimtex inom kort, kolla gärna så att du får denna och att allt ser korrekt ut.Rekommenderar att använda Chrome eller Firefox som webbläsare för att det ska fungera på bästa sätt – att t.ex använda Explorer kan göra så att det blir problemOm det skulle uppstå problem med att logga in eller om du har andra frågor och funderingar så tveka inte att ta kontakt med Trimtex på support@trimtex.se (mailto:support@trimtex.se) eller på telefon 026-24 98 90.Happy shopping!\n",
      "url": "https://b3it.sharepoint.com/teams/Rabatterocherbjudanden/SitePages/B3-Sportkl%C3%A4der--Trimtex.aspx"
    },
    {
      "id": "9e44bd93-9804-4c98-8c04-c240f8534513",
      "title": "Blique by Nobis",
      "description": "Vi har ett nytt avtal med Blique by Nobis, Gävlegatan 18, Stockholm som ger 15% rabatt på de bästa tillgängliga rumspriserna på hotellet. För bokning, besök hotellets hemsida www.bliquebynobis.se ange kod B3CG under kampanjkod för att ta del av raba…",
      "created_by": "Malinda Knudsen",
      "created_date": "2022-04-27T10:22:03",
      "last_modified_by": "",
      "last_modified_date": "2023-09-26T19:36:59",
      "content": "Vi har ett nytt avtal med Blique by Nobis, Gävlegatan 18, Stockholm som ger 15% rabatt på de bästa tillgängliga rumspriserna på hotellet.För bokning, besök hotellets hemsida www.bliquebynobis.se (https://www.bliquebynobis.se)ange kod B3CG under kampanjkod för att ta del av rabatten på 15%.Frukost, användning av Wi-Fi, tillgång till fitness- och relaxfaciliteter ingår i alla priser.Det rabatterade priset gäller för enskilda hotellrum (upp till 9 hotellrum).Priser för grupper (från 10 hotellrum) kommer att tillhandahållas på begäran, dessa priser varierar beroende på vardag och säsong.Rabatten kan inte kombineras med andra erbjudanden.Möten och evenemang10% rabatt på alla konferens- och eventutrymmensamt 10% rabatt på mat och dryck i Boketto och Origo, exklusive alkohol.\n",
      "url": "https://b3it.sharepoint.com/teams/Rabatterocherbjudanden/SitePages/Blique-by-Nobis.aspx"
    },
    {
      "id": "f5170056-6a6c-4741-9083-f307a412e1c4",
      "title": "BMW",
      "description": "BMW Group BWW + Mini 11% rabatt BMW:s elbil (iX, iX3, i3 och i4) 10% rabatt Kontaktperson: Bavaria Sverige Bil AB Björn Hägerström, 08-735 39 52 ​​​​​​​bjorn.hagerstrom@bavariabil.se",
      "created_by": "Malinda Knudsen",
      "created_date": "2021-01-07T11:53:25",
      "last_modified_by": "",
      "last_modified_date": "2023-09-26T19:34:12",
      "content": "BMW GroupBWW + Mini 11% rabatt BMW:s elbil (iX, iX3, i3 och i4) 10% rabatt Kontaktperson: Bavaria Sverige Bil ABBjörn Hägerström, 08-735 39 52​​​​​​​bjorn.hagerstrom@bavariabil.se (mailto:bjorn.hagerstrom@bavariabil.se)\n",
      "url": "https://b3it.sharepoint.com/teams/Rabatterocherbjudanden/SitePages/BMW.aspx"
    },
    {
      "id": "f1f0c503-827f-49ba-9e88-a144fb5502c9",
      "title": "ComCenter - Mobil & abonnemang",
      "description": "Säkerställ vad som gäller för just ditt B3-bolag innan du skaffar ett abonnemang. Några bolag har en standardlösning och du får en telefon när du börjar jobba och flera av bolagen har avtal med ComCenter. Ta kontakt med vår kontaktperson Robert Veig…",
      "created_by": "Joakim Vikman",
      "created_date": "2021-08-11T08:14:06",
      "last_modified_by": "",
      "last_modified_date": "2023-04-13T05:52:22",
      "content": "Säkerställ vad som gäller för just ditt B3-bolag innan du skaffar ett abonnemang. Några bolag har en standardlösning och du får en telefon när du börjar jobba och flera av bolagen har avtal med ComCenter. Ta kontakt med vår kontaktperson Robert Veigursson på ComCenter som assisterar B3s anställda med nyteckning och/eller överlåtelser av abonnemang.Comcenters webbutik är stängd då spårbarhet av den som beställer saknas och deras priser är inte i nivå med de lägsta på marknaden.ComCenter är inte operatörsstyrda utan samarbetar med de största operatörerna och är därmed lyhörda för vilken operatör du önskar.ComCenter kan också via olika ramavtal som B3 har, ge dig som B3-anställd många bra erbjudanden.Observera att du absolut inte måste teckna abonnemang via ComCenter, utan är fri att välja själv men notera då att godkända abonnemangsformer endast är företagsabonnemang.Kontaktperson:Robert Veigursson 08-692 43 01 robert@comcenter.nu (mailto:robert@comcenter.nu) ​​​​​​​ComCenters hemsida: https://www.comcenter.nu/ (https://www.comcenter.nu/)\n",
      "url": "https://b3it.sharepoint.com/teams/Rabatterocherbjudanden/SitePages/ComCenter.aspx"
    },
    {
      "id": "c4c5eb33-1800-4364-8e26-8e9caec3d1fa",
      "title": "B2B IT-Partner",
      "description": "B2B IT-Partner har ett brett sortiment av allt inom Apple, PC och telefoni. ​​​​​​​ B2B-IT Partner är väldigt flexibla och arbetar med snabb och förstklassig service, detta för att ständigt kunna ligga i framkant på marknaden. ​​​​​​​ Slipp resan ti…",
      "created_by": "Malinda Knudsen",
      "created_date": "2018-10-31T19:54:56",
      "last_modified_by": "",
      "last_modified_date": "2023-09-26T19:31:45",
      "content": "B2B IT-Partner har ett brett sortiment av allt inom Apple, PC och telefoni. ​​​​​​​B2B-IT Partner är väldigt flexibla och arbetar med snabb och förstklassig service, detta för att ständigt kunna ligga i framkant på marknaden. ​​​​​​​Slipp resan till kontoret för att hämta ut ditt paket. B2B-IT Partner erbjuder både direktbud och leverans via postombud direkt hem till dig. Det finns möjlighet för inbyten, byt in din gamla produkt och få ersättning. Bra för miljön och bra för dig! Vid beställning kan du logga in via denna länk  (https://www.b2bshop.se/first_page)med inloggningen nedan alternativt kontakta Fredrik Almer direkt på 076-677 16 41 eller fredrik.almer@b2bitpartner.se så hjälper han dig med beställning eller frågor kring en produkt.         användarnamn: reception@b3.se (mailto:reception@b3.se)        ​​​​​​​lösen: g5veTgiM​​​​​​​Tänk på detta när du beställer: ​​​​​​​Var noga med att uppge ditt för- och efternamn som referens vid beställning, samt använda din mailadress för B3.det är väldigt viktigt att du anger rätt bolag vid din beställning. Var noga med att uppge rätt leveransadress. Kontaktperson på B2B IT-Partner;Fredrik Almer, Account Manager.fredrik.almer@b2bitpartner.se (mailto:fredrik.almer@b2bitpartner.se)076-677 16 41Lite om B2B IT-PartnerB2B IT-Partner AB grundades med visionen att fylla behovet på marknaden av en IT-återförsäljare som kan tillgodose kundens behov och utvecklas i takt med samhället. Sedan starten 2004 har framgången varit ett faktum och redan 2005 nominerades B2B IT-Partner av IBM för utmärkta insatser inom Personal Computing Division. Företaget fick även högsta partnerstatus hos alla de stora leverantörerna. Sedan dess har B2B IT-Partner vunnit flera priser, bland annat har vi blivit flerfaldigt belönade med HP Guldmyran för “fastest growing partner of the year” och vi har även utsetts till Gasell av tidningen Dagens Industri flertalet gånger. Dessutom är vi stolta över att inneha Trippel-A för högsta kreditvärdighet i Soliditets kreditratingsystem.\n\n",
      "url": "https://b3it.sharepoint.com/teams/Rabatterocherbjudanden/SitePages/Digital-Inn.aspx"
    },
    {
      "id": "c5f641f0-6175-4d27-bc70-ac6484a00d02",
      "title": "Dustin <3 B3",
      "description": "Glädjande nyheter!! Vi har nu ett rabattavtal med Dustin. B3 har inloggningar till Dustin.se och köpet blir då fakturerat bolaget (se mer information längst ned på sidan). Rabattavtal med Dustin som gäller för samtliga medarbetare på B3. Avtalet gäl…",
      "created_by": "Linda Gröning",
      "created_date": "2018-10-31T19:44:05",
      "last_modified_by": "",
      "last_modified_date": "2024-06-05T09:46:33",
      "content": "Glädjande nyheter!!Vi har nu ett rabattavtal med Dustin. B3 har inloggningar till Dustin.se och köpet blir då fakturerat bolaget (se mer information längst ned på sidan).                                                     Rabattavtal med Dustin som gäller för samtliga medarbetare på B3. Avtalet gäller från 2024-05-28 och tillsvidare.Priserna som tillhandahålls B3 Consulting Group, och samtliga dotterbolag, av Dustin på webbsidan är dynamiska, dvs. baserade på marknadsefterfrågan från tid till annan. Dustin förbehåller sig därför rätten till att när som helst ändra priserna.Priserna beräknas på Dustins nettopriser och bruttomarginal, dvs. Dustins inköpspris + tillagd marginal enligt nedan tabell.Alla bolag har egna inloggningar och det är VD:n för varje bolag som har inloggningsuppgifter.Om du som VD saknar inloggningsuppgifter för ditt bolag så ringer duDustin på telefon 08-553 44 000 (Mån-Fre 08:00-17:00)  \n",
      "url": "https://b3it.sharepoint.com/teams/Rabatterocherbjudanden/SitePages/Dustin.aspx"
    },
    {
      "id": "6e2c74ab-700a-4fea-8c32-43c61f6bf114",
      "title": "Easy Park",
      "description": "Som anställd har du möjlighet att nyttja Easypark, ett mobilt arbetsverktyg. ​​​​​​​ Med Easypark kan du starta, stoppa och förlänga din parkering genom en app och betalar således endast för den faktiska parkeringstiden. Du behöver inte längre betal…",
      "created_by": "Malinda Knudsen",
      "created_date": "2019-04-10T08:36:15",
      "last_modified_by": "",
      "last_modified_date": "2022-05-12T08:10:52",
      "content": "Som anställd har du möjlighet att nyttja Easypark, ett mobilt arbetsverktyg.​​​​​​​Med Easypark kan du starta, stoppa och förlänga din parkering genom en app och betalar således endast för den faktiska parkeringstiden. Du behöver inte längre betala mer än nödvändigt, vara beroende av p-automater, kort eller mynt och får alla dina kostnader samlade, administrerade och fakturerade genom företaget.Du kan också använda tjänsten privat utan att belasta oss med kostnaden. Med ett dubbelkonto kan du snabbt och smidigt växla mellan företagsparkering och privatparkering i samma app.Dina företagsparkeringar debiteras företaget och de privata parkeringarna debiteras ditt privata betalkort. Enkelt och smidigt!I samband med upprättande av en licens får du en aktiveringslänk per sms, vilken du behöver klicka upp för att komma igång med appen.Kostnad för parkeringstjänsten samt parkering som du gjort i tjänsten kan tas mot ramen, för dig som inte har ram, enligt överenskommelse med din närmaste chef. Beställningar görs direkt till mateo.celan@easypark.net genom att uppge nedan info:• Kundnummer• För & efternamn• Mobilnummer​​​​​​​ • Registreringsnummer • MejladressBehöver du akut hjälp rekommenderas du att vända dig till supporten på Easypark som nås på 0770 11 22 00.Vår kontaktperson: Mateo Celan – Senior Sales Account ManagerMateo.celan@easypark.netDirekt: 070-799 58 17\n\n",
      "url": "https://b3it.sharepoint.com/teams/Rabatterocherbjudanden/SitePages/Easy-Park.aspx"
    },
    {
      "id": "988e0e87-ef8d-400d-ba38-d6f969712adf",
      "title": "Elektronik",
      "description": "Vi samarbetar med ett flertal olika leverantörer.",
      "created_by": "Malinda Knudsen",
      "created_date": "2018-10-30T20:19:08",
      "last_modified_by": "",
      "last_modified_date": "2022-04-13T10:49:34",
      "content": "Vi samarbetar med ett flertal olika leverantörer.\n",
      "url": "https://b3it.sharepoint.com/teams/Rabatterocherbjudanden/SitePages/Elektronik.aspx"
    },
    {
      "id": "1c40f43b-cce5-4cdf-9630-864b389a0cf6",
      "title": "Elgiganten",
      "description": "Välkommen till Elgiganten Företag och den underbara världen av teknik! På Elgiganten Företag kan du som anställd på B3 enkelt göra alla dina inköp på ett ställe. Nu har vi nytt avtal med Elgiganten som gör att vi får rabatter på Elgigantens tech-sor…",
      "created_by": "Malinda Knudsen",
      "created_date": "2019-05-15T05:24:45",
      "last_modified_by": "",
      "last_modified_date": "2023-09-26T19:32:05",
      "content": "Välkommen till Elgiganten Företag och den underbara världen av teknik!På Elgiganten Företag (https://www.elgiganten.se/foretag) kan du som anställd på B3 enkelt göra alla dina inköp på ett ställe.Nu har vi nytt avtal med Elgiganten som gör att vi får rabatter på Elgigantens tech-sortiment. Rabatterna hittar du nedanElgiganten prismatchar alltid, hittar du varan billigare någon annanstans så mailar du bara Victoria med länk till det bättre priset så matchar Elgiganten detta. Om du vill hämta din vara i butik så mailar du Victoria (mailadress nedan) så lägger hon beställningen i den butik du önskar att hämta varan i. Alla bolag har egna inloggningar och det är VDn för varje bolag som har inloggningsuppgifter, saknar du inloggning måste du som är VD för ditt bolag maila till Victoria Lüdicke för att få inloggningsuppgifter för ditt bolag. För beställning via webben Klicka här (https://www.elgiganten.se/authorizationserver/login.jsp)Man behöver dock inte logga in för att beställa utan det går också  bra att maila beställningen till Victoria direkt, kontaktuppgifter finns nedan.                                                                                                                       ​Kontaktperson hos Elgiganten är:Victoria LüdickeAccount Manager B2Bvictoria.ludicke@giganten.seTelefon: 070-109 84 62​​​​​​​ \n",
      "url": "https://b3it.sharepoint.com/teams/Rabatterocherbjudanden/SitePages/Elgiganten.aspx"
    },
    {
      "id": "5c650636-840e-4aeb-ab75-3d377c676148",
      "title": "ELITE HOTELS",
      "description": "Elite Hotels och Hotel Bishops Arms erbjuder närmare 40 hotell med centrala lägen runt om i Sverige, från Malmö i söder till Kiruna i norr. Elite Hotels vill ge dig en totalupplevelse som du gärna återvänder till samt en känsla av tradition, kvalite…",
      "created_by": "Malinda Knudsen",
      "created_date": "2018-10-30T21:00:35",
      "last_modified_by": "",
      "last_modified_date": "2021-12-15T09:37:30",
      "content": "Elite Hotels och Hotel Bishops Arms erbjuder närmare 40 hotell med centrala lägen runt om i Sverige, från Malmö i söder till Kiruna i norr. Elite Hotels vill ge dig en totalupplevelse som du gärna återvänder till samt en känsla av tradition, kvalitet och flärd. LOGIBOKNING – 10% RABATTBokning sker via elite.se, Elite Hotels Centralbokning 0771-788 789, direkt med hotellet eller via resebyrå.För att boka på Elite Hotels (https://www.elite.se/sv/corporate/6193788) skriv in företagskod: 6193788Bokningen garanteras med kreditkort och kan om-/avbokas kostnadsfritt fram till kl 14.00 ankomstdagen.KONFERENSRABATTSom företagskund erhåller vi 10 % rabatt på lokalhyra och 5 % rabatt på dagkonferenspaket. Boka direkt via hotellen eller kontakta Centralbokningen.Konferensrabatterna baseras på priser exkl. moms och går inte att kombinera. Rabatten på Conventum i Örebro gäller för upp till 250 personer.\n",
      "url": "https://b3it.sharepoint.com/teams/Rabatterocherbjudanden/SitePages/ELITE-HOTELS.aspx"
    },
    {
      "id": "465eedf3-ffbe-4603-b588-bdbf6572e78e",
      "title": "HomeMaid",
      "description": "Erbjudande hos HomeMaid HomeMaid erbjuder dig som anställd på B3 tre timmar gratis städ vid tecknande av abonnemang. ​​​​​​​Gäller vid städ minst varannan vecka, en gång per hushåll. HomeMaid vet hur otroligt skönt det är att komma hem till ett nyst…",
      "created_by": "Linda Gröning",
      "created_date": "2021-05-25T13:13:50",
      "last_modified_by": "",
      "last_modified_date": "2024-05-23T08:14:44",
      "content": "Erbjudande hos HomeMaidHomeMaid erbjuder dig som anställd på B3 tre timmar gratis städ vid tecknande av abonnemang. ​​​​​​​Gäller vid städ minst varannan vecka, en gång per hushåll. HomeMaid vet hur otroligt skönt det är att komma hem till ett nystädat hem. Det är därför HomeMaid finns.Pris från 255kr/h efter Rut-avdrag. Eventuell reskostnad tillkommer. Erbjudandet gäller endast på orter HomeMaid har verksamhet på. Du hittar dem alla här. (https://homemaid.se/kontakt/)https://homemaid.se/kampanjer/b3-hemstad/ (https://homemaid.se/kampanjer/b3-hemstad/)HomeMaid erbjuder också rabatt på: Storstäd 10% rabatt* Fönsterputs 12% rabatt*Flyttstäd 15% rabatt*Visningsstäd 15% rabatt**Rabatterna gäller på HomeMaids ordinarie priser och kan ej kombineras med andra rabatter och erbjudande.Reskostnad tillkommer. Fyll i formuläret via länken ovan. Uppge att förfrågan avser B3Vår samarbetspartner HomeMaid, proffs på all typ av städ.Släpp kraven på att fixa det perfekta hemmet – överlåt det till ett proffs istället.HomeMaid vet hur svårt det är att få tiden att räcka till för att städa hemma och hjälper dig i vardagen, så som du vill ha det.Sedan 1997 har deras medarbetare hjälpt tusentals kunder på hemmaplan.All personal har självklart kollektivavtal och justa villkor.Välkommen till en gnisselfri vardag!www.homemaid.se (http://www.homemaid.se) \n",
      "url": "https://b3it.sharepoint.com/teams/Rabatterocherbjudanden/SitePages/Erbjudande-hos-HomeMaid.aspx"
    },
    {
      "id": "7399ebec-3bd6-477e-b6c8-78695e5380b4",
      "title": "Firstbeat",
      "description": "Nu har du som anställd på B3 möjlighet att ta reda på ditt välmående med hjälp av Firstbeat Livsstilsanalys, vilket är ett redskap som analyserar återhämtning och hjälper till att känna igen stressfaktorer både på jobbet och fritiden. Ordinarie pris…",
      "created_by": "Malinda Knudsen",
      "created_date": "2019-09-03T13:12:54",
      "last_modified_by": "",
      "last_modified_date": "2021-03-19T10:51:27",
      "content": "Nu har du som anställd på B3 möjlighet att ta reda på ditt välmående med hjälp av Firstbeat Livsstilsanalys, vilket är ett redskap som analyserar återhämtning och hjälper till att känna igen stressfaktorer både på jobbet och fritiden.Ordinarie pris 1750 kr (Livsstilsanalys 1000 kr + coachning 30 minuter 750 kr) B3s pris 1485 kr (Livsstilsanalys + coachning 30 minuter). B3s rabatt gällde året ut (2019). Alla priser är exklusive moms. Vid beställning kontakta Stefan Maljkovic via mail: stefan.maljkovic@firstbeat.com (mailto:stefan.maljkovic@firstbeat.com)\n",
      "url": "https://b3it.sharepoint.com/teams/Rabatterocherbjudanden/SitePages/First.aspx"
    },
    {
      "id": "a140f19c-bb3e-4343-827c-3e042447382a",
      "title": "First Hotels",
      "description": "B3 har ett avtal med First Hotels som ger alla B3-anställda 15% rabatt på hotellens dagspriser. Avtalet gäller på samtliga First Hotels i Sverige, Norge, Danmark samt Hotel Reisen – Unbound Collection by Hyatt Bokningar till avtalspris görs direkt p…",
      "created_by": "Malinda Knudsen",
      "created_date": "2023-01-18T08:02:41",
      "last_modified_by": "",
      "last_modified_date": "2023-09-26T19:36:50",
      "content": "B3 har ett avtal med First Hotels som ger alla B3-anställda 15% rabatt på hotellens dagspriser.Avtalet gäller på samtliga First Hotels i Sverige, Norge, Danmark samt Hotel Reisen – Unbound Collection by HyattBokningar till avtalspris görs direkt på First Hotels hemsida  (https://www.firsthotels.se/?gclid=CjwKCAiAzp6eBhByEiwA_gGq5IDcFfERhxexStp0xRnzvmxO4FitGbXEo3cCm32O83wqrrJZg1vaUhoC3RYQAvD_BwE)eller direkt till hotellet. Ange kod: FHCB3CON vid bokning.Avbokning gällande individuell logi, ej grupper eller konferenser, kan ske utan extra kostnad fram till kl. 16.00 på ankomstdagen. Hotellet/-en garanterar rummet efter 16.00 endast då gästen lämnar kreditkortsnummer eller faktureringsadress som garanti. Om gästen uteblir vid en garanterad ankomst fakturerar hotellet/-en gästen för utebliven betalning.Betalning sker med kreditkort.På First Hotels hemsida hittar du kontaktuppgifter till deras hotell.  \n",
      "url": "https://b3it.sharepoint.com/teams/Rabatterocherbjudanden/SitePages/First-Hotel.aspx"
    },
    {
      "id": "d1a6fb55-f0b2-4ffa-8a49-6ed705bfac23",
      "title": "Fitness24seven",
      "description": "Träna ett år på Fitness24seven för endast 3495kr Erbjudandet gäller för alla anställda på B3. Ta del av erbjudandet genom att besöka valfritt gym under receptionens öppettider, legitimera dig och styrk din anställning. Skicka er förbeställning till …",
      "created_by": "Malinda Knudsen",
      "created_date": "2024-03-21T08:42:11",
      "last_modified_by": "",
      "last_modified_date": "2024-03-21T08:47:11",
      "content": "Träna ett år på Fitness24seven för endast 3495kr  Erbjudandet gäller för alla anställda på B3. Ta del av erbjudandet genom att besöka valfritt gym under receptionens öppettider,legitimera dig och styrk din anställning. Skicka er förbeställning till sales@f24s.com. Ditt medlemskap ger dig tillgång till alla Fitness24sevens gym, dygnet runt och inkluderar alla gruppträningspass. Ordinarie pris för årskort är 4144 kr. Erbjudandet är giltig t.o.m. 2025-03-13Åldersgräns är 18 år. \n",
      "url": "https://b3it.sharepoint.com/teams/Rabatterocherbjudanden/SitePages/Fitness-24-seven.aspx"
    },
    {
      "id": "5725e8cd-b12e-43d1-8781-d0930056c8fa",
      "title": "FORD",
      "description": "Kontakt: Henrik Andersson, 019-30 89 84 ​​​​​​​henrik.andersson@holmgrensbil.se Gäller utvalda specifikationer av modeller. Aktuell lista tillhandahålls av återförsäljare vid offertförfrågan. För fabriksmonterade tillval, (s.k. option, exklusive net…",
      "created_by": "Malinda Knudsen",
      "created_date": "2021-03-22T10:02:27",
      "last_modified_by": "",
      "last_modified_date": "2023-09-26T19:34:02",
      "content": "Kontakt: Henrik Andersson, 019-30 89 84​​​​​​​henrik.andersson@holmgrensbil.se \nGäller utvalda specifikationer av modeller. Aktuell lista tillhandahålls av återförsäljare vid offertförfrågan. För fabriksmonterade tillval, (s.k. option, exklusive nettoprissatta tillvalspaket) är rabattsatsen densamma som för respektive bilmodell. För aktuella priser, se http://www.ford.se (http://www.ford.se)\n",
      "url": "https://b3it.sharepoint.com/teams/Rabatterocherbjudanden/SitePages/FORD.aspx"
    },
    {
      "id": "d061b5aa-1961-4a3c-bc24-fc6810f6964c",
      "title": "För hemmet",
      "description": "Här hittar du olika leverantörer och tjänster som kan förenkla din vardag.",
      "created_by": "Malinda Knudsen",
      "created_date": "2019-05-22T11:52:12",
      "last_modified_by": "",
      "last_modified_date": "2022-04-13T10:15:58",
      "content": "Här hittar du olika leverantörer och tjänster som kan förenkla din vardag.\n",
      "url": "https://b3it.sharepoint.com/teams/Rabatterocherbjudanden/SitePages/F%C3%B6r-hemmet.aspx"
    },
    {
      "id": "cc036ec4-7fb4-4c49-b8d7-366ecdae2686",
      "title": "Förmånsbil-rabatt",
      "description": "I samarbete med olika bilförsäljare har vi upprättat ramavtal med rabatter vid inköp av förmånsbil. Nu har vi fler bilmodeller i avtalet. Du navigerar till de olika försäljarna via fliken under förmånsbil. Alla bilköp ska hanteras via AutoPlan B3s s…",
      "created_by": "Malinda Knudsen",
      "created_date": "2020-11-12T08:19:31",
      "last_modified_by": "",
      "last_modified_date": "2023-05-17T09:03:54",
      "content": "I samarbete med olika bilförsäljare har vi upprättat ramavtal med rabatter vid inköp av förmånsbil. Nu har vi fler bilmodeller i avtalet. Du navigerar till de olika försäljarna via fliken under förmånsbil.\nAlla bilköp ska hanteras via AutoPlanB3s samarbetspartner är AutoPlan sedan 2017. För samtliga frågor kring inköp eller hantering av befintlig förmånsbil, vänligen kontakta AutoPlan. Se samtliga kontaktuppgifter för olika typer av frågor nedan. Observera att alla bilar måste hanteras via AutoPlan.Några undantag är äldre bilar som fortfarande finansieras via Alphabet, till avtalets slut. För frågor kring dessa bilar, kontakta Alphabet Fleetsupport på 08-585 360 70 eller  https://www.alphabet.com/sv-se/forarboken (https://www.alphabet.com/sv-se/forarboken).AutoPlan är leverantör för samtliga nybeställningar av förmånsbilar för bolag inom B3-koncernen. Genom samarbetet med AutoPlan får B3 förmånligare finansieringsvillkor och en samlad administration. Via AutoPlan får varje förare som har en förmånsbil hos B3, ett drivmedelskort som ska användas till bilrelaterade köp såsom spolarvätska, biltvätt, drivmedel, ev parkering etc.  AutoPlan skickar dig en månatlig sammanställning med dina kostnader specificerade. AutoPlan erbjuder rabatt på drivmedel hos OK/Q8, Shell, Statoil, Preem och ST1 och väljs i samband med din bilbeställning.Beroende på vilken lönemodell du har - säkerställ att du vet vad som gäller. Vår bilpolicy är skriven så att den täcker in alla lönemodeller. Du kan läsa mer om förmånsbil här  (/teams/Minanstallning/SitePages/F%c3%b6rm%c3%a5nsbil.aspx?web=1)Här kommer lite information från Autoplan avseende bonus-malus-systemet samt bilförmånsberäkningen som planeras att träda i kraft under 2021. Vissa ligger fortfarande bara som förslag medan andra är redan beslutade. Hör gärna av er till oss på AutoPlan om ni har några frågor inför kommande ändringar. Tel.nr 0771-220000 alt mail support@autoplan.se (mailto:support@autoplan.se) Beslutade förslagNedsättning miljöbil försvinnerDen tillfälliga nedsättningen av förmånsvärdet (40% men max 10 000 kr) för bilar med rätt till klimatbonus tas bort 2021-01-01. Det kommer även gälla bilar som redan är uthämtade och tagna i trafik. Eftersom samtliga AutoPlan-förmånsbilar når taket på 10 000 kr per år, så blir effekten av denna förändring 833 kr/månad i ökat förmånsvärde för förare som tidigare haft nedsättningen. Den permanenta nedsättningen av förmånsvärdet som innebär att en bil som helt eller delvis är utrustad med teknik för drift med elektricitet eller med mer miljöanpassade drivmedel än bensin eller dieselolja sätts ned till en nivå som motsvarar förmånsvärdet för en jämförbar bensin- eller dieseldriven bil kvarstår.Förmånsbeskattning för laddningsutrustningFrån och med 2021-01-01 kommer laddningsstationer och laddningskablar som bekostas av arbetsgivaren att förmånsbeskattas. För fast monterade laddningsstationer i hemmet ska förmånen uppgå till marknadsvärdet för laddningsstationen och installationen. För löstagbara laddningsstationer samt utrustning för laddning, t.ex. laddningskablar ska de tas upp som utrustning i den vanliga bilförmånsberäkningen. Ej beslutade förslagNy beräkning för bonus-malus-systemetBonus-Malus kommer enligt förslag ändras för bilar som tas i trafik från och med 2021-04-01. Förslaget har remitterats under hösten 2020 och slutgiltigt beslut planeras att tas under 2021s första kvartal. Ändringen innebär följande:·       Maxutsläppet för att få klimatbonus sänks från 70 g CO2/km till 60 g CO2/km.·       Startsumman för klimatbonusen för bilar som släpper ut CO2 är 45 000 kr, detta minskas sedan med 593 kr per g CO2/km.·       Klimatbonusen höjs från 60 000 kr till 70 000 kr för bilar med noll utsläpp av CO2.·       Klimatbonusen för gasbilar kommer att vara kvar på 10 000 kr som tidigare.·       Grundbeloppet på 360 kr som gäller för samtliga bilar kvarstår.·       För dieselbilar kvarstår bränsletillägget på 13,52kr per gram CO2/km samt miljötillägget på 250kr.·       Gränserna för det förhöjda koldioxidbeloppet kommer att ändras och kostnaden kommer det öka med 25 kr per gram CO2 för båda nivåerna.·       Den nedre gränsen ändras från över 95 g CO2/km till över 90 g CO2/km, med en ökning i kostnad från 82 kr/g CO2 till 107 kr/g CO2.·       Gränsen för när den högre nivån tas ut sänks från över 140 g CO2/km till över 130 g CO2/km, med en ökning i kostnad från 107 kr/g CO2 till 132 kr/g CO2.Hur påverkas ni och era förare?För bilar som tas i trafik efter 2021-04-01 så kommer dessa nya regler att tillämpas för bilen. För en ren elbil kommer klimatbonusen vara 10 000 kr högre än tidigare och för laddhybrider kommer klimatbonusen att vara lägre än tidigare. T.ex. för en laddhybrid som släpper ut 45g CO2/km så kommer klimatbonusen att vara 8 962 kr lägre enligt förslaget. Eftersom Malus-delen i bonus-malus-systemet ändras så höjs fordonsskattenskatten för samtliga bilar som släpper ut mer än 90 gram CO2. Den högre fordonsskatten ökar även förmånsvärdet något genom att fordonsskattekomponenten i förmånsvärdeberäkningen blir större.Ny beräkning för bilförmånsvärdeEnligt förslag kommer beräkningsmodellen för bilförmån att ändras för bilar som tas i trafik efter 2021-07-01. Schablonberäkningen ska enligt förslag ändras genom att beräkningen av två delbelopp ändras, det prisrelaterade beloppet samt det ränterelaterade beloppet. Förslaget är ute på remiss till slutet av januari 2021 och slutgiltigt beslut planeras att tas under våren 2021. Nuvarande beräkning för det prisrelaterade beloppet är 9% av det förmånsgrundande värdet upp till 7,5 prisbasbelopp och 20% av det förmånsgrundande värdet som överstiger 7,5 prisbasbelopp.Den nya föreslagna beräkningen är 13% av det förmånsgrundande värdet för samtliga nivåer av förmånsgrundande värde och därmed försvinner det som brukar kallas för ”lyxbilstillägget”.Nuvarande beräkning för det ränterelaterade beloppet är 75% av statslåneräntan vid utgången av föregående år multiplicerat med det förmånsgrundande värdet. Statslåneräntan som används för uträkningen är som lägst 0,5% och eftersom den varit negativ för 2019 och 2020, används 0,5% som statslåneränta för 2020 och 2021. Formeln för det förmånsgrundande värdet är därför 75%*0,5%=0,375% multiplicerat med det förmånsgrundande värdet.Den nya föreslagna beräkningen är att det förmånsgrundande värdet multipliceras med 70% av statslåneräntan + 1%, d.v.s. 70%*0,5%+1%=1,35%.Hur påverkas ni och era förare?Förslaget medför en genomsnittlig ökning av förmånsvärdet på 26% (ca 1 215 kr i månatligt förmånsvärde) baserat på AutoPlans nuvarande flotta. Genomsnittet jämför om du tar ut en ny bil efter 2021-07-01 med samma förmånsgrundande värde och skattegrundande g CO2/km som AutoPlans nuvarande flotta. Den maximala ökningen är 37% som gäller när man tar ut en bil som kostar 7,5 prisbasbelopp och den procentuella ökningen minskar desto högre det förmånsgrundande värdet är. Förmånsbilar som har ett förmånsgrundande värde på ca. 652 000 kr eller högre kommer att få ett lägre förmånsvärde med den nya beräkningen.Återbetalningskrav för klimatbonus vid export inom 5 årRegeringen har lagt fram ett förslag på återbetalningskrav av klimatbonus vid utlandsexport inom fem år från bilen tagits i trafik. Enligt förslaget skulle detta gälla för klimatbonusbilar tagna i trafik efter 2021-01-01 och den som blir återbetalningsskyldig är den som mottagit klimatbonusen oavsett vem som har exporterat bilen. Förslaget har remitterats under hösten 2020 och svaren från remissinstanserna har i stort varit negativa till förslaget.  Regeringen kommer därför ta fram ett nytt förslag som ska remitteras på nytt och det är troligt att datumet för införandet skjuts på framtiden. Vad som ska ändras är i skrivande stund oklart, men det kan t.ex. röra sig om längden på återbetalningskravet, vem som blir återbetalningsskyldig eller om man blir återbetalningsskyldig för hela beloppet. \n",
      "url": "https://b3it.sharepoint.com/teams/Rabatterocherbjudanden/SitePages/F%C3%B6rm%C3%A5nsbilar.aspx"
    },
    {
      "id": "02044340-f00f-4c3d-9d51-a6344a881496",
      "title": "Friskis & Svettis",
      "description": "B3 har ett nytt samarbete med Friskis och Svettis som ger dig som jobbar på B3 10% rabatt på deras årskort. Vid beställning av träningskort mot faktura ställs fakturan direkt till B3. Beställning sker via e-post till info@sthlm.friskissvettis.se Vid…",
      "created_by": "Malinda Knudsen",
      "created_date": "2023-10-13T14:16:26",
      "last_modified_by": "",
      "last_modified_date": "2024-06-04T07:26:23",
      "content": "B3 har ett nytt samarbete med Friskis och Svettis som ger dig som jobbar på B3 10% rabatt på deras årskort. Vid beställning av träningskort mot faktura ställs fakturan direkt till B3.Beställning sker via e-post till info@sthlm.friskissvettis.se (mailto:info@sthlm.friskissvettis.se)Vid beställning uppges du B3 Consulting Group samt ditt namn, födelsedatum och mejladress för den person som beställningen avser. Ny medlem hämtar ut sitt träningskort på valfri anläggning, mot uppvisande av legitimation. För befintlig medlem laddas befintligt träningskort när beställning administrerats.\n",
      "url": "https://b3it.sharepoint.com/teams/Rabatterocherbjudanden/SitePages/Friskis-%26-Svettis.aspx"
    },
    {
      "id": "6b44e1d5-ad78-47c7-bd23-1914aa0163c4",
      "title": "Gratis provträning i 1 vecka på SATS",
      "description": "Just nu erbjuder SATS oss på B3 Consulting Group att provträna gratis i 1 vecka. Det här ingår i provträningen: 1 gratis vecka på samtliga gym (dock ej SATS Balance City eller SATS Åre) Tillgång till över 100 gruppträningsklasser Tillgång till SATS …",
      "created_by": "Linda Gröning",
      "created_date": "2024-04-30T10:09:59",
      "last_modified_by": "",
      "last_modified_date": "2024-04-30T10:11:50",
      "content": "Just nu erbjuder SATS oss på B3 Consulting Group att provträna gratis i 1 vecka. Det här ingår i provträningen:1 gratis vecka på samtliga gym (dock ej SATS Balance City eller SATS Åre)Tillgång till över 100 gruppträningsklasserTillgång till SATS app  Följ denna länk för att smidigt ansluta dig till gratis träning: https://www.sats.se/forvalt-medlemskap/kostnadsfri-provtraning (https://www.sats.se/forvalt-medlemskap/kostnadsfri-provtraning) Happy training!\n",
      "url": "https://b3it.sharepoint.com/teams/Rabatterocherbjudanden/SitePages/Gratis-provtr%C3%A4ning-i-1-vecka.aspx"
    },
    {
      "id": "b0e7347b-1d86-4dfc-8563-1ccb8c789060",
      "title": "Gymmet",
      "description": "Gymmet har ett erbjudande för dig som jobbar på B3 Priser: Årskort 4395kr (ord. 5495kr) Halvårskort 2695kr (ord. 3095kr) Kvartalskort 1595kr (ord. 1695kr) Månadskort 595kr (ord. 645kr) Autogiro 445kr/345kr* *Bindningstid 12 månader Gymmet finns på f…",
      "created_by": "Malinda Knudsen",
      "created_date": "2022-09-02T12:15:43",
      "last_modified_by": "",
      "last_modified_date": "2023-09-26T19:36:20",
      "content": "Gymmet har ett erbjudande för dig som jobbar på B3 Priser: Årskort 4395kr (ord. 5495kr)Halvårskort 2695kr (ord. 3095kr)Kvartalskort 1595kr (ord. 1695kr)Månadskort 595kr (ord. 645kr)Autogiro 445kr/345kr**Bindningstid 12 månaderGymmet finns på följande orter:Stockholm- Liljeholmen, Årstaängsvägen 33BSundbyberg - Sturegatan 20 Uppsala - Verkstadsgatan 10Västerås - Sintervägen 12Örebro - Nastagatan 8 Luleå - Tunastigen 121Boden - Bondevägen 65, Södra SvartbynKiruna - Österleden 12Gällivare - Treenighetens väg 1  Frågor?Kontakta Amanda Dresh Sandströmamanda@gymmet.nu\n",
      "url": "https://b3it.sharepoint.com/teams/Rabatterocherbjudanden/SitePages/Gymmet.aspx"
    },
    {
      "id": "77ca6c16-4f6c-4326-936d-509a93c44af3",
      "title": "Hälsa",
      "description": "Vi samarbetar med olika företag så att du ska må bra på jobbet. Länkarna hittar du nedan.",
      "created_by": "Linda Gröning",
      "created_date": "2018-10-30T20:16:19",
      "last_modified_by": "",
      "last_modified_date": "2023-10-25T08:32:59",
      "content": " Vi samarbetar med olika företag så att du ska må bra på jobbet. Länkarna hittar du nedan.  \n",
      "url": "https://b3it.sharepoint.com/teams/Rabatterocherbjudanden/SitePages/H%C3%A4lsa.aspx"
    },
    {
      "id": "eed39ea4-0971-4dff-a35e-ea04b53c55f5",
      "title": "AvenirHälsan",
      "description": "Hälsoundersökning hos AvenirHälsan. Detta besök sker på AvenirHälsans mottagning, Kungsholmsgatan 10. Vid hälsokontrollen träffar du en specialistläkare som gör en fullständig kroppslig undersökning och tillsammans med dig går igenom och förklarar r…",
      "created_by": "Malinda Knudsen",
      "created_date": "2018-10-30T19:56:44",
      "last_modified_by": "",
      "last_modified_date": "2024-06-04T07:44:12",
      "content": "Hälsoundersökning hos AvenirHälsan. Detta besök sker på AvenirHälsans mottagning, Kungsholmsgatan 10. Vid hälsokontrollen träffar du en specialistläkare som gör en fullständig kroppslig undersökning och tillsammans med dig går igenom och förklarar resultaten av dina laboratorieanalyser och undersökningar. De kontrollerar ditt blodtryck, längd och vikt samt tar EKG, lungfunktionstest, hörseltest och syntest. Tillsammans diskuterar du och din läkare fram lämpliga åtgärder vid behov. De laboratorieanalyser som de utgår ifrån vid bedömning av din hälsa är:blodkomponenter, njurar, lever, socker, sköldkörtel, järnvärde, blodfetter, blodfetter/kolesterol och urinprov.Det blir två besök på mottagningen , ett för provtagning och ett för uppföljning.​​​​​​​Pris 3200kr inkl. moms För bokning kontakta: Ulrika Steen 070-7986293ulrika@avenirhalsan.com (mailto:ulrika@avenirhalsan.com)Hälsoundersökning och vaccination är en privat kostnad och kan därmed inte tas på ram eller lön.​​​​​​​​​​​​​​Du kan läsa mer om Friskvård & Företagshälsovård i personalhandboken (/teams/Minanstallning/SitePages/Friskv%c3%a5rd.aspx)​​​​​​​För frågor angående din ram eller andra lönefrågor, kontakta: ram@b3.se  \n",
      "url": "https://b3it.sharepoint.com/teams/Rabatterocherbjudanden/SitePages/H%C3%84LSOUNDERS%C3%96KNING.aspx"
    },
    {
      "id": "b64ed62b-c8d5-4077-904d-858171dd52dd",
      "title": "Hemfrid",
      "description": "B3 har tecknat ett avtal med Hemfrid som ger B3-anställda 10% rabatt på deras tjänster. Extra erbjudande just nu! Om du beställer hemstädning varje eller varannan vecka så bjuder Hemfrid på en storstädning vid första tillfället. ​​​​​​​Tjänster hos …",
      "created_by": "Malinda Knudsen",
      "created_date": "2020-04-28T12:57:19",
      "last_modified_by": "",
      "last_modified_date": "2023-09-26T19:33:11",
      "content": "B3 har tecknat ett avtal med Hemfrid som ger B3-anställda 10% rabatt på deras tjänster. Extra erbjudande just nu!Om du beställer hemstädning varje eller varannan vecka så bjuder Hemfrid på en storstädning vid första tillfället. ​​​​​​​Tjänster hos HemfridStorstädning​​​​​​​FönsterputsFlyttstädningFlytthjälpTrädgårdshjälpEnklare HantverkBarnpassning För att förenkla tjänsten hanterar Hemfrid all RUT-administration med Skatteverket och söker detta åt de som använder deras tjänster.​​​​​​​Man kommer därför att få fakturan direkt till sig efter avdrag för RUT.Gå in på  www.hemfrid.se (http://www.hemfrid.se) och bokar den tjänst du önskar – ange erbjudandekod/rabattkod ”B3Consulting” för att ta del av rabatten.För tjänsterna Storstädning, Fönsterputs och Flyttstädning ser du rabatten direkt i bokningsdialogen. För övriga tjänster får du rabatten i den dialog ni är med Hemfrid – efter att du angett en offertförfrågan för tilläggstjänst alternativt bokat in ett startmöte för abonnemangsstädning.​​​​​​​ \n",
      "url": "https://b3it.sharepoint.com/teams/Rabatterocherbjudanden/SitePages/Hemfrid.aspx"
    },
    {
      "id": "a9375a26-c4d2-4958-b6c4-539140327910",
      "title": "Home",
      "description": "Säkerställ att du följer gällande inköpsrutiner vid arbetsrelaterade inköp. Läs gärna mer i Personalhandboken, sidan Inköp .",
      "created_by": "Pernilla Brolin",
      "created_date": "2018-10-27T09:08:44",
      "last_modified_by": "",
      "last_modified_date": "2024-03-28T06:30:48",
      "content": "Säkerställ att du följer gällande inköpsrutiner vid arbetsrelaterade inköp. Läs gärna mer i Personalhandboken, sidan Inköp (/teams/Intranet/SitePages/Ink%c3%b6psf%c3%b6rfr%c3%a5gan.aspx).\n",
      "url": "https://b3it.sharepoint.com/teams/Rabatterocherbjudanden/SitePages/Home.aspx"
    },
    {
      "id": "c2059621-639d-4bf0-88e4-98802dfe00fc",
      "title": "HomeMaid besöker W2",
      "description": "Vår samarbetspartner HomeMaid vet hur otroligt skönt det är att komma hem till ett nystädat hem. Och att det ibland är svårt att få tiden att räcka till. Det är därför HomeMaid finns och de är proffs på all typ av städ. Du som anställd på B3 har för…",
      "created_by": "Linda Gröning",
      "created_date": "2024-05-23T07:56:11",
      "last_modified_by": "",
      "last_modified_date": "2024-05-23T08:18:37",
      "content": "Vår samarbetspartner HomeMaid vet hur otroligt skönt det är att komma hem till ett nystädat hem. Och att det ibland är svårt att få tiden att räcka till. Det är därför HomeMaid finns och de är proffs på all typ av städ. Du som anställd på B3 har förmånen att få specialpris vid tecknande av abonnemang samt förmånliga priser på utvalda engångstjänster.Klicka här (/teams/Rabatterocherbjudanden/SitePages/Erbjudande-hos-HomeMaid.aspx) för att se vårt B3-erbjudande. Onsdagen den 19 juni kommer HomeMaid och besöker W2. Så passa på att boka in fönsterputs, storstädning av sommarstugan eller varför inte unna dig ett abonnemang på hemstäd. Varmt välkommen till Caféet mellan kl 11.00-13.00.  /Linda\n",
      "url": "https://b3it.sharepoint.com/teams/Rabatterocherbjudanden/SitePages/HomeMaid-bes%C3%B6ker-W2.aspx"
    },
    {
      "id": "43592ba7-9d10-4d5b-a7fe-db83fe8c1406",
      "title": "Hotel Birger Jarl & Hotel Tegnérlunden",
      "description": "Rabatt på Hotel Birger Jarl och Hotel Tegnérlunden Båda hotellen ligger endast 5 minuters promenad från Kontoret på Wallingatan 2. Logibokning B3 erhåller 18% rabatt på hotellövernattning på Hotel Birger Jarl och Hotel Tegnérlunden. De rabatterade r…",
      "created_by": "Malin Strengberg",
      "created_date": "2021-12-14T08:54:58",
      "last_modified_by": "",
      "last_modified_date": "2024-05-06T09:32:02",
      "content": "Rabatt på Hotel Birger Jarl och Hotel Tegnérlunden Båda hotellen ligger endast 5 minuters promenad från Kontoret på Wallingatan 2. Logibokning B3 erhåller 18% rabatt på hotellövernattning på Hotel Birger Jarl och Hotel Tegnérlunden. De rabatterade rumspriserna inkluderar frukostbuffé.Fritt WI-FI, tillgång till business center och gym. Garageplats mot avgift.Grupper >9 personer offereras separat.Bokning sker via hemsidanUppge er kod: B3CONSULT Rabatten gäller även vid privat vistelse.  Avbokning av individuella logibokningar får ske fram till kl. 14:00 på ankomstdagen.Separata villkor gäller för grupper >9 rum.Betalning sker direkt till hotellet.Fakturering kan ske om kostanden överstiger 5000:-Meddela hotellet senast 3 dagar innan vistelsen om fakturering önskas.https://www.birgerjarl.se/ (https://www.birgerjarl.se/)https://www.birgerjarl.se/hotel-tegnerlunden/ (https://www.birgerjarl.se/hotel-tegnerlunden/)KonferensrabattSom avtalskund erhåller B3 15% på lokalhyran på Hotel Birger Jarls konferensavdelning. För konferens på Hotel Birger Jarl vänligen kontakta vår bokningsavdelning på group.meeting@birgerjarl.se. Hotel Birger Jarl har en stor konferensavdelning med rum i alla storlekar.Congressen 350p biosittning (Kan delas upp i 3 sektioner)Team 65p i bio Spirit 65p i bio Feel 40p i bio  (Feel och Flow går att öppna upp och tar då 80p i bio)Flow 40p i bio Focus 40p i bio Tabletalk 16p styrelseLets talk 10p i styrelse Casual 10p i styrelsehttps://www.birgerjarl.se/konferens (https://www.birgerjarl.se/konferens) \n",
      "url": "https://b3it.sharepoint.com/teams/Rabatterocherbjudanden/SitePages/Hotel-Birger-Jarl-%26-Hotel-Tegn%C3%A9rlunden.aspx"
    },
    {
      "id": "14e3d2a4-b520-4e18-be9e-df597a56edad",
      "title": "KIA",
      "description": "Kia Motors Sweden AB ​​​​​​​ Kontakt: Björkmans Bil ​​​​​​​Melker Segerstedt 070-753 95 57 melker.segerstedt@bjorkmansbil.se​​​​​​​​​​​​​​ Avtalade rabatter: ​​​​​​​Uppdaterad 2024-04-23",
      "created_by": "Linda Gröning",
      "created_date": "2021-01-07T11:55:49",
      "last_modified_by": "",
      "last_modified_date": "2024-05-21T14:17:21",
      "content": "Kia Motors Sweden AB​​​​​​​Kontakt: Björkmans Bil​​​​​​​Melker Segerstedt 070-753 95 57melker.segerstedt@bjorkmansbil.se​​​​​​​​​​​​​​ Avtalade rabatter: ​​​​​​​Uppdaterad 2024-04-23\n",
      "url": "https://b3it.sharepoint.com/teams/Rabatterocherbjudanden/SitePages/KIA.aspx"
    },
    {
      "id": "f74620d8-2393-49f7-aa6c-bda4715f9b61",
      "title": "Komplett upp till 15%",
      "description": "B3 har tecknat ett ramavtal med Komplett.se, vilket innebär rabatt på utvalda varor. Rabatten är upp till 20%. Du kan antingen ringa eller maila in din beställning till komplett via order@komplettforetag.se eller 08-664 46 00. Var noga med att uppge…",
      "created_by": "Linda Gröning",
      "created_date": "2018-10-30T20:36:07",
      "last_modified_by": "",
      "last_modified_date": "2024-05-21T13:36:01",
      "content": "B3 har tecknat ett ramavtal med Komplett.se, vilket innebär rabatt på utvalda varor.Rabatten är upp till 20%.Du kan antingen ringa eller maila in din beställning till komplett via order@komplettforetag.se (mailto:order@komplettforetag.se) eller 08-664 46 00.Var noga med att uppge ditt för- och efternamn som referens vid beställning, samt använda din mailadress för B3.det är väldigt viktigt att du anger rätt bolag vid din beställning. Var noga med att uppge rätt leveransadress. Komplett erbjuder också dig som privatperson rabatterna. För att logga in som privatkund, se Komplett - Registrering av privatkonto. Viktigt att även då ange mailadress för B3, detta är deras bekräftelse på att du arbetar på B3.                                                                          \n",
      "url": "https://b3it.sharepoint.com/teams/Rabatterocherbjudanden/SitePages/Komplett.aspx"
    },
    {
      "id": "cd7de7ec-266c-44d5-a738-85f68e124195",
      "title": "Löplabbet",
      "description": "Som B3 anställd får du 20% rabatt på skor och kläder (elektronik 10%) på Löplabbets alla butiker i Sverige. Gäller under hela 2024. Så här går det till: I butik: uppge B3 och din mailadress. Hänvisa till Daniel Wiberg om det blir problem. Webshop : …",
      "created_by": "Linda Gröning",
      "created_date": "2019-04-01T13:19:51",
      "last_modified_by": "",
      "last_modified_date": "2024-03-20T15:26:10",
      "content": "Som B3 anställd får du 20% rabatt på skor och kläder (elektronik 10%) på Löplabbets alla butiker i Sverige. Gäller under hela 2024.Så här går det till:I butik: uppge B3 och din mailadress. Hänvisa till Daniel Wiberg om det blir problem.Webshop :  B3LL2024(gäller ej elektronik, det kan man bara handla i butik) www.loplabbet.se (http://www.loplabbet.se)För er som inte känner till kedjan så är det en svensk butikskedja inriktad på löpning och omfattar 21 butiker från Malmö i söder till Umeå i norr. Butikerna säljer skor, kläder, väskor, energi, solglasögon, våtdräkter samt övrig säsongsrelaterad utrustning.\n",
      "url": "https://b3it.sharepoint.com/teams/Rabatterocherbjudanden/SitePages/L%C3%B6plabbet.aspx"
    },
    {
      "id": "4d5b9f59-9ba0-4502-928d-72b08977e7a4",
      "title": "MABI hyrbilar",
      "description": "I samarbete med MABI så kan du nu hyra bil för dina arbetsrelaterade resor till ett bra pris. MABI ger även en rabatt på 10% för dina privata resor, se personalförmån nedan. Avtalet är baserat på uthyrning av personbilar samt minibussar. Nedan framg…",
      "created_by": "Malinda Knudsen",
      "created_date": "2021-09-14T08:55:10",
      "last_modified_by": "",
      "last_modified_date": "2023-09-26T19:37:35",
      "content": "I samarbete med MABI så kan du nu hyra bil för dina arbetsrelaterade resor till ett bra pris.MABI ger även en rabatt på 10% för dina privata resor, se personalförmån nedan. Avtalet är baserat på uthyrning av personbilar samt minibussar.Nedan framgår ett rabatterat pris på de vanligaste bilgrupperna i MABIs vagnpark.Vid förhyrning av övriga bilgrupper och modeller tillämpas Lokalprislista – 10 % rabatt.Dessa priser gäller på samtliga orter i Sverige där MABI finns representerade. Alla priser, förutom månadshyra, är baserade på fri körsträcka.www.mabi.se (https://www.mabi.se)Personalförmån: För det privata hyrbilsbehovet erbjuds samtliga anställda inom B3 att boka rabatterade hyrbilar påwww.mabi.se vilket ger 10% rabatt på MABIs lägsta webbpriser.Ange kampanjkod: PFMRespektive anställd betalar hyran med privat kreditkort.\nSkadekostnadsskydd: Skadeskydd Halv innebär att kostnaden vid skada på förhyrt fordon reduceras f n från 12 000 kr till 6 000 kr vid eget vållande eller okänd motpart samt även vid ev. skadegörelse, stöld, stöldförsök eller inbrott.Skadeskydd Hel, eliminerar kostnaden vid skada på förhyrt fordon till 0 kr vid eget vållande eller okänd motpart samt även vid ev. skadegörelse, stöld, stöldförsök eller inbrott. Kan endast tecknas för personbilar och minibussar.Är föraren under 24 år och vållande till skada utgår ett ungdomsskadekostnadsuttag om 1 600 kr/skadetillfälle. Detta gäller oavsett ovan försäkringstillägg. Observera att tecknat skadeskydd ej gäller för skada på inredning eller om skada uppkommit genom vårdslöshet eller uppsåt.Hyresvillkor:Se Allmänna hyresvillkor (www.mabi.se/villkor (https://www.mabi.se/villkor)) för detaljerad information om varjehyrestillfälle relaterat avtalet. Observera att de angivna självriskerna i de Allmänna hyresvillkoren inkluderar moms.\n",
      "url": "https://b3it.sharepoint.com/teams/Rabatterocherbjudanden/SitePages/MABI-hyrbilar.aspx"
    },
    {
      "id": "44bacb34-8a1d-44ab-9711-e5019a2a3aa3",
      "title": "Multitasking",
      "description": "Multitasking är helhetsleverantör av produkter och tjänster inom IT infrastruktur till företag. Personalen på Multitasking kommer från Apple och Apple återförsäljare och Multitasking har levererat till B3-anställda sedan 2012. Rabatter: Mac datorer …",
      "created_by": "Malinda Knudsen",
      "created_date": "2019-08-23T08:32:59",
      "last_modified_by": "",
      "last_modified_date": "2023-03-14T09:54:17",
      "content": "Multitasking är helhetsleverantör av produkter och tjänster inom IT infrastruktur till företag.Personalen på Multitasking kommer från Apple och Apple återförsäljare och Multitasking har levererat till B3-anställda sedan 2012.Rabatter:Mac datorer 5%AppleCare+ 10%iPhone, iPad, iPod 2%Apple tillbehör 5%Apple Watch 3%Apple TV 5%PC datorer och övrigt sortiment enligt offertFör beställningar, reklamationer eller serviceärenden kontakta:Saša Radisavljević, sasa@multitasking.se (mailto:sasa@multitasking.se) +46 722-52 92 42​​​​​​​\n",
      "url": "https://b3it.sharepoint.com/teams/Rabatterocherbjudanden/SitePages/Multi.aspx"
    },
    {
      "id": "3840c235-cb16-486c-9372-025fc2f3beee",
      "title": "PACE STHLM",
      "description": "Erbjudande hos PACE STHLM Hos PACE STHLM har du möjlighet att träna i deras nyrenoverade gym. De har en lokal på 1000 kvm som inrymmer en fullskalig maskinpark och friviktsyta samt flera stora salar för gruppträning. Det finns utrustning för styrket…",
      "created_by": "Malinda Knudsen",
      "created_date": "2023-06-09T13:10:20",
      "last_modified_by": "",
      "last_modified_date": "2023-06-09T13:25:58",
      "content": "Erbjudande hos PACE STHLM Hos PACE STHLM har du möjlighet att träna i deras nyrenoverade gym. De har en lokal på 1000 kvm som inrymmer en fullskalig maskinpark och friviktsyta samt flera stora salar för gruppträning. Det finns utrustning för styrketräning, konditionsmaskiner och golfsimulatorer.  PRIS GYM, GRUPPTRÄNING & GOLFSIMULATORERMed koden B320 erhåller alla anställda på B3 20% rabatt på gymkort & gruppträning samt medlemskap anpassade för golfsimulatorer.  GRUPRTRÄNING (exklusivt för B3)Med PACE-instruktör 1800kr per timmeMed egen instruktör 1200kr per timme Pris ex moms PACE STHLM ligger på Gästrikegatan 10, Stockholm Kontakt vid frågor support@pacesthlm.se (https://pacesthlm.se) \n",
      "url": "https://b3it.sharepoint.com/teams/Rabatterocherbjudanden/SitePages/PACE-STHLM.aspx"
    },
    {
      "id": "082ea267-dd3e-4ee7-ad8e-a8e0462d9d98",
      "title": "Rabatt på årskort hos Nordic Wellness",
      "description": "Nordic Wellness erbjuder 25% rabatt på deras årskort. Du kan mot uppvisande av bevis för anställning provträna en vecka kostnadsfritt innan du blir medlem. Du kan endast nyttja din rabatt genom Nordic Wellness receptioner, ej genom onlineköp på hems…",
      "created_by": "Malinda Knudsen",
      "created_date": "2021-03-22T08:22:07",
      "last_modified_by": "",
      "last_modified_date": "2023-09-26T19:35:40",
      "content": "Nordic Wellness erbjuder 25% rabatt på deras årskort.Du kan mot uppvisande av bevis för anställning provträna en vecka kostnadsfritt innan du blir medlem.Du kan endast nyttja din rabatt genom Nordic Wellness receptioner, ej genom onlineköp på hemsidan.I bifogad PDF nedan ser du samtliga villkor.  Gäller på alla Nordic Wellness klubbar, undantaget är Hönö och Kinna.\n",
      "url": "https://b3it.sharepoint.com/teams/Rabatterocherbjudanden/SitePages/Rabatt-p%C3%A5-%C3%A5rskort-hos-Nordic-Wellness.aspx"
    },
    {
      "id": "7600d9b9-5aa2-4a84-9827-c3060de0b687",
      "title": "Resebyrå för flygresor inom tjänsten",
      "description": "I samarbete med GoWorldwide finns möjlighet att få hjälp med att boka dina flygresor i tjänsten. GoWorldwide tar fram förslag efter dina önskemål och fakturerar sedan så du inte behöver göra utlägg. För hjälp med resor så kontaktar du Roger på GoWor…",
      "created_by": "Malinda Knudsen",
      "created_date": "2023-08-25T12:12:40",
      "last_modified_by": "",
      "last_modified_date": "2023-08-25T14:56:07",
      "content": "I samarbete med GoWorldwide finns möjlighet att få hjälp med att boka dina flygresor i tjänsten.GoWorldwide tar fram förslag efter dina önskemål och fakturerar sedan så du inte behöver göra utlägg.För hjälp med resor så kontaktar du Roger på GoWorldwide Mejl: roger@goworldwide.seTelefon: 070-450 98 84 När du beställer din resa är det viktigt att följande information kommer med:BolagNamn på beställaren/resenärenInformation om vem som ska ta kostnaden bolaget/RAM/Lön Ha en dialog med din chef innan du bokar.Vi förespråkar alltid tåg i första hand och information om tågresor med SJ hittar du här  (/teams/Rabatterocherbjudanden/SitePages/SJ.aspx) \n",
      "url": "https://b3it.sharepoint.com/teams/Rabatterocherbjudanden/SitePages/Resebyr%C3%A5-f%C3%B6r-flygresor-inom-tj%C3%A4nsten.aspx"
    },
    {
      "id": "43b51ce0-4eb6-48be-9171-b437ac4a2990",
      "title": "Hotel och resor",
      "description": "Nedan hittar du länkar till de vi leverantörer vi samarbetar med Pst.. Vissa hotell ger rabatt även på privata vistelser.",
      "created_by": "Malinda Knudsen",
      "created_date": "2018-10-30T20:51:15",
      "last_modified_by": "",
      "last_modified_date": "2023-08-25T14:53:44",
      "content": "Nedan hittar du länkar till de vi leverantörer vi samarbetar med Pst.. Vissa hotell ger rabatt även på privata vistelser. \n",
      "url": "https://b3it.sharepoint.com/teams/Rabatterocherbjudanden/SitePages/Resor,-hotel-och-hyrbil.aspx"
    },
    {
      "id": "a5b3a2d0-df9a-4c99-84ca-f996844baf99",
      "title": "SATS",
      "description": "Välkommen till SATS Som anställd på B3 har du 16% rabatt på SATS medlemskap! Under vecka 19-21 erbjuds antsällda på B3 Consulting Group att träna gratis i 1 vecka. Följ länken nedan för att ta del av erbjudandet. https://www.sats.se/forvalt-medlemsk…",
      "created_by": "Linda Gröning",
      "created_date": "2018-10-31T16:42:16",
      "last_modified_by": "",
      "last_modified_date": "2024-05-02T09:19:03",
      "content": "Välkommen till SATSSom anställd på B3 har du 16% rabatt på SATS medlemskap!Under vecka 19-21 erbjuds antsällda på B3 Consulting Group att träna gratis i 1 vecka. Följ länken nedan för att ta del av erbjudandet. https://www.sats.se/forvalt-medlemskap/kostnadsfri-provtraning (https://www.sats.se/forvalt-medlemskap/kostnadsfri-provtraning)Med alla positiva effekter som träning har på både kropp och hjärna är det ett självklart val att träna. Forskningen visar att fysisk aktivitet har en positiv effekt på stresshantering, inlärning, minne, kreativitet, koncentration och intelligens. Utöver det kommer ett aktivt liv minska risken för bland annat depression, ångest och demens.Sats vill inspirera dig till ett aktivt liv, där belöningen är ett överskott av energi i vardagen och ett friskare och lyckligare liv.För att ta del av rabattavtalet, scanna QR koden nedan, fyll i dina uppgifter och skriv in vilket bolag som du arbetar på. Se instruktioner i nedan bild.Betalning sker antingen via faktura till företaget som i sin tur gör eventuella löneavdrag eller via autogiro.Har du några frågor kan ni maila till vår kontaktperson Mikael Fykén på mikael.fyken@sats.se (mailto:mikael.fyken@sats.se)Lycka till med din träning! \n",
      "url": "https://b3it.sharepoint.com/teams/Rabatterocherbjudanden/SitePages/SATS.aspx"
    },
    {
      "id": "1957924d-4750-4a0e-9275-dcccb663f242",
      "title": "Scandic",
      "description": "Vi har ett nytt avtal med Scandic som ger upp till 20% rabatt på hotellvistelse Rabatten är baserad på hur många dagar innan ankomst du bokar. För bokning 0–14 dagar innan ankomst ger 10% rabatt För bokning 15–28 dagar innan ankomst ger 15% rabatt F…",
      "created_by": "Linda Gröning",
      "created_date": "2018-10-31T20:17:30",
      "last_modified_by": "",
      "last_modified_date": "2024-05-21T13:22:51",
      "content": "Vi har ett nytt avtal med Scandic som ger upp till 20% rabatt på hotellvistelse Rabatten är baserad på hur många dagar innan ankomst du bokar.För bokning 0–14 dagar innan ankomst ger 10% rabatt För bokning 15–28 dagar innan ankomst ger 15% rabatt För bokning 29+ dagar innan ankomst ger 20% rabattCorporate Web Only priser är dynamiska och är automatiskt kopplade till Scandic’s publika prisprodukt FLEX och inkluderar frukost.Avtalspriser där ovan angivna rabatter är kopplade till Scandic’s publika prisprodukt FLEX, är baserade på tillgång och efterfrågan och kan förändras på daglig basis.En högre rabatt kan erbjudas i det fall bokningen förskottsbetalats vid bokningstillfället.Bokning som förskottsbetalats kan inte ombokas och vid avbokning sker ingen återbetalning.Corporate Web Only rabatter är också tillgängliga på Scandic’s hotell i Danmark, Finland, Tyskland, Norge och Polen. Notera att tillgängligheten kan variera jämfört med Sverige.Bokning sker via Scandic’s hemsida(alla hotell inom Scandic kan bokas via hemsidan)www.scandichotels och sedan .de, .dk, .fi, .no, .se eller .comVid bokning anges D000048329 för att rabatt ska utgå.Rabatt på mötespaketScandic erbjuder även 8% rabatt på mötespaket i Sverige.Vid bokning anges D000048329 för att rabatt ska utgå.Närmaste Scandic hotell till våra kontor:Borlänge - ScandicGävle - Scandic CHGöteborg - Scandic Göteborg CentralJönköping - Scandic PortalenLinköping - Scandic Frimurarehotellet & Scandic Linköping CityMalmö - Scandic St JörgenStockholm - Scandic Haymarket, Scandic No 53 & Scandic Grand CentralSundsvall - Scandic Sundsvall CityÖrebro - Scandic Grand Örebro \n",
      "url": "https://b3it.sharepoint.com/teams/Rabatterocherbjudanden/SitePages/Scandic.aspx"
    },
    {
      "id": "54b9d63f-ff42-430b-b17c-4bb00342c8ff",
      "title": "SEAT",
      "description": "SEAT ​​​​​​​ Kontakt: Försäljning Seat Sätra Felix Arvidsson, 070-089 28 08 felix.arvidsson@seatsthlm.se Nedanstående rabatter kan ej kombineras med kampanjpriser. Ej heller med tillfälliga erbjudanden eller specialpriser. Vissa utrustningsdetaljer …",
      "created_by": "Malinda Knudsen",
      "created_date": "2021-01-07T12:08:13",
      "last_modified_by": "",
      "last_modified_date": "2023-09-26T19:34:59",
      "content": "SEAT​​​​​​​Kontakt: Försäljning Seat SätraFelix Arvidsson, 070-089 28 08 felix.arvidsson@seatsthlm.seNedanstående rabatter kan ej kombineras med kampanjpriser. Ej heller med tillfälliga erbjudanden eller specialpriser. Vissa utrustningsdetaljer samt utrustningspaket är nettoprissatta, och omfattas ej heller av nedanstående rabatter. De detaljer och paket som ej omfattas av rabatt framgår av Cirkaprislista Stockholm.Rabattsatsen i avtalet är baserad på cirkaprislistan \n",
      "url": "https://b3it.sharepoint.com/teams/Rabatterocherbjudanden/SitePages/SEAT.aspx"
    },
    {
      "id": "3dee14e5-fb45-407d-b214-77ab1f19b1f0",
      "title": "SJ",
      "description": "För att komma igång behöver du registrera dig som användare. När du registerar dig ska du ansluta dig till ditt bolags kundnummer. För information om kundnummer  kontakta receptionen (​​​​​​​backoffice@b3.se) När du bokar din resa finns följande bet…",
      "created_by": "Malinda Knudsen",
      "created_date": "2019-05-03T12:08:30",
      "last_modified_by": "",
      "last_modified_date": "2023-05-25T16:03:38",
      "content": "För att komma igång behöver du registrera (https://www.sj.se/sv/foretag/skapa-konto-sj-biz.html#/) dig som användare.När du registerar dig ska du ansluta dig till ditt bolags kundnummer. För information om kundnummer  kontakta receptionen (​​​​​​​backoffice@b3.se)När du bokar din resa finns följande betalsätt att välja mellan kontokort, swish eller företagsfaktura. Kostnad för resa tas mot ramen, för dig som inte har ram, enligt överenskommelse med din närmaste chef.Se bild nedan om hur du registrerar dig.\n",
      "url": "https://b3it.sharepoint.com/teams/Rabatterocherbjudanden/SitePages/SJ.aspx"
    },
    {
      "id": "27ab8a57-f4dd-49cc-b8ba-4e8715864f3c",
      "title": "SKODA",
      "description": "Skoda Kontakt: Din Bil Skoda Täby Niklas Haglund, 08-503 339 06 eller 070-086 45 25 niklas.haglund@dinbil.se Har hand om offertförfrågningar, provkörningar och beställning av bilar. Kontakt: Din Bil Sverige Richard Welstadius, 0700-86 47 27 richard.…",
      "created_by": "Linda Gröning",
      "created_date": "2021-01-07T12:01:14",
      "last_modified_by": "",
      "last_modified_date": "2024-05-21T14:10:53",
      "content": "Skoda Kontakt: Din Bil Skoda TäbyNiklas Haglund, 08-503 339 06 eller 070-086 45 25niklas.haglund@dinbil.se (mailto:niklas.haglund@skodastockholm.se)Har hand om offertförfrågningar, provkörningar och beställning av bilar.Kontakt: Din Bil SverigeRichard Welstadius, 0700-86 47 27richard.welstadius@dinbil.se (mailto:richard.welstadius@dinbil.se)Är ramavtalsansvarig. Uppdaterad 2024-03-28  \n",
      "url": "https://b3it.sharepoint.com/teams/Rabatterocherbjudanden/SitePages/SKODA.aspx"
    },
    {
      "id": "e592993f-048c-4c1d-8385-f66d80998634",
      "title": "Specsavers",
      "description": "B3 har ett avtal för bildskärmsglasögon med Specsavers.. Du som arbetar vid bildskärm minst en timme om dagen har rätt till en synundersökning vartannat år eller vid märkbart försämrad syn, och till bildskärmsglasögon om det skulle visa sig behövas.…",
      "created_by": "Malinda Knudsen",
      "created_date": "2022-02-08T07:58:39",
      "last_modified_by": "",
      "last_modified_date": "2024-06-04T07:39:21",
      "content": "B3 har ett avtal för bildskärmsglasögon med Specsavers..Du som arbetar vid bildskärm minst en timme om dagen har rätt till en synundersökning vartannat år eller vid märkbart försämrad syn, och till bildskärmsglasögon om det skulle visa sig behövas.I avtalet ingår antireflexbehandling SUCL, repskydd samt båge ur Specsavers sortiment upp till 795 kr. Medarbetare som upplever behov ska fylla i en rekvisition och få denna godkänd av närmsta chef. Du kan hämtar din rekvisition här.  (/teams/Rabatterocherbjudanden/Shared%20Documents/Forms/AllItems.aspx?id=/teams/Rabatterocherbjudanden/Shared%20Documents/Specsavers/Specsavers%20rekvisition.pdf&parent=/teams/Rabatterocherbjudanden/Shared%20Documents/Specsavers)Du bokar sedan själv tid för synundersökning på vilken Specsavers-butik som helst, se hemsida www.specsavers.se (http://www.specsavers.se/).Godkänd rekvisition medtages till butiken.Kostnaden betalas direkt till butiken och redovisas som utlägg.​​​​​​​Eventuella tillägg, såsom dyrare bågar eller tunnar glas, bekostas själv.Kom ihåg att synundersökningen fungerar utmärkt även för privata glasögon.Som företagskund hos Specsavers erbjuds alla medarbetare på B3 samt familjemedlemmar 30% rabatt på ett privat par glasögon eller solglasögon.Via Premium Club, förmånsportalen hos Specsavers hämtar du rabattkupongen: https://premiumclub.specsavers.se/wkwqhode (https://premiumclub.specsavers.se/wkwqhode) Kontakt: Li PerssonB2B coordinator070 6 03 54 50   li.persson@specsavers.com (mailto:li.persson@specsavers.com)​​​​​​​Specsavers Företagsavdelning business@specsavers.se \n",
      "url": "https://b3it.sharepoint.com/teams/Rabatterocherbjudanden/SitePages/Specsavers.aspx"
    },
    {
      "id": "136881b3-01f8-41f9-a0ed-4c26f442b523",
      "title": "Synsam",
      "description": "B3 och Synsam har tecknat ett avtal som innebär att du som medarbetare kan beställa: Synundersökning Bågar ur Synsams butiksortiment med ett värde upptill 1399 kr (vårt avtalspris 550 kr) Bildskärmsglas med antireflex och repskydd (pris enligt avtal…",
      "created_by": "Malinda Knudsen",
      "created_date": "2018-10-31T20:41:00",
      "last_modified_by": "",
      "last_modified_date": "2023-09-26T19:38:51",
      "content": "B3 och Synsam har tecknat ett avtal som innebär att du som medarbetare kan beställa: SynundersökningBågar ur Synsams butiksortiment med ett värde upptill 1399 kr (vårt avtalspris 550 kr)Bildskärmsglas med antireflex och repskydd (pris enligt avtal)Blåljusfilter (vårt avtalspris 300kr) Om du som medarbetare vill ha dyrare båge än vad som ingår i avtalet går det bra, du betalar då själva mellanskillnaden från 550 kr till den dyrare bågens pris.​​​​​​​  Kostnad för inköp av bildskärmsglasögon tas på ramen, för dig som inte har ram, enligt överenskommelse med din närmaste chef.Medarbetare som upplever behov ska fylla i en rekvisition och få denna godkänd av närmsta chef. Du kan hämta din rekvisition HÄR (https://media.synsam.se/files/sv-SE/bilaga-synsam-rekvisition_v2.pdf)Du bokar sedan själv tid för synundersökning på Synsam (https://www.synsam.se/boka-synunders%c3%b6kning)Godkänd rekvisition medtages till butiken.​​​​​​​Synsam ger mer:20% rabatt på ett par privata glasögonGlasögon utan kostnad till barnBytesrätt i 90 dagar365 dagars olycksgarantiFria återbesök i 365 dagarLivslång efterjustering av dina glasögonLÄS MER (https://www.synsam.se/kundl%c3%b6fte-f%c3%b6retagskund)\n",
      "url": "https://b3it.sharepoint.com/teams/Rabatterocherbjudanden/SitePages/Synsam.aspx"
    },
    {
      "id": "4a49c807-0f0b-4999-9ebd-4c7e804c8cce",
      "title": "Sport och träning",
      "description": "Nedan hittar du länkar till de leverantörer vi samarbetar med.",
      "created_by": "Malinda Knudsen",
      "created_date": "2018-10-31T16:38:16",
      "last_modified_by": "",
      "last_modified_date": "2024-03-21T08:47:55",
      "content": "Nedan hittar du länkar till de leverantörer vi samarbetar med.\n",
      "url": "https://b3it.sharepoint.com/teams/Rabatterocherbjudanden/SitePages/Tr%C3%A4na.aspx"
    },
    {
      "id": "90b063c6-e15e-4408-a9a9-19b66ee7a354",
      "title": "Vaccinering mot säsongsinfluensan på Tegnérgatan 23",
      "description": "Avenirhälsan erbjuder dig som medarbetare på B3 vaccinering mot influensa.​​​ Från den 7 november kan man börja att vaccinera sig mot säsongsinfluensan runt om i Sverige. Influensa orsakas av virus och är mycket smittsamt. Viruset smittar genom luft…",
      "created_by": "Linda Gröning",
      "created_date": "2023-05-04T20:07:06",
      "last_modified_by": "",
      "last_modified_date": "2023-10-30T10:00:43",
      "content": "Avenirhälsan erbjuder dig som medarbetare på B3 vaccinering mot influensa.​​​ Från den 7 november kan man börja att vaccinera sig mot säsongsinfluensan runt om i Sverige. Influensa orsakas av virus och är mycket smittsamt. Viruset smittar genom luften och sprids framför allt om någon som är sjuk hostar eller nyser.​​​​​​​Du kan skydda dig mot influensa genom att vaccinera dig. Avenirhälsan kommer till Tegnergatan 23 vid två tillfällen, då möjligheten till influensavaccinering erbjuds. Anmälan och tider:Måndag 13 november 2023 kl. 16:00-17:30Tisdag 14 november 2023 kl. 08:00-09:30 OBS: Ändrad tid till kl 08:00-09:30 Kostnad: Influensavaccin 400 kronor/person. Betalas med Swish Plats: Vilorummet vid projektytan på Tegnérgatan 23, StockholmFör att vi ska veta hur många vaccin som ska förberedas så kör vi ingen drop-in utan du bokar din tid här:Länk till anmälan (/%3ax%3a/t/Rabatterocherbjudanden/EcskdfSPFddCrnghsOE29HkB-OQhK6DFP_gkn7ckXwAZOw?e=ARpqVz) Inför vaccinationen så ska en hälsodeklaration fyllas i och den laddar du ner  här (/%3aw%3a/r/teams/Rabatterocherbjudanden/_layouts/15/Doc.aspx?sourcedoc=%7b62BB7324-A0A7-4ECA-9559-B3E6D5A25B03%7d&file=H%c3%a4lsodeklaration%20inf%c3%b6r%20vaccination.odt&action=default&mobileredirect=true&cid=ab8f49aa-69f5-4783-a0e6-b3940576f7bb)OBS Ladda hem blanketten till din egen dator innan du börjar fylla i dina uppgifter. Vaccination är en privat kostnad och kan därmed inte tas på ram eller lön. Du kan läsa mer om Friskvård & Företagshälsovård i personalhandboken (/teams/Minanstallning/SitePages/Personalhandbok.aspx) Vaccinationen tar ett par minuter bara och tids-bokas i länken ovan. Anmälan är inte bindande utan den tar vi in för att kunna planera antalet vaccin.Skulle du få förhinder så avboka gärna din tid genom samma länk ovan så den blir tillgänglig för någon annan.  För frågor angående vaccinet och annat angående Avenirhälsans erbjudande, kontakta:Avenirhälsan e-mail: info@avenirhalsan.se (mailto:info@avenirhalsan.se) För frågor angående din ram eller andra lönefrågor, kontakta: ram@b3.se (mailto:ram@b3it.se)  \n",
      "url": "https://b3it.sharepoint.com/teams/Rabatterocherbjudanden/SitePages/Vaccination-mot-TBE.aspx"
    },
    {
      "id": "8f89fb50-a028-4320-9bed-eaf8419fa702",
      "title": "VOLKSWAGEN",
      "description": "Volkswagen Kontakt: Volkswagen Kista Joakim Arenander, 08-503 332 67 joakim.arenander@dinbil.se Har hand om offertförfrågningar, provkörningar och beställning av bilar. Kontakt: Din Bil Sverige Richard Welstadius, 0700-86 47 27 richard.welstadius@di…",
      "created_by": "Linda Gröning",
      "created_date": "2021-01-07T12:11:33",
      "last_modified_by": "",
      "last_modified_date": "2024-05-21T14:05:15",
      "content": "Volkswagen Kontakt: Volkswagen KistaJoakim Arenander, 08-503 332 67joakim.arenander@dinbil.se (mailto:joakim.arenander@dinbil.se)Har hand om offertförfrågningar, provkörningar och beställning av bilar.Kontakt: Din Bil SverigeRichard Welstadius, 0700-86 47 27richard.welstadius@dinbil.se (mailto:richard.welstadius@dinbil.se)Är ramavtalsansvarig. Nedanstående rabatter kan ej kombineras med kampanjpriser. Ej heller med tillfälliga erbjudanden eller specialpriser.​​​​​​​Vissa utrustningsdetaljer samt utrustningspaket är nettoprissatta, och omfattas ej heller av nedanstående rabatter. De detaljer och paket som ej omfattas av rabatt framgår av Cirkaprislista Stockholm.Rabattsatsen i avtalet är baserad på cirkaprislistan.Uppdaterad 2024-03-28 \n",
      "url": "https://b3it.sharepoint.com/teams/Rabatterocherbjudanden/SitePages/VOLKSWAGEN.aspx"
    },
    {
      "id": "7c0ac1f1-7010-4c5a-a0dd-df7e5ba4db2d",
      "title": "VOLVO",
      "description": "Volvo Car Kontakt: VOLVO Car Sverige AB John Lalin 076-720 01 63 john.lalin@volvocarretail.se Avtalstid: 2024-02-01--2027-02-01",
      "created_by": "Linda Gröning",
      "created_date": "2021-01-07T11:59:27",
      "last_modified_by": "",
      "last_modified_date": "2024-05-21T14:12:17",
      "content": "Volvo CarKontakt: VOLVO Car Sverige ABJohn Lalin 076-720 01 63john.lalin@volvocarretail.se (mailto:john.lalin@volvocarretail.se)Avtalstid: 2024-02-01--2027-02-01 \n",
      "url": "https://b3it.sharepoint.com/teams/Rabatterocherbjudanden/SitePages/VOLVO.aspx"
    },
    {
      "id": "e3ea65ee-56c5-434c-9ffe-71ba8f3d1c6e",
      "title": "Webhallen",
      "description": "Vid beställning hos Webhallen gäller följande: Vid beställning gå in via denna länk Alla bolag har egna inloggningar och det är ansvarig för varje bolag som har inloggningsuppgifter. (Inloggningsuppgifter för B3 Consulting Group AB - kontakta Linda …",
      "created_by": "Malinda Knudsen",
      "created_date": "2018-10-30T19:37:06",
      "last_modified_by": "",
      "last_modified_date": "2023-09-26T19:32:52",
      "content": " Vid beställning hos Webhallen gäller följande:Vid beställning gå in via denna länk (https://www.webhallen.com/)Alla bolag har egna inloggningar och det är ansvarig för varje bolag som har inloggningsuppgifter.                                                                                                               (Inloggningsuppgifter för B3 Consulting Group AB - kontakta Linda i backofficeOm du får avslag av Webhallen vid beställning eller har andra frågor så kan du maila b2b@webhallen.com (mailto:b2b@webhallen.com) alternativt ringa 08-673 60 01.Webhallen erbjuder oss rabatter där de har spelrum då Webhallens priser redan är pressade. Ni får reda på ev. aktuell rabatt vid beställning.Vid eventuell uthämtning i butik så kommer butiken motringa respektive ansvarig för kontot för att försäkra sig om att du som beställt jobbar på B3. \n\n",
      "url": "https://b3it.sharepoint.com/teams/Rabatterocherbjudanden/SitePages/Webhallen.aspx"
    }
  ]
}