{
  "name": "sam",
  "description": "SAM Systematiskt ArbetsMiljöarbete",
  "url": "https://b3it.sharepoint.com/teams/sam",
  "pages": [
    {
      "id": "a199ce7f-d4e4-40c1-8eb8-5976d9b86a2d",
      "title": "Startsida",
      "description": "",
      "created_by": "Systemkonto",
      "created_date": "2019-09-07T09:57:00",
      "last_modified_by": "",
      "last_modified_date": "2019-09-07T09:57:00",
      "content": "",
      "url": "https://b3it.sharepoint.com/teams/sam/SitePages/Home.aspx"
    }
  ]
}