{
  "name": "Santander Bank",
  "description": "Upphandling för Santander Bank",
  "url": "https://b3it.sharepoint.com/teams/SantanderBank",
  "pages": [
    {
      "id": "e09df606-2a16-496e-9467-fdfca2ec882c",
      "title": "Startsida",
      "description": "",
      "created_by": "Systemkonto",
      "created_date": "2019-10-05T08:37:03",
      "last_modified_by": "",
      "last_modified_date": "2019-10-05T08:37:03",
      "content": "",
      "url": "https://b3it.sharepoint.com/teams/SantanderBank/SitePages/Home.aspx"
    }
  ]
}