{
  "name": "SPAM",
  "description": "Har du något du vill dela med dig men det vore att skicka spam till alla? Inte här! Det är bara att köra på.",
  "url": "https://b3it.sharepoint.com/teams/spam",
  "pages": [
    {
      "id": "eee6d48b-7f4a-4e26-8776-ee0c5dd75ef8",
      "title": "Home",
      "description": "",
      "created_by": "Systemkonto",
      "created_date": "2024-01-14T00:35:57",
      "last_modified_by": "",
      "last_modified_date": "2024-01-14T00:35:57",
      "content": "",
      "url": "https://b3it.sharepoint.com/teams/spam/SitePages/Home.aspx"
    }
  ]
}