{
  "name": "Säljportalen",
  "description": "SÄLJPORTALEN KOMMER ATT FLYTTA TILL TEAMS INOM KORT! Under flytten kan vissa dokument tagits bort för att uppdateras men allt som är relevant kommer sedan att finnas i Teamsgruppen. Inbjudan kommer skickas till alla som ska ha behörighet när det är …",
  "url": "https://b3it.sharepoint.com/teams/salesportal",
  "pages": [
    {
      "id": "5ad9b597-0827-4614-816d-516d03e6056d",
      "title": "Agil Transformation",
      "description": "",
      "created_by": "Silvia Modin",
      "created_date": "2021-04-26T17:47:17",
      "last_modified_by": "",
      "last_modified_date": "2021-06-01T09:38:52",
      "content": "",
      "url": "https://b3it.sharepoint.com/teams/salesportal/SitePages/Agil-Transformation.aspx"
    },
    {
      "id": "7b491b59-55c3-4be9-aa7e-e6bd95b7d3df",
      "title": "Avtalshantering på B3",
      "description": "Allt om hur avtal ska hanteras på B3 Hej, det här är en instruktionssida till hur vi hanterar avtal på B3 och B3:s avtalshanteringssystem B3 Avtal . Vi kommer att uppdatera innehållet här med policier och instruktioner och annat om hur man använder …",
      "created_by": "Frederick Andersson",
      "created_date": "2022-09-02T06:55:59",
      "last_modified_by": "",
      "last_modified_date": "2024-04-19T09:03:43",
      "content": "Allt om hur avtal ska hanteras på B3Hej,det här är en instruktionssida till hur vi hanterar avtal på B3 och B3:s avtalshanteringssystem B3 Avtal.Vi kommer att uppdatera innehållet här med policier och instruktioner och annat om hur man använder B3 Avtal.Kontakta Sofia Rosenvald sofia.rosenvald@b3.se (mailto:sofia.rosenvald@b3.se) vid frågor om avtalshantering eller Frederick Andersson frederick.andersson@b3.se (mailto:frederick.andersson@b3.se)  \nÖppna (https://b3agreement.crm4.dynamics.com/)avtalshanteringssystemet (https://b3agreement.crm4.dynamics.com/) B3 Avtal (https://b3agreement.crm4.dynamics.com/) \n",
      "url": "https://b3it.sharepoint.com/teams/salesportal/SitePages/Avtalshantering-p%C3%A5-B3.aspx"
    },
    {
      "id": "59077bf8-3e0d-463a-97fc-71d5f88a4959",
      "title": "Cloud Transition",
      "description": "",
      "created_by": "Silvia Modin",
      "created_date": "2021-04-26T17:44:24",
      "last_modified_by": "",
      "last_modified_date": "2021-06-03T10:26:57",
      "content": "",
      "url": "https://b3it.sharepoint.com/teams/salesportal/SitePages/Cloud-Transition.aspx"
    },
    {
      "id": "24615d82-4f66-4cb7-a906-5ed866f7a438",
      "title": "Data driven Company",
      "description": "",
      "created_by": "Silvia Modin",
      "created_date": "2021-04-26T17:46:25",
      "last_modified_by": "",
      "last_modified_date": "2021-06-04T10:14:40",
      "content": "",
      "url": "https://b3it.sharepoint.com/teams/salesportal/SitePages/Data-driven-Company.aspx"
    },
    {
      "id": "a4595d7c-7ade-40a4-8297-e32d3b800d58",
      "title": "Digital Experience",
      "description": "",
      "created_by": "Silvia Modin",
      "created_date": "2021-04-26T17:47:41",
      "last_modified_by": "",
      "last_modified_date": "2021-06-01T09:38:24",
      "content": "",
      "url": "https://b3it.sharepoint.com/teams/salesportal/SitePages/Digital-Experience.aspx"
    },
    {
      "id": "95053529-5246-473b-9aac-b31d812c2ec1",
      "title": "Digital kundlojalitet",
      "description": "",
      "created_by": "Silvia Modin",
      "created_date": "2021-04-26T17:49:09",
      "last_modified_by": "",
      "last_modified_date": "2021-06-01T09:39:21",
      "content": "",
      "url": "https://b3it.sharepoint.com/teams/salesportal/SitePages/Digital-Kundlojalitet.aspx"
    },
    {
      "id": "bca6e741-dc6b-4c64-b665-e4d64652b0b8",
      "title": "Övriga erbjudanden",
      "description": "",
      "created_by": "Admin Sandra Kopp",
      "created_date": "2019-08-13T12:31:13",
      "last_modified_by": "",
      "last_modified_date": "2022-04-06T14:57:09",
      "content": "",
      "url": "https://b3it.sharepoint.com/teams/salesportal/SitePages/Erbjudanden.aspx"
    },
    {
      "id": "2409d550-a477-43c8-8a06-f6547e4f557f",
      "title": "Framtidens kundmöte",
      "description": "",
      "created_by": "Silvia Modin",
      "created_date": "2021-04-26T17:48:31",
      "last_modified_by": "",
      "last_modified_date": "2021-06-01T09:39:32",
      "content": "",
      "url": "https://b3it.sharepoint.com/teams/salesportal/SitePages/Framtidens-kundm%C3%B6te.aspx"
    },
    {
      "id": "c3ac1413-4af9-4d82-8366-c4e5ac84a5b9",
      "title": "Frågor och svar - Orderblankett",
      "description": "Klicka på \"Ny order\" Fyll i alla fält med din information Det finns förklarande text i de små cirklarna med ett i. När all obligatorisk information är ifylld aktiveras knappen längst ned \"Nästa\" och blir grön. Genom att klicka på ikonen \"spara\" så s…",
      "created_by": "Silvia Modin",
      "created_date": "2020-05-29T07:08:15",
      "last_modified_by": "",
      "last_modified_date": "2021-07-01T12:11:14",
      "content": "",
      "url": "https://b3it.sharepoint.com/teams/salesportal/SitePages/Fr%C3%A5gor-och-svar---Orderappen.aspx"
    },
    {
      "id": "cd3a0225-d10c-4e32-b261-6fe0e2e40854",
      "title": "Startsida",
      "description": "SÄLJPORTALEN KOMMER ATT FLYTTA TILL TEAMS INOM KORT! Under flytten kan vissa dokument tagits bort för att uppdateras men allt som är relevant kommer sedan att finnas i Teamsgruppen. Inbjudan kommer skickas till alla som ska ha behörighet när det är …",
      "created_by": "Malinda Knudsen",
      "created_date": "2019-01-12T11:11:21",
      "last_modified_by": "",
      "last_modified_date": "2024-04-15T16:57:26",
      "content": "SÄLJPORTALEN KOMMER ATT FLYTTA TILL TEAMS INOM KORT!Under flytten kan vissa dokument tagits bort för att uppdateras men allt som är relevant kommer sedan att finnas i Teamsgruppen. Inbjudan kommer skickas till alla som ska ha behörighet när det är klart\nNy kampanj inom Cloud TransitionB3 kommer tillsammans med Microsoft under de kommande veckorna att genomföra en digital kampanj med primärt syfte att generera nya leads åt B3 men även öka kännedomen om B3 som Cloud Partner. Kampanjens tema är Azure/Cloud Transition, och riktar sig mot två intressentgrupper; företag som inte har gjort sin molnresa ännu respektive företag som använder Azure, men kan öka sin nyttjandegrad och tillvarata den innovationskraft som finns med molnet. Kampanjen bygger till stor del på två olika guider som tagits fram och som kommer att annonseras på Linkedin samt följas upp med e-postutskick. Använd gärna guiderna du också och dela dem med kunder som kan vara intresserade. Guider - Cloud Transition  (/%3ab%3a/r/teams/salesportal/Delade%20dokument/Kampanjer/Kampanj%20Cloud%20Transition.pdf?csf=1&web=1&e=AQNQhU)​​​​​​​\n",
      "url": "https://b3it.sharepoint.com/teams/salesportal/SitePages/Home.aspx"
    },
    {
      "id": "4e3439f6-7cb2-40e0-9e00-60cb5d0af837",
      "title": "Säkerhet",
      "description": "",
      "created_by": "Silvia Modin",
      "created_date": "2021-04-26T17:43:10",
      "last_modified_by": "",
      "last_modified_date": "2021-06-01T09:38:05",
      "content": "",
      "url": "https://b3it.sharepoint.com/teams/salesportal/SitePages/Informationss%C3%A4kerhet.aspx"
    },
    {
      "id": "1dc15f19-e984-4a5b-96cd-54c117c379e7",
      "title": "B3:s TJÄNSTEKONCEPT",
      "description": "INTRODUKTION TILL TJÄNSTEKONCEPTEN ​​​​​​​",
      "created_by": "Silvia Modin",
      "created_date": "2021-05-12T14:36:05",
      "last_modified_by": "",
      "last_modified_date": "2021-06-13T20:17:12",
      "content": "INTRODUKTION TILL TJÄNSTEKONCEPTEN​​​​​​​\n",
      "url": "https://b3it.sharepoint.com/teams/salesportal/SitePages/Introsida-Tj%C3%A4nstekoncept.aspx"
    },
    {
      "id": "fd9022d0-4df4-401d-9476-f44e6b245cca",
      "title": "Presentationer",
      "description": "B3 Företagspresentation - Svenska B3 Företagspresentation - Engelska",
      "created_by": "Adam Danisovic",
      "created_date": "2019-06-26T06:45:50",
      "last_modified_by": "",
      "last_modified_date": "2023-02-22T09:07:22",
      "content": "B3 Företagspresentation - Svenska\nB3 Företagspresentation - Engelska\n",
      "url": "https://b3it.sharepoint.com/teams/salesportal/SitePages/Know-How.aspx"
    },
    {
      "id": "e0efba99-4934-42fb-86bc-805c87832fa2",
      "title": "Offerter",
      "description": "",
      "created_by": "Silvia Modin",
      "created_date": "2019-06-27T09:12:12",
      "last_modified_by": "",
      "last_modified_date": "2020-09-14T08:34:37",
      "content": "\n",
      "url": "https://b3it.sharepoint.com/teams/salesportal/SitePages/Mallar.aspx"
    },
    {
      "id": "093da208-090a-463e-9fa3-7807eed1fe6a",
      "title": "Metodstöd",
      "description": "Här finns äldre Mallar/Metoder .",
      "created_by": "Silvia Modin",
      "created_date": "2019-06-26T07:58:29",
      "last_modified_by": "",
      "last_modified_date": "2021-06-01T13:44:48",
      "content": "Här finns äldre Mallar/Metoder (/teams/OmB3IT/SitePages/Metodst%c3%b6d.aspx).\n",
      "url": "https://b3it.sharepoint.com/teams/salesportal/SitePages/Metodmaterial.aspx"
    },
    {
      "id": "4d7e9f93-ee5b-4815-adf9-57fe83ea9e46",
      "title": "Modern Workplace",
      "description": "",
      "created_by": "Silvia Modin",
      "created_date": "2021-04-26T17:45:18",
      "last_modified_by": "",
      "last_modified_date": "2021-06-03T10:30:57",
      "content": "",
      "url": "https://b3it.sharepoint.com/teams/salesportal/SitePages/Modern-Workplace.aspx"
    },
    {
      "id": "56f31355-a826-4b4f-b3fd-0177aa6d21b4",
      "title": "Nytt på Säljportalen - Nya erbjudanden från Cloud",
      "description": "Nu finns fyra nya erbjudanden uppe på säljportalen från Cloud! Samarbeta med Microsoft Teams Nyttja digitala kraften med Teams B3 - Office 365 utbildning på distans B3 Cloud Säljpresentation Du hittar dem här . Omvärldsbevakning från Radar IT-radar …",
      "created_by": "Silvia Modin",
      "created_date": "2020-02-07T08:20:38",
      "last_modified_by": "",
      "last_modified_date": "2020-04-23T12:59:44",
      "content": "Nu finns fyra nya erbjudanden uppe på säljportalen från Cloud! Samarbeta med Microsoft TeamsNyttja digitala kraften med TeamsB3 - Office 365 utbildning på distansB3 Cloud Säljpresentation Du hittar dem här (/teams/salesportal/SitePages/Erbjudanden.aspx). \nOmvärldsbevakning från RadarIT-radar 2020.....NU är den äntligen här!!! Som vi har väntat och som vi har längtat :) Så varsågod, du hittar Radars* omvärldsbevakning här (/teams/salesportal/SitePages/Verktyg.aspx)!                Rapporten beskriver budget, tillväxt, prioriteringar och trender hos Svenska IT-organisationer. *Radar är Nordens ledande leverantör av lokal faktabaserad insikt, radars kunder tillhör de bäst informerade aktörerna runt marknad, kunder, konkurrens, priser och trender på den lokala marknaden. (https://radareco.se/ (https://radareco.se/))\nNya offerter att inspireras av! Läs till exempel B3 Dynamics offert till Bliwa  (/:p:/r/teams/salesportal/_layouts/15/Doc.aspx?sourcedoc=%7b0CF695A2-B869-4D70-A634-93C20442BF04%7d&file=Offert%20CRM-system%20Kundtja%CC%88nst%20-%20Bliwa.pptx&action=edit&mobileredirect=true)som vill byta CRM-system för att kunna effektivisera sin kundtjänst. Eller varför inte Per Steens offert till fotografiska (/:p:/r/teams/salesportal/_layouts/15/Doc.aspx?sourcedoc=%7b2F1ED6D8-9938-48D3-B609-6C2F5F3194E3%7d&file=Offert%20Utva%CC%88rdering%20IT-plattform%20-%20Fotografiska.pptx&action=edit&mobileredirect=true) där kunden vill utvärdera sin IT-plattform och få råd kring kommande IT-strategi! Missa inte B3 Reach offert (/:p:/r/teams/salesportal/_layouts/15/Doc.aspx?sourcedoc=%7bB321DED8-AA31-4C2C-96B8-F1405227D554%7d&file=Offert%20F%C3%B6rstudie%20E-learning%20%26%20Sp%C3%A5rning%20-%20Fagerhult.pptx&action=edit&mobileredirect=true) för ett digitaliseringsprojekt (e-learning och spårning)  på Fagerhult eller Lotta Wibergs anbud till Humana (/:p:/r/teams/salesportal/_layouts/15/Doc.aspx?sourcedoc=%7b3C878E35-10D4-4538-B383-76DA49D2D824%7d&file=B3_Anbud_ADA_A%20%281%29.pptx&action=edit&mobileredirect=true) som handlar om en förstudie för en moderniserad plattform för  ärendehantering, dokumentation och fakturering!  \nNu finns B3 Effect oneslider på Säljportalen!B3 Effekt som är en sammanslagning av B3 Sentensia och B3 Ledning. I ledningen ingår Vd Jörgen Samuelsson med tre konsultchefer: Gunnar Hamber ansvarig för Informationssäkerhet, Emilie Ekwall ansvarig för Digital Transformation samt Magnus Cronberg ansvarig för Upphandling. Länk till onepager (/teams/salesportal/Presentation%20av%20B3bolag/B3%20Effekt%20beskrivning%20onepager.pdf)Redan från start har bolaget 42 medarbetare med fokus på att vara den ledande partnern inom digitalisering och upphandling för offentlig sektor.Visste du att vi har en massa kunderbjudanden (/teams/salesportal/SitePages/Erbjudanden.aspx) på säljportalen? \nVåra partnersamarbeten hittar du också på Säljportalen!Här (/teams/salesportal/SitePages/Partnersamarbeten.aspx) samlar vi information om våra partners, våra avtal, refcase och massor annat. Utbildningsmaterial och annat läggs på Academy och här riktar vi oss till affärsansvariga som kanske är mer av rollen konsultchef, säljare eller VD. Det är inga hemligheter alls inom B3 men tänk att affärsmässiga saker är alltid internt.Lite längre ned på partnersidan hittar du samarbetspartners för upphandling, uppdrag, åtaganden. Det är en lista vi kan vända oss till när vi letar efter en kompetens som vi inte har tillgängligt hos oss. Har du några bra personer som du tycker skall vara med på den listan, skriv gärna upp dem där!\nUppdaterad mall för att skapa en kundplan hittar du här (/teams/salesportal/SitePages/Verktyg.aspx) men också checklista för att kvalificera ett åtagande, whitpaper om Digital Transformation och flera andra matnyttiga \"verktyg\".....\n",
      "url": "https://b3it.sharepoint.com/teams/salesportal/SitePages/Nytt-p%C3%A5-S%C3%A4ljportalen!.aspx"
    },
    {
      "id": "cd5a8777-a4e4-4a04-9657-f52f7967abb1",
      "title": "Nytt ramavtal med Preem",
      "description": "B3IT Management AB (publ) blir en av tre huvudleverantörer av IT-resurskonsulter som Preem valt att skriva ramavtal med. Avtalet löper på tre år vilket fördjupar relationen mellan B3IT och Preem. Preem är idag Sveriges största drivmedelsbolag och sv…",
      "created_by": "Johan Löfblad",
      "created_date": "2019-01-24T16:49:04",
      "last_modified_by": "",
      "last_modified_date": "2019-01-24T16:51:34",
      "content": "B3IT Management AB (publ) blir en av tre huvudleverantörer av IT-resurskonsulter som Preem valt att skriva ramavtal med. Avtalet löper på tre år vilket fördjupar relationen mellan B3IT och Preem.\nPreem är idag Sveriges största drivmedelsbolag och svarar för 80 procent av den svenska raffinaderikapaciteten och 30 procent av den nordiska. Preem har också utsetts till det mest hållbara drivmedelsbolaget inom branschen i studien Sustainable Brand Index, Business to Business. Till verksamheten hör även mer än 500 tankställen runt om i Sverige och man sysselsätter ungefär 3 000 personer inklusive partners och återförsäljare.\nDet nya avtalet omfattar en rad olika IT-konsultroller och löper på tre år från avtalstecknandet. B3IT har tidigare verkat hos Preem som underkonsulter och får genom tecknandet av detta avtal möjlighet att fördjupa relationen.\n- Det nya avtalet ger flera möjligheter för B3IT att utveckla samarbetet med Preem. B3IT blir nu en av tre utvalda, s.k. Preferred Suppliers, och vi avser att arbeta i en tätdialog med Preem för att planera och säkra upp framtida IT-resursbehov, säger Sven Uthorn, VD och koncernchef för B3IT.\nB3IT har idag cirka 30 ramavtal med större företag och myndigheter, som t ex Stockholms stad, Bolagsverket, Com Hem, Svenska Spel, Riksgälden, SVT, Sveriges Radio, Skolverket, Försäkringskassan och If.\n",
      "url": "https://b3it.sharepoint.com/teams/salesportal/SitePages/Nytt-ramavtal-med-xxxx.aspx"
    },
    {
      "id": "71413502-54e9-44f8-8bc9-d8e570cd960c",
      "title": "Orderappen",
      "description": "Frågor & svar - ordrar UPPDATERING 2023-01-02: Vi uppdaterar appen med möjligheten att registrera in Pass Through-affärer. Innan Pass Through finns som funktion i appen, ber vi er att för Pass Through inkludera följande under Övriga kommentarer: inf…",
      "created_by": "Admin Sandra Kopp",
      "created_date": "2020-09-23T10:33:02",
      "last_modified_by": "",
      "last_modified_date": "2024-03-07T10:51:59",
      "content": "Frågor & svar - ordrar (/teams/salesportal/SitePages/Fr%c3%a5gor-och-svar---Orderappen.aspx)UPPDATERING 2023-01-02: Vi uppdaterar appen med möjligheten att registrera in Pass Through-affärer. Innan Pass Through finns som funktion i appen, ber vi er att för Pass Through inkludera följande under Övriga kommentarer:information om att det handlar om Pass Throughinformation om vem har attesterat Pass Through-avtalet enl Policyn:​​​​​​​Samtliga PT-avtal ska attesteras i samband med registrering i Orderappen. Behöriga att attestera är affärsområdeschef, B3-koncernens säljchef och B3-koncernens VD. Länk till Pass Through-policyn (update 20230116) (/teams/Salessupportoffice/SiteAssets/SitePages/Mallar%2c-lathundar/Policy-Ersattning-Korsforsaljning_Beslutad-20230116.docx?web=1)\nOm appen inte laddas på sidan så kan du nå den här: Orderappen (https://apps.powerapps.com/play/e/f211f758-4b9f-4ce4-8af5-60bd2961468a/a/aed18208-20b8-4ed4-9e21-8dcbffde20d2?tenantId=b238764b-05b9-48a7-a2bd-55a357dee4ae&hint=769b1a9a-2487-4852-9fcb-e16ceeee3fc5&sourcetime=1694523890240)\n",
      "url": "https://b3it.sharepoint.com/teams/salesportal/SitePages/Orderblanketten.aspx"
    },
    {
      "id": "26d802ad-0560-4717-9a00-5c2dcc99abc5",
      "title": "B3 Partnersamarbeten",
      "description": "Välkommen till B3 partnerportalen. Här samlar vi information om våra partners, våra avtal, refcase och massor annat. Utbildningsmaterial och annat läggs på Academy och här riktar vi oss till affärsansvariga som kanske är mer av rollen konsultchef, s…",
      "created_by": "Maria Berg",
      "created_date": "2019-07-01T19:20:38",
      "last_modified_by": "",
      "last_modified_date": "2022-08-16T09:53:23",
      "content": "Välkommen till B3 partnerportalen. Här samlar vi information om våra partners, våra avtal, refcase och massor annat. Utbildningsmaterial och annat läggs på Academy och här riktar vi oss till affärsansvariga som kanske är mer av rollen konsultchef, säljare eller VD. Det är inga hemligheter alls inom B3 men tänk att affärsmässiga saker är alltid internt.\n",
      "url": "https://b3it.sharepoint.com/teams/salesportal/SitePages/Partnersamarbeten.aspx"
    },
    {
      "id": "4f59ac9d-1843-4a44-b0b7-fab3a019c5fd",
      "title": "Process Automation",
      "description": "",
      "created_by": "Silvia Modin",
      "created_date": "2021-04-26T17:46:00",
      "last_modified_by": "",
      "last_modified_date": "2021-06-01T09:38:41",
      "content": "",
      "url": "https://b3it.sharepoint.com/teams/salesportal/SitePages/Process-Automation.aspx"
    },
    {
      "id": "03821194-b6b9-4e2b-b9d6-b3a428925694",
      "title": "Ramavtal med Swedish Match",
      "description": "Swedish Match Från årsskiftet har B3 ramavtal med Swedish Match! Historiskt sett har vi levererat inom områden som databas samt säkerhet och från årsskiftet har vi ett ramavtal som omfattar alla typer av konsulttjänster. Ansvarig för förvaltning av …",
      "created_by": "Silvia Modin",
      "created_date": "2020-04-02T06:43:20",
      "last_modified_by": "",
      "last_modified_date": "2020-04-02T07:30:45",
      "content": "Swedish Match Från årsskiftet har B3 ramavtal med Swedish Match! Historiskt sett har vi levererat inom områden som databas samt säkerhet och från årsskiftet har vi ett ramavtal som omfattar alla typer av konsulttjänster. Ansvarig för förvaltning av avtalet och samordning inom Swedish Match är Daniel Olofsson, Procurement Manager Corporate Procurement. Det finns en uttrycklig önskan att vi som leverantör bidrar till att alla avrop går genom deras Corporate Procurement. Avtalet ger oss möjlighet att bearbeta alla verksamheter, samtidigt som vi har ett ansvar att vara lojala till kundens behov – det ställer krav på oss att vi samordnar våra insatser. På det sättet kan vi växa affären!Kundansvarig är Gunnar Hamber (https://eur.delve.office.com/?u=f34c792f-dcee-4b7a-ba3e-26c5ea233548&v=work), bearbetning av kunden sker på flera håll bland annat av Patrik Rosenback Fromell (https://eur.delve.office.com/?u=bd350eb1-c0b4-43ae-925d-787d34864619&v=work), Per Steen (https://eur.delve.office.com/?u=1e493440-df1a-46d9-a949-1231f74dc6d4&v=work) och sedan tidigare hos DBAce.  \n",
      "url": "https://b3it.sharepoint.com/teams/salesportal/SitePages/Ramavtal.aspx"
    },
    {
      "id": "c8ff7b7d-c1d1-4636-ab81-1366779d46ea",
      "title": "Skapa flöde för notis från Leads på nyckelord",
      "description": "Innehåll Varför Hur Steg 1 : Skapa ett flöde i Power Automate Steg 2 : Konfigurera flöde för nyckelord Steg 3 : Notifiera dig själv Varför För att snabbt få en notis (mobil/mail) från leads-mailboxen så kan vi skapa ett Power Automate-flöde som leta…",
      "created_by": "Johan Löfblad",
      "created_date": "2020-04-20T09:45:51",
      "last_modified_by": "",
      "last_modified_date": "2020-04-21T08:00:04",
      "content": "VarförFör att snabbt få en notis (mobil/mail) från leads-mailboxen så kan vi skapa ett Power Automate-flöde som letar efter leads som innehåller eget valda nyckelord.På det här sättet behöver man inte titta igenom hela flödet lika ofta för att hitta uppdrag som passar en själv eller ens konsulter.Det går att skapa ett flöde som letar efter flera nyckelord, eller skapa flera flöden med olika nyckelord att leta efter och olika notifieringar till sig själv. En liten notis kring skärmbilder och namn på saker är att jag kör engelska som språk, så det kan vara vissa skillnader, men jag tror ni kan översätta det som behövs...\nHurFörutsättningarFör att det här ska fungera behöver manVara medlem av gruppen B3 LeadsFölja gruppen så att mail som kommer till Leads också kommer till din egen inkorgSkapa en outlook-regel som flyttar mail från Leads till en egen mapp (inget krav, men annars kan man få notiser från annat än leads-mailen...)\nSteg 1 : Skapa ett flöde i Power Automate\nGå till Power Atomate. Finns i menyn i Office 365 alternativt här: https://emea.flow.microsoft.com/en-us/ (https://emea.flow.microsoft.com/en-us/)\nI Power Automate välj Skapa i vänstermenyn\nVälj sedan Automated Flow som typ av flöde.(Vi vill inte behöva starta själva eller att det ska gå schemalagt)\nGe ditt flöde ett namn. Eftersom det är ditt eget flöde så är det bara för att du själv ska kunna hitta det framöver.Sedan som trigger (utlösare) vill vi ha \"When a new email arrives (V3)\" och var noga med att välja den som har Office 365 Outlook som typ och inte Outlook.com (annars så kommer flödet att leta efter mail i din privata, om du har någon, mailbox). När du valt, klicka på Create (skapa)\nNu behöver vi säga åt Power Automate att bara titta i en viss mapp, för vi vill inte ha notiser för alla mail vi får.I våran trigger vi fått så står det Inbox (inkorg) som standard. Klicka på den lilla mapp-ikonen till höger i textfältet och klicka dig fram till rätt mapp där Leads-mailen hamnar hos dig. Ligger mappen under en annan mapp, t.ex. under Inkorgen, klicka på den lilla högerpilen för att gå ner en nivå. Klicka sedan på namnet på mappen som du vill välja.(I mitt fall har jag skapat en mapp som heter Leads under Inkorgen, så jag väljer den så att det står Leads ist för Inbox/Inkorg i min trigger)\nSteg 2 : Konfigurera flöde för nyckelordNu vill vi konfigurera flödet att bara notifiera oss om vissa nyckelord finns med i mail-texten. Detta löser vi genom att skapa en If-sats i flödet. Klicka på New step (Nytt steg) och välj \"Condition\" i listan.\nNu ska vi göra matchningen på nyckelorden. Det gör vi genom att skriva en formel som letar efter förekomsten av ordet vi letar efter.Formeln vi ska använda finns nedan. Bara copy-paste:a men byt ut ordet sharepoint till det nyckelord du vill få notis om.Notera att man behöver sätta sitt nyckelord inom apostrof ( ' ) samt att skriva ditt nyckelord i gemener\nEn snabb genomgång så vi fattar vad som händer (man behöver inte läsa det här, man kan bara kopiera raden ovan... )Formler i Power Automate liknar Excel-formler, så kan man excel så känner man kanske igen sig lite.Ytterst har vi en \"contains\" som helt enkelt kommer att ge oss sant/falskt beroende på om ett ord finns i en större mängd ordContains har två argument, först texten vi ska leta i, och sedan ordet att leta efterSå till vänster (första argument) har vi toLower(triggerBody()?['body'])toLower gör om all text till gemener så vi inte missar en matchning pga versaler/gemener.triggerBody()?['body']) är en referens till våran trigger, dvs det mailet som kommit in och ['body'] är en referens till själva innehåller i mailet, texten. Vi kan byta ut body till t.ex. ['subject'] om vi vill göra en matchning på ämnes-raden i mailet ist.Slutligen har vi då nyckelordet vi vill hitta, i exemplet ovan så letar jag efter ordet sharepoint i mailtexten. Kom ihåg att sätta ordet inom apostrofer ' \nSå för att då göra våran matchning så klickar vi i fältet \"Choose a value\" och väljer sedan \"Expression\" i dialogen som dyker upp.\nKlistra in formeln från ovan och sätt rätt nyckelord du vill leta efter, och klicka på \"OK\" (viktigt)Det borde då se ut ungefär som till höger här.Vi behöver också fylla i något till höger i våran Condition, våran formel till vänster och sedan \"is equal to\" något. \nKlicka på \"Choose a value\" till höger om \"is equal to\", välj \"Expressions\" i dialogen, skriv true och klicka okNu kommer flödet att om ordet finns i texten gå vidare till \"If yes\" under, om inte gå till \"If no\"\nOm man har flera nyckelord att leta efterDå går det utmärkt att välja +Add i botten och lägga på en till rad, gör samma sak som för första raden, klipp in formel med nytt nyckelord, sätt true till höger om \"is equal to\".Notera valet And/Or. Väljer man And så behöver alla orden finnas, väljer man Or så räcker det med att något av orden finns med!\nSteg 3 : Notifiera dig självNu när vi har ett flöde som hittar nyckelord åt oss så vill vi göra något med det.I kolumnen \"If yes\" så välj \"Add an action\" och sök på notifications (osäker på översättning, men notis?)Välj typ av notifiering, email/mobile (för mobile krävs att man har appen Power Automate installerad på sin telefon och är inloggad på den)Skriv ett meddelande till dig själv så du vet vad det handlar om\nSedan är det bara välja \"Spara\" på ditt flöde och vänta på att notiserna trillar in.Flödet borde se ut ungefär så här när man är klar.\n",
      "url": "https://b3it.sharepoint.com/teams/salesportal/SitePages/Skapa-fl%C3%B6de-f%C3%B6r-notis-fr%C3%A5n-Leads-p%C3%A5-nyckelord.aspx"
    },
    {
      "id": "2b0081a1-8aac-42a2-b6fb-490a1a0a95ad",
      "title": "Säljträning & Tjänstekoncept",
      "description": "",
      "created_by": "Silvia Modin",
      "created_date": "2020-06-05T05:21:34",
      "last_modified_by": "",
      "last_modified_date": "2021-05-19T16:16:32",
      "content": "",
      "url": "https://b3it.sharepoint.com/teams/salesportal/SitePages/Tj%C3%A4nstekoncept.aspx"
    },
    {
      "id": "51ad9685-4778-4962-aef0-0112228ac7ad",
      "title": "Säljprocess och verktyg",
      "description": "Försäljningsprocessen är en av B3 koncernens huvudprocesser och bygger på aktiviteter som riktar sig mot en framtida eller befintlig kund med syfte att vinna förtroende och affärer. Leveransprocessen beskriver hur B3-bolagen levererar tjänster samt …",
      "created_by": "Adam Danisovic",
      "created_date": "2019-06-27T09:09:15",
      "last_modified_by": "",
      "last_modified_date": "2023-02-22T09:03:56",
      "content": "Försäljningsprocessen är en av B3 koncernens huvudprocesser och bygger på aktiviteter som riktar sig mot en framtida eller befintlig kund med syfte att vinna förtroende och affärer. \nLeveransprocessen beskriver hur B3-bolagen levererar tjänster samt hur vi uppfyller våra åtaganden gentemot kund. Processen styrs utifrån fastställda processmål, kravspecifikationer samt tillämpliga författningskrav. \nSe bilaga 1 för lathund  attester offerter och affärsavtal. Attest är den namnteckning/signatur med vilken en utsedd person bekräftar att en transaktion är sakligt motiverad. \n",
      "url": "https://b3it.sharepoint.com/teams/salesportal/SitePages/Verktyg.aspx"
    }
  ]
}