{
  "name": "Team Handarbete",
  "description": "Gruppen för oss som stickar, virkar, syr, snidar, eller på annat sätt bygger ihop råvaror till mer eller mindre vackra saker",
  "url": "https://b3it.sharepoint.com/teams/TeamHandarbete",
  "pages": [
    {
      "id": "eb79923c-980a-4d34-ac34-8c9a7d78ed37",
      "title": "Startsida",
      "description": "",
      "created_by": "Systemkonto",
      "created_date": "2021-11-06T23:48:42",
      "last_modified_by": "",
      "last_modified_date": "2021-11-06T23:48:42",
      "content": "",
      "url": "https://b3it.sharepoint.com/teams/TeamHandarbete/SitePages/Home.aspx"
    }
  ]
}