{
  "name": "TeamB3 Längdskidor",
  "description": "Allmänt längdskidsnack för B3-anställda med skidvänner.",
  "url": "https://b3it.sharepoint.com/teams/TeamB3Lngdskidor",
  "pages": [
    {
      "id": "7fff233b-0293-4ff7-802f-9deeb443eabd",
      "title": "Startsida",
      "description": "",
      "created_by": "Systemkonto",
      "created_date": "2021-12-12T00:23:12",
      "last_modified_by": "",
      "last_modified_date": "2021-12-12T00:23:12",
      "content": "",
      "url": "https://b3it.sharepoint.com/teams/TeamB3Lngdskidor/SitePages/Home.aspx"
    }
  ]
}