{
  "name": "Team B3",
  "description": "Här hittar ni information om TeamB3.",
  "url": "https://b3it.sharepoint.com/teams/TeamB3IT",
  "pages": [
    {
      "id": "04e2c571-f969-4c10-b168-4df57d7ebc46",
      "title": "Aktiviteter",
      "description": "Välkomna! Här hittar ni länkar till Team B3:s aktiviteter.",
      "created_by": "Malinda Knudsen",
      "created_date": "2017-10-19T07:10:36",
      "last_modified_by": "",
      "last_modified_date": "2024-01-17T12:30:42",
      "content": "Välkomna!Här hittar ni länkar till Team B3:s aktiviteter.\n",
      "url": "https://b3it.sharepoint.com/teams/TeamB3IT/SitePages/Aktiviteter.aspx"
    },
    {
      "id": "be9c39aa-2860-4692-b997-a8e04f86dca8",
      "title": "Arrangera aktiviteter",
      "description": "Vill du arrangera en egen Team B3-aktivitet? Kul! Här hittar du information om hur du går tillväga med att anordna en engångsaktivitet och en återkommande aktivitet. Engångsaktivitet med Team B3: Skicka en förfrågan till teamb3@b3.se Alltid positivt…",
      "created_by": "Malinda Knudsen",
      "created_date": "2017-10-15T13:29:17",
      "last_modified_by": "",
      "last_modified_date": "2024-01-29T16:55:14",
      "content": "Vill du arrangera en egen Team B3-aktivitet? Kul! Här hittar du information om hur du går tillväga med att anordna en engångsaktivitet och en återkommande aktivitet. Engångsaktivitet med Team B3:     Skicka en förfrågan till teamb3@b3.se     Alltid positivt om det finns en prova-på del av eventet. T.ex. att det finns en grupp för nybörjare.     Uppge detta i mailet:     Typ av event, datum/tid, maxantal deltagare, om mat ingår, prisindikation (0-10 000 kr) samt en kort beskrivning av eventet.     Inbjudan till eventet sköts av Team B3 i samråd med dig som arrangör. Om det är mat inkluderat behövs eventuella allergier stämmas av.Hur man arrangerar en återkommande Team B3-aktivitet:     Skicka en förfrågan till teamb3@b3.se     Bör ligga utanför normal arbetstid     Uppge typ av event, datum/tid, maxantal deltagare samt en kort beskrivning av eventet.     Första gången ska vara öppen för alla och gratis att prova på.     Fortsätter eventet så kan eventuell sponsring ske för en del av kostnaden från Team B3 efter godkännande.     Inbjudan till eventet sköts av Team B3 i samråd med dig som arrangör. Om det är mat inkluderat behövs eventuella allergier stämmas av.\n",
      "url": "https://b3it.sharepoint.com/teams/TeamB3IT/SitePages/Arrangera%20aktivitet.aspx"
    },
    {
      "id": "12851c4f-67b4-48e6-b430-9997caefff78",
      "title": "Athletics",
      "description": "Här samlar vi kommande aktiviteter inom B3 Athletics som crossfit, simning, löpning, och olika tävlingar.",
      "created_by": "Malinda Knudsen",
      "created_date": "2020-10-27T10:51:34",
      "last_modified_by": "",
      "last_modified_date": "2024-01-17T12:28:06",
      "content": "Här samlar vi kommande aktiviteter inom B3 Athletics som crossfit, simning, löpning, och olika tävlingar.   \n",
      "url": "https://b3it.sharepoint.com/teams/TeamB3IT/SitePages/Athletics.aspx"
    },
    {
      "id": "df0c0b2c-cdb1-41bd-aac5-300da7a45f3d",
      "title": "Culture by Team B3",
      "description": "Här samlar vi kommande event inom B3 Culture så som B3Bar, B3 Band, spelkvällar, sportlördag samt öl och vinprovningar. I kalendariet nedan kan du se kommande aktiviteter inom Team B3.",
      "created_by": "Malinda Knudsen",
      "created_date": "2020-10-27T10:50:37",
      "last_modified_by": "",
      "last_modified_date": "2024-01-17T12:27:03",
      "content": "Här samlar vi kommande event inom B3 Culture så som B3Bar, B3 Band, spelkvällar, sportlördag samt öl och vinprovningar. I kalendariet nedan kan du se kommande aktiviteter inom Team B3.\n",
      "url": "https://b3it.sharepoint.com/teams/TeamB3IT/SitePages/Culture.aspx"
    },
    {
      "id": "ffe9d211-5536-4368-bc60-1eb23c6248ba",
      "title": "Dags för B3 spinning igen!",
      "description": "För några veckor sen var vi ett starkt och taggat gäng som körde spinning på morgonkvisten. Nu finns det en ny möjlighet. Den 9 april kl. 7.30 kör vi ett fartfyllt spinningpass på Friskis&Svettis Kungsholmen och du är varmt välkommen. Passet hålls e…",
      "created_by": "Katarina Lundqvist",
      "created_date": "2019-03-27T08:05:38",
      "last_modified_by": "",
      "last_modified_date": "2019-03-27T08:11:22",
      "content": "För några veckor sen var vi ett starkt och taggat gäng som körde spinning på morgonkvisten. Nu finns det en ny möjlighet. Den 9 april kl. 7.30 kör vi ett fartfyllt spinningpass på Friskis&Svettis Kungsholmen och du är varmt välkommen. Passet hålls exklusivt för oss på B3 och alla kan vara med, såväl elit som nybörjare - du kör helt efter egna förutsättningar. Passet leds av Kattis Lundqvist, kommunikatör på B3 och Friskis-ledare på fritiden. Deltagande är helt kostnadsfritt men vi behöver din anmälan i förväg då antalet cyklar är begränsat. Så anmäl intresse redan nu via formuläret nedan. Välkommen!\nTid: 07.30-08.30 ca tisdag den 9 april\nPlats: Friskis&Svettis Kungsholmen, St Eriksgatan 54.\nAnmälan: Senast den 7 april via detta formulär >> (https://forms.office.com/Pages/ResponsePage.aspx?id=S3Y4srkFp0iivVWjV97krp23kVIVON5FjxRWEMyf4FpUODE4TFpUS0VKRjlJT0hUTzZMMTVXNlpVVS4u)\nObs! Du får bekräftelse på din bokning med detaljer om lokal etc.\n",
      "url": "https://b3it.sharepoint.com/teams/TeamB3IT/SitePages/Dags-f%C3%B6r-B3-spinning-igen!.aspx"
    },
    {
      "id": "0387d9e9-8c20-4884-a13e-2c7455a40616",
      "title": "En vår fylld med aktiviteter och evenemang för Team B3",
      "description": "Under våren har Team B3  varit i full gång med en rad olika aktiviteter och evenemang för våra medarbetare runt om i landet. Här är en sammanfattning av några höjdpunkterna.",
      "created_by": "Niclas Haslum",
      "created_date": "2024-06-07T12:04:39",
      "last_modified_by": "",
      "last_modified_date": "2024-06-07T12:26:27",
      "content": "Under våren har Team B3 kört en rad olika aktiviteter och evenemang för våra medarbetare runt om i landet. Här är en sammanfattning med några av höjdpunkterna.  Våren (kick)startade med fotbollsturneringen KickIt i Örebro och en återkommande spinning i Stockholm. Utöver dessa har vi haft regelbundna aktiviteter som simning, golf, handarbetarcafé och crossfit i Stockholm där vi även har introducerat lunchlöpning, medan Örebro har stående fotboll, Malmö fortsätter med crossfit och Sundsvall erbjuder lunchfys (som i folkmun kallas lunchmys).   Löparvåren 2024 I maj drog löparvåren igång. Göteborgsvarvet, Run for Pride (där Elefanten deltog) och Blodomloppet hade sin start i Malmö. Efter det har våra kontor i Örebro och Linköping genomfört sina lopp, och nästa vecka är det dags för Göteborg och Stockholm att snöra på sig löparskorna.  Föreläsningar I ett försöka att nå fler medarbetare har vi satsat på intressanta föreläsningar som sänds över hela landet. Vi inledde med en mycket uppskattad föreläsning om sömn, följt av en ergonomiföreläsning där det gavs många tips kring övningar och sittpositioner. Vi jobbar på att hitta fler spännande ämnen och talare för framtida evenemang. Vad är på gång? Nu närmar sig sommarledigheten som många av oss ser fram emot Men innan dess finns det fler aktiviteter att delta i. I Stockholm erbjuder vi både nästa vecka improvisationsteater och efter midsommar erbjuds det  Hot Yoga för de som vågar. Efter sommaren ser vi fram emot Convinistafetten i Stockholm den 21 augusti, samt Ironman Kalmar den 17 augusti där vi har flera deltagare från vårt team. Dina idéer är viktiga! Har du idéer för Team B3 på din ort eller något vi borde göra nationellt? Hör av dig till teamb3@b3.se (mailto: teamb3@b3.se) så kan vi prata vidare!\n",
      "url": "https://b3it.sharepoint.com/teams/TeamB3IT/SitePages/En-v%C3%A5r-fylld-med-aktiviteter-och-evenemang-f%C3%B6r-Team-B3.aspx"
    },
    {
      "id": "e1246586-4e49-46b9-a39e-600746e3b4bb",
      "title": "Friskvårdsbidrag och rabatter",
      "description": "Undrar du vad du kan använda ditt friskvårdsbidrag till? Kolla in skatteverkets hemsida där all information finns! Här hittar du tillåtna och icke tillåtna aktiviteter . Du kan t.ex. använda bidraget för stresshantering och curling. Undrar du vad B3…",
      "created_by": "Malinda Knudsen",
      "created_date": "2017-10-15T13:36:40",
      "last_modified_by": "",
      "last_modified_date": "2024-01-29T16:59:45",
      "content": "Undrar du vad du kan använda ditt friskvårdsbidrag till? Kolla in skatteverkets hemsida där all information finns!Här hittar du tillåtna och icke tillåtna aktiviteter (https://www.skatteverket.se/privat/skatter/arbeteochinkomst/formaner/personalvardmotionochfriskvard.4.7459477810df5bccdd4800014540.html?q=aktiviteter). Du kan t.ex. använda bidraget för stresshantering och curling. Undrar du vad B3 har för rabatter på gym och vilka andra fina erbjudanden som finns?Kolla in fliken \"Rabatter och erbjudanden\" under min anställning på intranätet!   \n",
      "url": "https://b3it.sharepoint.com/teams/TeamB3IT/SitePages/Friskv%C3%A5rdsbidrag.aspx"
    },
    {
      "id": "1e903655-eae6-4dca-ae4d-52a2eef4323b",
      "title": "Startsida",
      "description": "Välkommen till Team B3! Team B3 är en gemensam satsning på friskvård och hälsa för alla medarbetare på B3. Att satsa på hälsa och friskvård är en investering som lönar sig. En verksamhet är aldrig starkare än sina medarbetare och om våra anställda m…",
      "created_by": "Jimmy To",
      "created_date": "2017-10-06T11:14:31",
      "last_modified_by": "",
      "last_modified_date": "2024-03-20T07:11:00",
      "content": "Välkommen till Team B3! Team B3 är en gemensam satsning på friskvård och hälsa för alla medarbetare på B3. Att satsa på hälsa och friskvård är en investering som lönar sig. En verksamhet är aldrig starkare än sina medarbetare och om våra anställda mår bra så mår företaget bra. Det finns flera olika sätt att satsa på hälsa och vi försöker att hitta varierande aktiviteter där alla ska förhoppningsvis hitta något man tycker är roligt. Vi letar alltid efter nya förslag på aktiviteter och personer som kanske själva vill hålla i en aktivitet.Har du ett förslag eller vill du hålla i en aktivitet? Skicka ett mejl till teamb3@b3.se\nTeamB3 ordnar flera aktiviteter på alla orter och nedan ser du ett urval av aktiviteter samt vilka som är kontaktpersoner för respektive aktivitet om du vill prova på eller har frågor. Är du nyfiken på vad som händer på din ort eller har du ett förslag på en aktivitet? Längre ner på sidan hittar du kontaktuppgifter till alla wellness-ambassadörer i landet. \nCrossfitVill du bli riktigt trött och få rejäl träningsvärk? Häng med på CrossFit!När och var?Fredagar  mellan kl 11.30-12.30 Ombytt och klar på CrossFit Nordic, Hälsingegatan 47, StockholmKostar det något?Ja, coach och anläggning sponsras av B3 till 50%. Resten kan tas på ram eller om du inte har ram så är det i överenskommelse med din närmaste chef.Information kommer när terminen startat så håll utkik i mejlkorgen.https://www.crossfitnordic.se/ (https://www.crossfitnordic.se/) \nCyklingSnabb på cykeln men inte jättesugen på ett helt triathlon? Eller bara en uppvärmning inför Ironman?B3 ställer upp med lag och ibland tillsammans med kunder i flera olika cykellopp under året.Vanliga lopp är Vätternrundan, Halvvättern, Cykelvasan, Tjejvättern, Roslagsvåren och Roslagshösten.Känner du till att du har möjlighet att ta ut en förmånscykel? Läs mer här. (/teams/Minanstallning/SitePages/F%c3%b6rm%c3%a5nscykel.aspx)Vill du ha mer information? Kolla in Facebooksidan (https://www.facebook.com/groups/1948072118803807/) \nSimningVälkomna att plumsa ner i vattnet med oss!Simning sker torsdagar 07:00-08:00 i Sundbybergs Simhall. Kostar det något? Banor och coach betalas av B3. Du betalar endast för entrébiljetten.Måste jag ha tagit alla simmärken för att vara med? Nej, vem som helst är välkommen. Vi har två banor. En lite snabbare och en mer för nybörjare. Varje höst och vår kör vi prova-på frisim de tre första gångerna.Vill du ha mer information Kolla in Facebooksidan (https://www.facebook.com/groups/158990684239962)\nGolfGolfrundor med lågintensiv träning gör att man håller sig frisk, man bränner ca 2000 kalorier. Att spela en golfrunda och gå drygt 15 000 steg, ha härliga samtal och givande diskussioner med medspelare, premieras av B3.Vi har genom åren spelat många tävlingar, arrangerat träningstillfällen med instruktörer och vi har spelat golf på konferenser. Vi har även givit golfare möjlighet att spela på banor som vi sponsrat.Kommunikationsstrategin är anpassad och utskick förekommer sällan. Du som vill veta något vad som sker i golfsektionen nu behöver vara medlem i och bevaka Teamsgruppen B3 Golf.  (https://teams.microsoft.com/l/team/19:23e742a5627246c9bc903f4ecba5beb1%40thread.skype/conversations?groupId=276ca069-6908-48bb-b9cf-f9608f07bc37&tenantId=b238764b-05b9-48a7-a2bd-55a357dee4ae)\nLängdskidorB3 kör Vasaloppet varje år och anmälan sker via invajo, håll utkik i din mejlkorg under hösten. Inför vasaloppet så ordnas det även träningsläger där du får massor med tips och träning. Kostar det något? Ja, du köper din egen startplats och sen tillkommer en kostnad för kost och logi. Teamb3 ordnar med logistiken kring transport, mat och boende.All information gällande lopp och träningar hittar du på Facebooksidan! (https://www.facebook.com/groups/1806450709571180/)\nHandarbetscaféInbjudan till handarbetscaféet kommer via Invajo och det är flera tillfällen under hela året. Du behöver inte heller ha någon erfarenhet sedan tidigare och allt finns för att lära dig sticka, virka eller brodera. Behöver du hjälp med ett projekt, vill du lära dig från grunden eller tycker du bara att det är roligt att träffa nya vänner? Alla är välkomna! Vi har köpt in material för dig som vill lära sig sticka eller virka men du kan också ta med ditt eget handarbete  \nVill du komma i kontakt med din wellness-ambassadör på orten?\nI B3 företagskalender kan du hitta fler aktiviteter samt anmälningslänkar till olika aktiviteter. \nVill du läsa mer om friskvård så hittar du mer information här: \n",
      "url": "https://b3it.sharepoint.com/teams/TeamB3IT/SitePages/Home.aspx"
    },
    {
      "id": "788303de-267b-4ebe-8fa9-0bc2a15e8188",
      "title": "Häng med och spela golf med Team B3",
      "description": "Tycker du om att spela golf? Visste du att Team B3 har en golfsektion? Gruppen är öppen för alla på B3 och du kan gå med i Teamsgruppen för B3 golf för att läsa mer och hänga med i aktiviteter. Sponsring av tävling 23/7 Den 23/7 kommer B3 vara spons…",
      "created_by": "Katarina Lundqvist",
      "created_date": "2024-07-19T06:40:59",
      "last_modified_by": "",
      "last_modified_date": "2024-07-19T07:18:18",
      "content": "Tycker du om att spela golf?Visste du att Team B3 har en golfsektion? Gruppen är öppen för alla på B3 och du kan gå med i Teamsgruppen för B3 golf  (https://teams.microsoft.com/l/team/19:23e742a5627246c9bc903f4ecba5beb1%40thread.skype/conversations?groupId=276ca069-6908-48bb-b9cf-f9608f07bc37&tenantId=b238764b-05b9-48a7-a2bd-55a357dee4ae)för att läsa mer och hänga med i aktiviteter.  Sponsring av tävling 23/7Den 23/7 kommer B3 vara sponsorer på en tävling, när Mälarö Golfklubb har trettioårsjubileum. Några medarbetare kommer att vara ute på golfbanans 17:e hål och anordnar en tävling i tävlingen. Tävlingen börjar 08:30, med vad som kallas kanonstart, det innebär att man startar från banans alla hål. Kom ut och träffa kollegor! Vi ses redan 07:30.Mälarö golfklubb ligger ute på Mälaröarna, mer info och hur man hittar dit.  https://www.malarogk.se/ (https://www.malarogk.se/)Frågor och mer info hanteras på Teamsgruppen (https://teams.microsoft.com/l/team/19:23e742a5627246c9bc903f4ecba5beb1%40thread.skype/conversations?groupId=276ca069-6908-48bb-b9cf-f9608f07bc37&tenantId=b238764b-05b9-48a7-a2bd-55a357dee4ae)  Välkommen!\n",
      "url": "https://b3it.sharepoint.com/teams/TeamB3IT/SitePages/H%C3%A4ng-med-och-spela-golf-med-Team-B3.aspx"
    },
    {
      "id": "71d74610-8a5c-4352-9ede-2b5f0b64883d",
      "title": "Häng med på B3 Spinning!",
      "description": "Sugen på bränna av ett svettigt cykelpass eller kanske rentav testa spinning för första gången? Nu har du möjlighet! Den 12 mars bjuder vår kommunikatör Katarina Lundqvist på ett fartfyllt spinningpass, som hålls på Friskis&Svettis där Katarina är l…",
      "created_by": "Katarina Lundqvist",
      "created_date": "2019-03-04T12:42:17",
      "last_modified_by": "",
      "last_modified_date": "2019-03-04T12:55:36",
      "content": "Sugen på bränna av ett svettigt cykelpass eller kanske rentav testa spinning för första gången? Nu har du möjlighet! \nDen 12 mars bjuder vår kommunikatör Katarina Lundqvist på ett fartfyllt spinningpass, som hålls på Friskis&Svettis där Katarina är ledare på fritiden. Passet hålls exklusivt för oss på B3 och alla kan vara med, såväl elit som nybörjare - du kör helt efter egna förutsättningar. Passet äger rum på Friskis&Svettis Kungsholmen den 12 mars kl. 07.30. Deltagande är helt kostnadsfritt men vi behöver din anmälan i förväg då antalet cyklar är begränsat. Så anmäl intresse redan nu via detta formulär >> (https://forms.office.com/Pages/ResponsePage.aspx?id=S3Y4srkFp0iivVWjV97krp23kVIVON5FjxRWEMyf4FpUQlBWNjVLOE9LMDVMUjg5TkpIRDhESlpKOC4u)\n\n\nVälkommen!\n\n\nTid: 07.30-08.30 ca tisdag den 12 mars\nPlats: Friskis&Svettis Kungsholmen, St Eriksgatan 54.\nAnmälan: Senast den 10 mars via detta formlär >> (https://forms.office.com/Pages/ResponsePage.aspx?id=S3Y4srkFp0iivVWjV97krp23kVIVON5FjxRWEMyf4FpUQlBWNjVLOE9LMDVMUjg5TkpIRDhESlpKOC4u)\nObs! Du får bekräftelse på din bokning med detaljer om lokal etc.\n\n\n\n\n",
      "url": "https://b3it.sharepoint.com/teams/TeamB3IT/SitePages/H%C3%A4ng-med-p%C3%A5-B3-Spinning!.aspx"
    },
    {
      "id": "db5dc94f-f176-415a-9da1-3d671e3cff8d",
      "title": "Häng med på Spin of Hope och bidra till Barncancerfondens viktiga arbete",
      "description": "Den 21 mars är det dags för Spin of Hope, eventet där du kan cykla och bidra till Barncancerfondens viktiga arbete. Spin of Hope arrangeras på många håll i landet och alla pengar som samlas in går till den livsviktiga forskningen samt ger stöd till …",
      "created_by": "Katarina Lundqvist",
      "created_date": "2020-02-11T13:05:23",
      "last_modified_by": "",
      "last_modified_date": "2020-02-12T11:13:27",
      "content": "Den 21 mars är det dags för Spin of Hope, eventet där du kan cykla och bidra till Barncancerfondens viktiga arbete. Spin of Hope arrangeras på många håll i landet och alla pengar som samlas in går till den livsviktiga forskningen samt ger stöd till cancerdrabbade barn och deras familjer.Upplägget är enkelt. Team B3 har en reserverad cykel där du kan komma och trampa en timme på ett fartfyllt spinningpass och samtidigt vara med och cykla för en god sak. Evenemanget pågår mellan 07-19 och förhoppningen är att vi lyckas hålla cykeln igång hela dagen lång.Vi deltar i Spin of Hope Stureplan som erbjuder det fartfyllda och populära konceptet Immersive Fitness och äventyren The Trip™. Vi pratar 3D-upplevelse med hög intensitet i cykelsalen, läs mer om eventet här > (https://www.barncancerfonden.se/event/spin-of-hope/delta/spin-of-hope-stureplan/)Sugen på delta? Fyll i en tid som passar dig i bifogad Excelfil eller maila katarina.lundqvist@b3.se. Först till kvarn gäller. Mer information skickas ut till deltagarna närmare inpå eventet. Att delta är kostnadsfritt då Team B3 står för hyra av cykel, men individuella bidrag till Barncancerfonden uppmuntras, läs mer här > (https://www.barncancerfonden.se/)Frågor?Kontakta Katarina Lundqvist för mer info eller om du har några frågorAnmäl dig i denna lista (/%3ax%3a/r/teams/TeamB3IT/_layouts/15/Doc.aspx?sourcedoc=%7bED9FAAC2-2928-4AB2-B3CC-64B744600F12%7d&file=Spinn-of-hope_65391.xlsx&action=default&mobileredirect=true)\n",
      "url": "https://b3it.sharepoint.com/teams/TeamB3IT/SitePages/H%C3%A4ng-med-p%C3%A5-Spin-of-Hope-och-bidra-till-Barncancerfondens-viktiga-arbete.aspx"
    },
    {
      "id": "adb7f1ac-30a4-4d39-9cc1-c0285e8e8cd8",
      "title": "Konsultaktiviteter",
      "description": "Ska du anordna en konsultträff/aktivitet? Här kommer vi fylla på med massor med bra förslag för dig som ska anordna en konsultaktivitet. Digitalt Escape Room På siten www.greenhatpeople.com hittar du Beat the Hacker som är ett spännande digitalt Esc…",
      "created_by": "Malinda Knudsen",
      "created_date": "2021-04-13T14:46:30",
      "last_modified_by": "",
      "last_modified_date": "2023-04-19T10:00:08",
      "content": "Ska du anordna en konsultträff/aktivitet?Här kommer vi fylla på med massor med bra förslag för dig som ska anordna en konsultaktivitet. \nDigitalt Escape RoomPå siten  www.greenhatpeople.com (https://www.greenhatpeople.com) hittar du Beat the Hacker som är ett spännande digitalt Escape Room. https://www.greenhatpeople.com/culture-values-escape-room-game/ (https://www.greenhatpeople.com/culture-values-escape-room-game/)Beat the Hacker spelas i grupper om 3-5 personer. Deltagarna kan befinna sig var som helst, och allt som behövs för att spela är varsin dator som ansluts till ett videomöte på Zoom/Teams/Meet. Spelet spelas online med skärmdelning. Ni kan välja att spela som del av ett större möte eller när det passar gruppen.Storyn – ni har blivit hackade!En hacker har lyckats ta sig in på företagets servrar och lagt beslag på era datafiler. Han hotar nu att radera filerna inom 45 minuter. Men hackern är inte ute efter pengar, han vill testa era kunskaper med ett antal utmaningar. Om ni visar er värdiga,  och löser uppdragen i tid lovar han att återställa alla era filer.I “Beat the Hacker” utmanas spelarna att lösa kreativa och kluriga uppdrag tillsammans i kampen mot hackern. Eftersom alla deltagare har egna ledtrådar är samarbete nyckeln till framgång. Under spelets gång låses successivt nya, svårare  nivåer upp. Målet är att klara av utmaningarna och slutligen lyckas knäcka det sista uppdraget för att få tillbaka kontrollen över företagets filer.Spelet tar 45 min att spela. Ni kan välja att låta grupperna starta när det passar dem, alternativt exakt samtidigt som del av en konferens. Rekommenderad gruppstorlek är 3-5 personer. Det finns ingen övre gräns när det gäller totala antalet spelare.\n",
      "url": "https://b3it.sharepoint.com/teams/TeamB3IT/SitePages/Konsultaktiviteter.aspx"
    },
    {
      "id": "80560b2c-2efc-4040-aee1-c05635543890",
      "title": "Lyckad spelkväll",
      "description": "Det blev återigen en lyckad spelkväll på huvudkontoret i Stockholm. Det var både medarbetare, medarbetares barn, potentiella kandidater som var med och deltog. Första 1,5h blev tyvärr förryckt av att brandlarmet gick, ett larm som inte heller ville …",
      "created_by": "Tommy Sarenbrant",
      "created_date": "2018-09-20T14:30:30",
      "last_modified_by": "",
      "last_modified_date": "2018-09-20T14:32:19",
      "content": "Det blev återigen en lyckad spelkväll på huvudkontoret i Stockholm. Det var både medarbetare, medarbetares barn, potentiella kandidater som var med och deltog. Första 1,5h blev tyvärr förryckt av att brandlarmet gick, ett larm som inte heller ville sluta när vi väl fick komma in på kontoret igen…\nVårt goda humör och stora brädspelsintresse övervann detta och vi höll på till klockan 23:30 ca.\nTack alla som deltog, alltid lika trevligt!\n",
      "url": "https://b3it.sharepoint.com/teams/TeamB3IT/SitePages/Lyckad-spelkv%C3%A4ll.aspx"
    },
    {
      "id": "534d8236-70ce-43fa-b957-0cfa69e46888",
      "title": "Lättare att hitta på Team B3",
      "description": "Efter lite överläggande med B3:s SharePointexperter (Pia och Johan) kom vi fram till att lägga aktiviteterna som sidor istället för nyheter. Ni hittar dem nu uppe i huvudmenyn under aktiviteter. På det sättet blir de lättare att hitta, och era nyhet…",
      "created_by": "Silvia Modin",
      "created_date": "2017-10-19T06:50:02",
      "last_modified_by": "",
      "last_modified_date": "2019-02-06T14:05:05",
      "content": "Efter lite överläggande med B3:s SharePointexperter (Pia och Johan) kom vi fram till att lägga aktiviteterna som sidor istället för nyheter. \nNi hittar dem nu uppe i huvudmenyn under aktiviteter. På det sättet blir de lättare att hitta, och era nyhetsflöden blir inte överbelamrade med Team B3. \nKänner ni att det saknas något på sidan? Maila Team-b3it@b3it.se så löser vi det! \n",
      "url": "https://b3it.sharepoint.com/teams/TeamB3IT/SitePages/L%C3%A4ttare%20att%20hitta%20p%C3%A5%20Team%20B3IT.aspx"
    },
    {
      "id": "db010ec4-f023-438c-bc35-383f012121ad",
      "title": "Löpning i Göteborg",
      "description": "Vill du ut i naturen och springa med kollegorna i Göteborg? Ta dig till kontoret i Sisjön! Cloud Services tar med er ut på en tur varje tisdag och torsdag 11.30.",
      "created_by": "Malinda Knudsen",
      "created_date": "2017-10-19T06:45:15",
      "last_modified_by": "",
      "last_modified_date": "2023-05-30T08:08:49",
      "content": "Vill du ut i naturen och springa med kollegorna i Göteborg? Ta dig till kontoret i Sisjön! Cloud Services tar med er ut på en tur varje tisdag och torsdag 11.30.\n",
      "url": "https://b3it.sharepoint.com/teams/TeamB3IT/SitePages/L%C3%B6pning%20i%20G%C3%B6teborg(1).aspx"
    },
    {
      "id": "95f5ac1e-d4b9-4fa8-a757-8027986ea3a9",
      "title": "Löpning i Stockholm",
      "description": "Stressa ner på jobbet och följ med oss på en löptur eller powerwalk i Stockholm! Löpning kan sänka stressnivåerna, hålla omotiverade hungerkänslor i schack och stärka immunförsvaret. Och det låter ju bra, eller hur! Hur gör jag för att följa med? On…",
      "created_by": "Malinda Knudsen",
      "created_date": "2017-10-19T06:33:11",
      "last_modified_by": "",
      "last_modified_date": "2023-05-30T08:19:14",
      "content": "Stressa ner på jobbet och följ med oss på en löptur eller powerwalk i Stockholm! Löpning kan sänka stressnivåerna, hålla omotiverade hungerkänslor i schack och stärka immunförsvaret. Och det låter ju bra, eller hur!Hur gör jag för att följa med?Onsdagar 12:00, samling i receptionen på Tegnérgatan 23Hur håller jag mig uppdaterad om det blir löpning? Via Facebookgruppen som du hittar här (https://www.facebook.com/groups/125819914641870/)!Här finns all kommunikation kring löpning samt bilder och tips. Ni springer väl inte på tråkiga ställen? Nej, självklart inte! Vi springer ibland runt Kungsholmen, ibland till Karlbergs IP där vi gör övningar.Man springer eller powerwalkar i sitt eget tempo. Ibland kör vi roliga trappövningar.Vem är ansvarig för löpningen?Växlar mellan de som kan vara med. All info på Facebook (https://www.facebook.com/groups/125819914641870/)!\n",
      "url": "https://b3it.sharepoint.com/teams/TeamB3IT/SitePages/L%C3%B6pning%20i%20Stockholm(1).aspx"
    },
    {
      "id": "d075a940-3357-49d4-bb99-8932a7059ab1",
      "title": "Massage i Göteborg",
      "description": "27/5 kommer Staffan Lindé till oss på Kämpegatan 6 för kontorsmassage. Staffan kommer från Göteborgs Massage & Rehab och är diplomerad massör med många års erfarenhet av att hjälpa människor med att lindra spänningar och smärta.",
      "created_by": "Silvia Modin",
      "created_date": "2019-04-30T06:16:04",
      "last_modified_by": "",
      "last_modified_date": "2019-04-30T08:57:18",
      "content": "27/5 kommer Staffan Lindé till oss på Kämpegatan 6 för kontorsmassage. Staffan kommer från Göteborgs Massage & Rehab och är diplomerad massör med många års erfarenhet av att hjälpa människor med att lindra spänningar och smärta. \n",
      "url": "https://b3it.sharepoint.com/teams/TeamB3IT/SitePages/Massage-i-G%C3%B6teborg.aspx"
    },
    {
      "id": "8b13c005-f3b4-4219-9993-d4633fb768b1",
      "title": "Plankan",
      "description": "Häng med på plankan i 1 min!  Varje vardag kl. 13:55 En perfekt aktivitet för att öka blodcirkulationen och fylla på med energi! Delta fysiskt eller digitalt. Samla ihop dina kollegor och kör tillsammans. Plankan är den ultimata magövningen som pass…",
      "created_by": "Malinda Knudsen",
      "created_date": "2024-02-27T22:32:24",
      "last_modified_by": "",
      "last_modified_date": "2024-02-27T22:39:56",
      "content": "Häng med på plankan i 1 min!  Varje vardag kl. 13:55En perfekt aktivitet för att öka blodcirkulationen och fylla på med energi! Delta fysiskt eller digitalt.  Samla ihop dina kollegor och kör tillsammans. Plankan är den ultimata magövningen som passar perfekt i alla träningsprogram. Man behöver faktiskt inte köra några andra magövningar om man klarar av att göra plankan i minst 60 sekunder.    Så utför du plankan:Lägg dig på marken och stöd dig på armbågarna och tårna. Spänn magen, benen och rumpan och lyft kroppen så att du blir helt rak från hälarna till axlarna. Knyt händerna. Håll denna ställning så länge du kan utan att svanka i ryggen.  På Wallingatan gör vi plankan i aktivitetsrummet men det går även bra att delta digitalt via länken nedan. \n",
      "url": "https://b3it.sharepoint.com/teams/TeamB3IT/SitePages/Plankan.aspx"
    },
    {
      "id": "785a062e-7f59-4d2c-af5f-6418361c62b0",
      "title": "Wellness på B3 - Resultatet från medarbetarundersökningen",
      "description": "Vi är så glada och tacksamma för att över 200 personer har tyckt till om vår wellness-satsning. Syftet med hela undersökningen var att få en förståelse för hur medarbetare uppfattar Team B3 samt hur vi kan driva arbetet för att locka ännu fler att d…",
      "created_by": "Tommy Sarenbrant",
      "created_date": "2018-09-12T11:15:14",
      "last_modified_by": "",
      "last_modified_date": "2018-09-18T14:06:33",
      "content": "Vi är så glada och tacksamma för att över 200 personer har tyckt till om vår wellness-satsning. Syftet med hela undersökningen var att få en förståelse för hur medarbetare uppfattar Team B3 samt hur vi kan driva arbetet för att locka ännu fler att delta i våra aktiviteter. Här kan du läsa en rapport (/%3ab%3a/r/teams/TeamB3IT/Delade%20dokument/rapportB3_uppd--1-_67465.pdf?csf=1&e=wk6ubm) och se svaren från enkäten (/%3ab%3a/r/teams/TeamB3IT/Delade%20dokument/enka%cc%88t-om-friskva%cc%8ard-och-wellness_25479.pdf?csf=1&e=kuF4sg). Vi kommer att analysera resultatet och jobba för att förbättra Team B3.\n",
      "url": "https://b3it.sharepoint.com/teams/TeamB3IT/SitePages/Resultatet-fr%C3%A5n.aspx"
    },
    {
      "id": "bdf6e2c1-3bfb-45f9-a302-004dfd6cb316",
      "title": "Skipping rope challenge",
      "description": "Skipping rope challenge Hopprep är en bra och rolig träningsform där du tränar såväl kondition och styrka som koordination och smidighet. Hopprep kan tränas av alla och det är egentligen bara fantasin som sätter gränserna för vad du kan göra. TeamB3…",
      "created_by": "Malinda Knudsen",
      "created_date": "2022-01-31T09:24:00",
      "last_modified_by": "",
      "last_modified_date": "2022-01-31T11:14:45",
      "content": "Skipping rope challengeHopprep är en bra och rolig träningsform där du tränar såväl kondition och styrka som koordination och smidighet. Hopprep kan tränas av alla och det är egentligen bara fantasin som sätter gränserna för vad du kan göra. TeamB3 kör i gång med en hopprepstävling under februari månad där alla som vill kan vara med. Det enda du behöver är ett hopprep. Om du vill slippa räkna själv så finns det rep att köpa som räknar åt dig.Vecka 1 hoppar vi i 2 minVecka 2 hoppar vi i 3 minVecka 3 hoppar vi i 4 minVecka 4 hoppar vi i 5 minDu fyller själv i excelfilen och i slutet på din rad kommer du se antal totalhopp och din statistik vecka för vecka.När du tränar hopprep är det viktigt att ha bra skor med dämpning. Hopprep med räknare hittar du bl.a. på Stadium, Intersport, Decathlon och Biltema, Happy skipping! ​​​​​​​\n",
      "url": "https://b3it.sharepoint.com/teams/TeamB3IT/SitePages/Skipping-rope-challenge.aspx"
    },
    {
      "id": "1c7748fa-ca3b-471d-8ad4-5941b635cd72",
      "title": "Sponsring",
      "description": "Här hittar du information om sponsring. Det finns tre typer av sponsring på B3: 1. Man sponsrar en förening eller aktiv idrottare från sin ram. Upp till 5 000 kronor/år. Det måste alltid finnas en motprestation från den sponsrade. Frågor kring denna…",
      "created_by": "Malinda Knudsen",
      "created_date": "2017-10-15T13:23:03",
      "last_modified_by": "",
      "last_modified_date": "2024-01-29T17:00:30",
      "content": "Här hittar du information om sponsring.Det finns tre typer av sponsring på B3:1. Man sponsrar en förening eller aktiv idrottare från sin ram. Upp till 5 000 kronor/år. Det måste alltid finnas en motprestation från den sponsrade. Frågor kring denna typ av sponsorskap besvaras av din närmaste chef. 2.  B3 sponsrar förening eller aktiv. Då måste det vara tydligt att kostnaden står i rimlig proportion till marknadsvärdet för B3.Frågor kring denna typ av sponsorskap besvaras av TeamB33. Sponsring av startplatser i lopp. Team B3 sponsrar startplatser då man tävlar och anmäler som grupp under Team B3s flagga. Följande startplatser till lopp bekostas av Team B3:Stafesten (Anmälan görs av Team B3). Run for Pride (Anmälan görs av Team B3). 4. Startavgifter i följande lopp kan tas på kostnadsställe (Ram), men samma regler från Skatteverket gäller. Man behöver anmäla som lag:Stockholm MarathonMidnattsloppetTjejvättern\n",
      "url": "https://b3it.sharepoint.com/teams/TeamB3IT/SitePages/Sponsring.aspx"
    },
    {
      "id": "e16db6ea-a744-4c38-892e-6227a6933b3f",
      "title": "Wellness",
      "description": "​​Vi kör plankan varje dag kl 13.55 ​​​​​​​ Plankan är den ultimata magövningen som passar perfekt i alla träningsprogram. Man behöver faktiskt inte köra några andra magövningar om man klarar av att göra plankan i minst 60 sekunder. Så utför du plan…",
      "created_by": "Malinda Knudsen",
      "created_date": "2020-10-27T10:46:40",
      "last_modified_by": "",
      "last_modified_date": "2023-05-30T08:17:24",
      "content": "\n​​Vi kör plankan varje dag kl 13.55 ​​​​​​​Plankan är den ultimata magövningen som passar perfekt i alla träningsprogram. Man behöver faktiskt inte köra några andra magövningar om man klarar av att göra plankan i minst 60 sekunder. Så utför du plankan: Lägg dig på marken och stöd dig på armbågarna och tårna. Spänn magen, benen och rumpan och lyft kroppen så att du blir helt rak från hälarna till axlarna.Knyt händerna. Håll denna ställning så länge du kan utan att svanka i ryggen.Koppla upp dig via denna länk (https://teams.microsoft.com/l/meetup-join/19:meeting_ODVmMjA5YmItZTFkYi00YmQwLThkMTUtOGU0ZjQ3ZWRhMTQx%40thread.v2/0?context=%7b%22Tid%22:%22b238764b-05b9-48a7-a2bd-55a357dee4ae%22%2c%22Oid%22:%222cc05175-c7f8-469f-ae5c-d2140952d6d4%22%7d) för att vara med via Teams.\n",
      "url": "https://b3it.sharepoint.com/teams/TeamB3IT/SitePages/TeamB3---Wellness.aspx"
    },
    {
      "id": "ec5b8b23-1fa5-484a-8765-c8e22bbbadfa",
      "title": "Triathlon och Ironman",
      "description": "Triathlon och Ironman har under åren blivit nästan synonymt med B3. Över 50 personer har nu kört Ironman på B3. Det är en stor grupp som satsar på denna extremsport och vi vill bli fler! Vi anordnar träningar, läger m.m. All info hittar ni på vår Fa…",
      "created_by": "Malinda Knudsen",
      "created_date": "2017-10-19T06:25:36",
      "last_modified_by": "",
      "last_modified_date": "2023-05-30T08:23:52",
      "content": "Triathlon och Ironman har under åren blivit nästan synonymt med B3. Över 50 personer har nu kört Ironman på B3.Det är en stor grupp som satsar på denna extremsport och vi vill bli fler!Vi anordnar träningar, läger m.m.All info hittar ni på vår Facebooksida (https://www.facebook.com/groups/1455360601457964/)! 2019 hade vi en nybörjargrupp på 25 personer som körde Stockholm Triathlon. Vill du vara med och prova 2024? Kontakta TeamB3Under de senaste åren har vi också sponsrat en tävling i Sundsvall: B3 Triathlon Challenge (https://b3triathlonchallenge.se/). Där har vi gratis startplatser! \n",
      "url": "https://b3it.sharepoint.com/teams/TeamB3IT/SitePages/Triathlon%20och%20Ironman.aspx"
    },
    {
      "id": "4dfafb59-8426-4c01-a209-721224dc2d46",
      "title": "Träna HIIT med Team B3",
      "description": "Lunchträna HIIT med Team B3! Välkommen att lunchträna med ledarledd träning via Teams . Perfekt för dig som jobbar hemifrån dessa dagar, eller har tillgång till en annan lämplig träningsyta. Träningen genomförs med HIIT-upplägg (High-inteity interva…",
      "created_by": "Johnne Adermark",
      "created_date": "2023-08-29T11:24:09",
      "last_modified_by": "",
      "last_modified_date": "2023-08-29T11:40:37",
      "content": "Lunchträna HIIT med Team B3! Välkommen att lunchträna med ledarledd träning via Teams. Perfekt för dig som jobbar hemifrån dessa dagar, eller har tillgång till en annan lämplig träningsyta.Träningen genomförs med HIIT-upplägg (High-inteity interval training), som består av korta men intensiva intervaller. För att delta i träningen är det en fördel om du har tillgång till en yoga-matta eller dylikt, samt vattenflaska.Du kan behöva duscha efter detta pass. Det är därför även bra om du har möjlighet till dusch och ombyte.Träningen leds av vår fantastiska Katarina Korpenstam från B3 Upphandling, som förutom att vara senior upphandlingskonsult är certifierad HIIT-instruktör.För att delta krävs ingen anmälan, utan du lägger in Teamslänken nedan i din kalender på torsdagar 12:15-12:50,Start torsdag 31/8, och vi håller på oktober ut (dock ej 21/9).Hoppas vi ses! Anslut från datorn, mobilappen eller rumenhetenAnslut via denna länk till träningen (https://teams.microsoft.com/l/meetup-join/19:meeting_ZjkyYzEyMjgtZjVmNS00NTk1LTg4NjQtZjg2MGZlYWMwZWUw%40thread.v2/0?context=%7b%22Tid%22:%22b238764b-05b9-48a7-a2bd-55a357dee4ae%22%2c%22Oid%22:%221ebae682-588d-4117-b752-38ab812b8abc%22%7d) \n\nOvan är en bild med ett textöverlägg. Klicka i bilden om du vill ersätta texten med en egen text.  \nOvan är en bild med ett textöverlägg. Klicka i bilden om du vill ersätta texten med en egen text.  \nOvan är en bild med ett textöverlägg. Klicka i bilden om du vill ersätta texten med en egen text.  \n",
      "url": "https://b3it.sharepoint.com/teams/TeamB3IT/SitePages/Tr%C3%A4na-HIIT-med-Team-B3.aspx"
    }
  ]
}