{
  "name": "Telia",
  "description": "Vi är flera på B3IT som har intresse av vad som händer omkring Telia. Dela sådant som du tycker är intressant allmänt eller om uppdrag på Telia.",
  "url": "https://b3it.sharepoint.com/teams/telia355",
  "pages": [
    {
      "id": "eee6d48b-7f4a-4e26-8776-ee0c5dd75ef8",
      "title": "Home",
      "description": "",
      "created_by": "Systemkonto",
      "created_date": "2024-01-14T00:35:57",
      "last_modified_by": "",
      "last_modified_date": "2024-01-14T00:35:57",
      "content": "",
      "url": "https://b3it.sharepoint.com/teams/telia355/SitePages/Home.aspx"
    }
  ]
}