{
  "name": "The Data Driven Company",
  "description": "This is a forum for discussing thoughts, opportunities and insights related to the \"Data Driven Company\". It can encompass Analytics in its broader sense, and also more specific threads on AI or general data strategy & mangagement. It could involve training, client opportunities, suggestions for service packaging and more. Overall, it is the place to connect the competences across the various b3 companies relating to helping customer becoming more data driven.\n\nFor the official presentations, please refer to Data Driven Company-materials under the team \"B3 Tjänstekoncept\".",
  "url": "https://b3it.sharepoint.com/teams/AIandDataScienceinb3",
  "pages": [
    {
      "id": "6ceaa26c-693a-4fe4-8221-e0d2b0b89fea",
      "title": "Startsida",
      "description": "",
      "created_by": "Systemkonto",
      "created_date": "2020-06-14T00:05:54",
      "last_modified_by": "",
      "last_modified_date": "2020-06-14T00:05:54",
      "content": "",
      "url": "https://b3it.sharepoint.com/teams/AIandDataScienceinb3/SitePages/Home.aspx"
    }
  ]
}