{
  "name": "Upphandlingsteamet",
  "description": "",
  "url": "https://b3it.sharepoint.com/teams/Upphandlingsteamet",
  "pages": [
    {
      "id": "85105f06-8bbd-44bd-9561-15ac35b0a416",
      "title": "Startsida",
      "description": "",
      "created_by": "Systemkonto",
      "created_date": "2018-11-17T10:06:21",
      "last_modified_by": "",
      "last_modified_date": "2018-11-17T10:06:21",
      "content": "",
      "url": "https://b3it.sharepoint.com/teams/Upphandlingsteamet/SitePages/Home.aspx"
    }
  ]
}