{
  "name": "Wallingatan 2",
  "description": "Information om vårt kontor på Wallingatan 2.",
  "url": "https://b3it.sharepoint.com/teams/Kungsbron2",
  "pages": [
    {
      "id": "306b5b81-faf6-4f30-b8a7-57ce9372b272",
      "title": "Beställ mat och fika",
      "description": "HÄR beställer du frukost, fikabröd och lunch- eller kvällsmat till ditt möte. Vi beställer din mat från Aptit , Godsmak eller Caterbee. Där finns det flera olika restauranger att välja mellan, så kika gärna där om du vill se vad som erbjuds. I medde…",
      "created_by": "Malinda Knudsen",
      "created_date": "2017-08-31T14:10:01",
      "last_modified_by": "",
      "last_modified_date": "2024-04-24T07:27:08",
      "content": "HÄR (https://web.powerapps.com/webplayer/app?appId=/providers/Microsoft.PowerApps/apps/f5b1e2c2-c45d-4a36-8247-b4dcb106d786) beställer du frukost, fikabröd och lunch- eller kvällsmat till ditt möte.Vi beställer din mat från Aptit (https://www.aptit.se) , Godsmak (https://www.godsmak.se/?gclid=CjwKCAjw1ICZBhAzEiwAFfvFhM9dPyMdAym03vAP7KGhfOPyBsDHmpuw3fKajiepUyEYQ_Y41UACmBoCmXAQAvD_BwE) eller Caterbee. (https://caterbee.com/?gad_source=1&gclid=CjwKCAjw26KxBhBDEiwAu6KXt2zLdQVBtqPlH0SWrMbq4M0mSFxBtlLYKlqXcUi4Bl3ACpLoXi612hoCZ2YQAvD_BwE) Där finns det flera olika restauranger att välja mellan, så kika gärna där om du vill se vad som erbjuds. I meddelande skriver du om dina speciella önskemål. -För upp till 20 personer lämnar du din beställning senast en arbetsdag (24 h) innan mötet.-För fler än 20 personer gör du den senast två arbetsdagar (48 h) innan mötet.Vid leveranser före 08:00 och efter 16:00 tar mötesansvarig själv emot budet.Vid beställning av catering för fler än 50 deltagare behöver oftast leverantören lite längre tid på sig, ca 5-10 arbetsdagar innan mötet. Vänligen kontakta då Backoffice direkt.\nBeställningsformuläret Kakmonstret finns även som en app, du hittar den i PowerApps i Office365 och i mobilappen PowerApps. Gör såhär för att ladda ned till din mobil.Skaffa PowerApps-appen i Appstore/Google Play. Logga in med ditt B3-kontoI PowerApps, hitta appen Kakmonstret (kan behöva bytas filtrering till \"Alla appar\" om den inte syns). Tryck på dom tre punkterna och välj \"Fäst på startsida\" om du vill kunna öppna den direkt utan att behöva gå via PowerApps.Gör din beställning!\nHär ser du dina beställningar som ännu inte är behandlade.\n",
      "url": "https://b3it.sharepoint.com/teams/Kungsbron2/SitePages/Best%C3%A4ll%20mat%20och%20fika.aspx"
    },
    {
      "id": "78a4d908-4cf9-44a1-9add-4e91b75a9092",
      "title": "Beställ nyckelbricka",
      "description": "Här beställer du nyckelbricka till Wallingatan 2 Har du en redan en bricka till Tegnérgatan? Då behöver du inte beställa en ny, denna kommer att fungera till Wallingatan 2.",
      "created_by": "Malinda Knudsen",
      "created_date": "2018-09-10T12:58:28",
      "last_modified_by": "",
      "last_modified_date": "2023-12-18T20:00:14",
      "content": "Här beställer du nyckelbricka till Wallingatan 2Har du en redan en bricka till Tegnérgatan? Då behöver du inte beställa en ny, denna kommer att fungera till Wallingatan 2. \n",
      "url": "https://b3it.sharepoint.com/teams/Kungsbron2/SitePages/Best%C3%A4ll-nyckelbricka.aspx"
    },
    {
      "id": "9b2258ec-9409-49ec-925e-f0a4a1dad01e",
      "title": "Besöksregistrering",
      "description": "Nu är besöksregistreringsdatorn på plats! I entrén finns nu vår egen brandade besöksregistreringsdator. Visst är den cool? Varje besökare skall registrera sig inför sitt möte med sitt namn, företag, mobilnr samt vem man skall besöka. Ett sms skickas…",
      "created_by": "Malinda Knudsen",
      "created_date": "2023-08-29T08:12:12",
      "last_modified_by": "",
      "last_modified_date": "2024-01-29T14:58:21",
      "content": "Nu är besöksregistreringsdatorn på plats!I entrén finns nu vår egen brandade besöksregistreringsdator. Visst är den cool?Varje besökare skall registrera sig inför sitt möte med sitt namn, företag, mobilnr samt vem man skall besöka. Ett sms skickas då automatiskt till mötesbokaren. Besökaren får en besöksetikett utskriven som skall bäras synligt.Viktigt är att besökaren checkar ut sig när hen går, vilket smidigt görs genom att scanna etiketten under skärmen på besöksdatorn.Har du några frågor, tveka inte att fråga mig./Linda\n",
      "url": "https://b3it.sharepoint.com/teams/Kungsbron2/SitePages/Bes%C3%B6ksregistrering.aspx"
    },
    {
      "id": "856e4da2-dad4-4325-bba9-33fb97bd479d",
      "title": "FAQ-Flytt",
      "description": "FAQ FLYTT W2 I december flyttar B3 Stockholmskontoret till nya lokaler på Wallingatan 2. Här har vi samlat frågor och svar kring flytten, vi fyller på med vanligt förekommande frågor som kommer via mejl. Vilket datum blir flytten? Svar:  27 december…",
      "created_by": "Malinda Knudsen",
      "created_date": "2023-05-16T14:07:42",
      "last_modified_by": "",
      "last_modified_date": "2023-12-14T11:38:28",
      "content": "FAQ FLYTT W2I december flyttar B3 Stockholmskontoret till nya lokaler på Wallingatan 2. Här har vi samlat frågor och svar kring flytten, vi fyller på med vanligt förekommande frågor som kommer via mejl.  Vilket datum blir flytten?Svar:  27 decemberKan jag jobba eller åka in på kontoren under flytten?Svar: Tyvärr finns ingen möjlighet att jobba på kontoren 23 december- 7 januariDetta för att vi måste flytta nätet samt passagesystemet från Tegnérgatan 23 till Wallingatan 2.  Kommer jag in med min nyckeltagg på nya kontoret?Svar: Du kommer in med din tagg till vårt eget system på plan 5 som vanligt.Vi hoppas på att även kunna flytta över loggen även till entrédörren.Entrédörren är öppen vardagar 8-17 så då kommer du in utan tagg.Hur många mötesrum finns i nya lokalen?RumsnamnAntal platser Utrustning Rumspanel Tarana Burke16TV 98\" Videokonferensutrustning, Apple-TV, Chromecast JaGreta ersätts av Mary Kenneth Keller 4Meetingboard 65\" Apple-TV, Chromecast JaToni Morrisson4TV 65\" Videokonferensutrustning, Apple-TV, Chromecast JaMalala Yousafzai8TV 65\" Videokonferensutrustning, Apple-TV, Chromecast JaEster  Blenda Nordström 8TV 65\" Videokonferensutrustning JaMargret Hamilton6TV 65\" Videokonferensutrustning JaRosa Parks8TV 65\" Videokonferensutrustning JaFrida Kahlo8TV 65\" Videokonferensutrustning, Apple-TV, Chromecast JaCafé50Projektor, Projektorduk, Sonos musikanläggning Bokningsbart efter kl 16:00JaTeamrummet50Projektor, Projektorduk, Videokonferensutrustning,  Sonos musikanläggningNejMarie Curie4Samtalsrum, Ingen utrustning JaKatherine Johnson3Samtalsrum, Ingen utrustning JaHedy Lamar 3Samtalsrum, Ingen utrustning JaLinn Conway4Samtalsrum, Ingen utrustning JaGladys West3Samtalsrum, Ingen utrustning JaSelma Lagerlöf4Samtalsrum/Vilrum, Ingen utrustning JaStudion StudioutrustningJa Vad händer med mina kommande mötesbokningar när vi flyttar och kan jag boka rum redan nu?Svar: Bokningar gjorda i Studion, Teamrummet, Caféet, Tarana, Malala, Toni, Greta och Frida följer med till nya rum se spec. ovan.Greta samt övriga nya rum kommer att få nya namn i kalendern.Det går bra att boka befintliga rum för nästa år. De nya rummet kommer dyka upp i kalendern senare.  Finns det gym i närheten?Svar: Ett stenkast från kontoret finns ett stort utbud av gymkedjor Sats, Nordic Wellness, Friskis och Svettis samt Acid Training Finns det några restauranger i närheten?Svar: Det finns ett stort utbud av lunchställen och här är några som bara ligger runt hörnet: Hattori Sushi Devil, Restaurang Underbar, Vi-Na Fresh, Phils Burger, Tjabba Thai, Indian Street Food, Muffin Bakery, La Neta, Poh-Keh Hawaiian. Kommer det vara samma lösenord till WIFI?Svar: Det kommer nya lösenord till både vårt gäst-nät och B3-nät. Dessa läggs upp på intranätet när det är klart.  Vad händer med mitt Skåp/Personliga saker?Svar: Senast 15 december ska du ha tömt eventuellt skåp samt hämtat dina personliga saker.Har du inte möjlighet att tömma ditt skåp själv mejlar du till backoffice@b3.se (mailto:backoffice@b3.se) så kommerLinda tömma ditt skåp i en påse som sedan följer med till nya lokalen. Vi ser över en annan lösning med skåp i nya lokalen, mer information om detta kommer senare. Finns det dusch i nya lokalen?Svar: Ja, det finns tre duschar, omklädningsrum och torkskåp i nya lokalen. Finns det cykelförråd?Svar: Ja, cykelförråd finns i med ingång från innergården via Drottninggatan.Det finns även cykelparkering på gården innanför låst grind.   Finns det parkering?Svar: Nej, fastigheten har inga parkeringsplatser.Parkering hänvisas gatorna och parkeringsgarage via Aimo Park på Wallingatan 10 samt Wallingatan 20-22 Finns det någon matbutik i närheten?Svar: Ja, Coop på Sveavägen kommer fortfarande att ligga nära och 7eleven ligger bara ett par meter i från.  Vad finns det för grönområden i närheten?Svar: Tegnérlunden bara ett stenkast ifrån och man kan också njuta av solen på en bänk på Adolf Fredriks kyrkogård. Projektledare och kontaktperson för flyttprojektet är Malinda KnudsenHar du övriga frågor eller funderingar går det bra att mejla: malinda.knudsen@b3.se (mailto:malinda.knudsen@b3.se)   \n",
      "url": "https://b3it.sharepoint.com/teams/Kungsbron2/SitePages/FAQ.aspx"
    },
    {
      "id": "bfc32e46-6284-45f1-a92f-7653fc1d23f4",
      "title": "Information om B3s nya Stockholmskontor - Wallingatan 2",
      "description": "Information finns även på Teams Teamet hittar du genom att klicka på länken nedan Planskiss över nya lokalen",
      "created_by": "Malinda Knudsen",
      "created_date": "2023-05-16T13:34:14",
      "last_modified_by": "",
      "last_modified_date": "2023-11-22T22:03:24",
      "content": " Information finns även på TeamsTeamet hittar du genom att klicka på länken nedan \nPlanskiss över nya lokalen\n",
      "url": "https://b3it.sharepoint.com/teams/Kungsbron2/SitePages/Flytt--Wallingatan-2.aspx"
    },
    {
      "id": "25551a5c-f809-480e-b4d2-b513ae4ab8c2",
      "title": "Startsida",
      "description": "Vad händer på Wallingatan 2? Vecka 27 1 juli - 5 juli MÅNDAG 09.00 InRätt kommer och monterar upp 7 nya arbetsplatser Första aktiva delen TISDAG ONSDAG TORSDAG Convini kommer och tömmer kylen FREDAG Önskar er alla en fantastisk sommar så ses vi augu…",
      "created_by": "Linda Gröning",
      "created_date": "2017-08-25T09:42:47",
      "last_modified_by": "",
      "last_modified_date": "2024-07-02T08:42:28",
      "content": "Vad händer på Wallingatan 2?Vecka 271 juli - 5 juliMÅNDAG09.00 InRätt kommer och monterar upp 7 nya arbetsplatserFörsta aktiva delenTISDAG ONSDAG TORSDAGConvini kommer och tömmer kylen FREDAG  Önskar er alla en fantastisk sommar så ses vi augusti igen! ​​​​Kom i håg:Plankan varje dag 13:55 - På plats & Digitalt Plankan har sommarledigt v28-31  Trevlig helg!\n",
      "url": "https://b3it.sharepoint.com/teams/Kungsbron2/SitePages/Home.aspx"
    },
    {
      "id": "34eb56a4-161f-443e-81f4-525d7fbbda91",
      "title": "Konferensrumskarta & Rumspecifikation",
      "description": "Rumsnamn Antal platser Utrustning Rumspanel Tarana Burke 16 TV 98\" Videokonferensutrustning, Apple-TV, Chromecast Ja Mary Kenneth Keller 6 Meetingboard 65\" Apple-TV, Chromecast Ja Toni Morrisson 4 TV 65\" Videokonferensutrustning, Apple-TV, Chromecas…",
      "created_by": "Malinda Knudsen",
      "created_date": "2024-01-10T10:55:25",
      "last_modified_by": "",
      "last_modified_date": "2024-06-04T07:21:10",
      "content": "RumsnamnAntal platser Utrustning Rumspanel Tarana Burke16TV 98\" Videokonferensutrustning, Apple-TV, Chromecast JaMary Kenneth Keller 6Meetingboard 65\" Apple-TV, Chromecast JaToni Morrisson4TV 65\" Videokonferensutrustning, Apple-TV, Chromecast JaMalala Yousafzai8TV 65\" Videokonferensutrustning, Apple-TV, Chromecast JaEster  Blenda Nordström 8TV 65\" Videokonferensutrustning JaMargret Hamilton6TV 65\" Videokonferensutrustning JaRosa Parks10TV 65\" Videokonferensutrustning JaFrida Kahlo8TV 65\" Videokonferensutrustning, Apple-TV, Chromecast JaCafé50Projektor, Projektorduk, Sonos musikanläggning. Bokningsbart efter 16:00JaTeamrummet50Projektor, Projektorduk, Videokonferensutrustning,  Sonos musikanläggningNejMarie Curie2Samtalsrum, Ingen utrustning JaKatherine Johnson2Samtalsrum, Ingen utrustning JaHedy Lamar 4Samtalsrum, Ingen utrustning JaLinn Conway4Samtalsrum, Ingen utrustning JaGladys West4Samtalsrum, Ingen utrustning JaSelma Lagerlöf4Samtalsrum/Vilrum, Ingen utrustning JaStudion StudioutrustningJa\n\n",
      "url": "https://b3it.sharepoint.com/teams/Kungsbron2/SitePages/Konferensrumskarta.aspx"
    },
    {
      "id": "e0262043-8c3d-4e6a-b41f-d1dee22f9679",
      "title": "Larm och brandskydd",
      "description": "Systematiskt Brandskyddsarbete (SBA) Wallingatan 2 Lagen om skydd mot olyckor kräver att en arbetsplats har ett fullgott brandskydd. På Wallingatan 2 arbetar vi kontinuerligt med Systematisk Brandskyddsarbete. Som medarbetare på B3 ansvarar du själv…",
      "created_by": "Malinda Knudsen",
      "created_date": "2017-10-02T11:46:19",
      "last_modified_by": "",
      "last_modified_date": "2024-02-26T15:05:39",
      "content": "Systematiskt Brandskyddsarbete (SBA) Wallingatan 2Lagen om skydd mot olyckor kräver att en arbetsplats har ett fullgott brandskydd.På Wallingatan 2 arbetar vi kontinuerligt med Systematisk Brandskyddsarbete.Som medarbetare på B3 ansvarar du själv för att ta del av vår brandskyddsinformation, det gör du enklast genom att läsa dokumentationen via länkarna här till höger. För dig som är särskilt intresserad av vårt arbete finns vår SBA-pärm att läsa, ligger på skåpet vid zebran bakom Lindas arbetsplats.Brandskydskyddsansvarig är Linda Gröning och brandskyddskontrollantär Joakim VikmanHandlingsplan vid kris eller allvarlig händelseOm en allvarlig händelse inträffar har B3 tagit fram en krisplan (/teams/Intranet/SitePages/Krisplan-f%c3%b6r-B3.aspx). Här beskrivs hur B3 centralt hanterar en kris eller allvarligt händelse. Den finns också att låna i receptionen för genomläsning. Larm och passersystemVåra nyckelbrickor fungerar både för passage i fastigheten och till vår lokal på plan 5. För inpassage till kontoret  lägger nyckelbrickan (taggen) emot panelen och anger din personliga kod för att öppna dörren. Nyckelbricka + kod gäller dygnet runt. Du använder även nyckelbrickan för att aktivera/avaktivera larmet i vår lokal samt för att ”köpa tid” efter klockan 23:00 då larmet är inställt på att aktiveras automatiskt.I länkarna till höger finns instruktioner och filmer som visar hur du aktiverar/avaktiverar larmet och över hur du köper tid. Du beställer din nyckelbricka via formuläret som finns på intranätet (/teams/Kungsbron2/SitePages/Best%c3%a4ll-nyckelbricka.aspx). Tillsammans med din nyckelbricka kommer du att få en personlig kod. Backoffice är bemannad vardagar mellan 08:00-16:00. (lunchstängt 12:15-12:45)Återinrymningsbar entrédörrOm man av misstag råkar öppna entrédörren med det plomberade dörrhandtaget istället för med dörröppningsknappen – larm kommer att ljuda samt röd lampa ovanför entrédörren kommer att blinka. Detta larm har ingen koppling till Securitas. Ta kontakt med Linda Gröning 073-5055073  för vidare instruktion vad gäller hur man stänger av larmet.Observera!Är du sist i lokalen ska du alltid aktivera larmet när du går.Du måste ha lämnat lokalen innan 23:00 om du inte har en nyckelbricka att köpa tid med eftersom lokalen låses automatiskt i och med att proceduren för automatiskt larmtillslag startar.Nyckelbricka kan också användas för utskrifter via vår pull-print-lösning, läs mer om det här (/teams/Kungsbron2/SitePages/S%c3%a5%20h%c3%a4r%20fungerar%20skrivarna.aspx?web=1).FAQFråga: Jag har glömt min kod, hur kan jag få reda på den?Svar: Tag kontakt med backoffice på backoffice@b3.se (mailto:backoffice@b3.se) så hjälper vi dig.Fråga: Varför kan jag inte hålla nyckelbrickan i samma hand som jag slår koden med?Svar: Om du håller nyckelbrickan i samma hand som du slår koden med så läses den av flera gånger, det betyder att panelen inte vet när du börjar/slutar att slå dina siffror. Det är stor riska att du råkar spärra din nyckelbricka.Fråga: Jag har ingen nyckelbricka, kommer jag in på kontoret då?Svar: Vi bemannar backoffice vardagar 08:00-16:00. Du kan då ringa dig in i första dörren via porttelefonen och du kommer då in i zon 1. För att komma in i zon 2 så behöver du vänta tills backoffice kommer och öppnar. Men vi rekommenderar alla som är på kontoret att skaffa en nyckelbricka. Fråga: Jag har tappat bort min nyckelbricka, vad gör jag nu?Svar: Ta så fort som möjligt kontakt med backoffice så vi kan spärra den. Vi beställer också en ny nyckelbricka till dig.Fråga: Jag har flera liknande nyckelbrickor och tycker att det är praktiskt att hänga taggen på ett B3-nyckelband, är det OK?Svar: Nej, det är absolut INTE tillåtet att markera nyckelbrickan på ett sånt sätt att det går att gissa sig till vad den går.Fråga: Jag har råkat sätta igång larmet av misstag, hur gör jag för att avaktivera det?Svar: Håll din nyckelbricka mot knappsatsen och slå in din fyrsiffriga kod.\n Brandskyddsinformation SBA​​​​​​​Utrymningsplan (/teams/Kungsbron2/Delade%20dokument/Forms/AllItems.aspx?id=/teams/Kungsbron2/Delade%20dokument/Bilaga%208%20Utrymningsplan.pdf&parent=/teams/Kungsbron2/Delade%20dokument)Om det börjar brinna i lokalen (/%3aw%3a/r/teams/Kungsbron2/_layouts/15/Doc.aspx?sourcedoc=%7bC03BDCC0-256A-480A-9C75-56BE0F285179%7d&file=G%C3%B6r%20s%C3%A5%20h%C3%A4r%20om%20det%20b%C3%B6rjar%20brinna%20i%20lokalen.docx&action=default&mobileredirect=true)\n Larm och passersystemAvaktivera larmet/inpassage utom kontorstid (/teams/Kungsbron2/_layouts/15/guestaccess.aspx?guestaccesstoken=8s2hC1bLgQ0nXFPT1KMeKoRzTdalkohrJqhmURQDejo%3d&docid=2_1219d89fa4e9c4d8095e63c855fedb8ca&rev=1)Aktivera larmet (/teams/Kungsbron2/_layouts/15/guestaccess.aspx?guestaccesstoken=5pO8A44p3MKA/AT8/w4/%2bkk%2bPzSrO6PTgFVo3n9dhis%3d&docid=2_138b265695fa34239b443656216871481&rev=1)Film (https://www.youtube.com/watch?v=UsxS9TMAWDA) aktivera/avaktivera larmetAutomatisk larmtillslag – köpa tid (/teams/Kungsbron2/_layouts/15/guestaccess.aspx?guestaccesstoken=2s9RR/DDB7Tw9vW%2bDWukNPJ96RGjykNWcmF1hJwCteM%3d&docid=2_15f7430b3b6214e6cae45702cc73e584a&rev=1)Film (https://www.youtube.com/watch?v=UEEA3CSVXqQ) automatisk larmtillslag – köpa tid\nKrisplan för B3Handlingsplan vid allvarlig händelse (/teams/Intranet/SitePages/Krisplan-f%c3%b6r-B3.aspx) \n",
      "url": "https://b3it.sharepoint.com/teams/Kungsbron2/SitePages/Larm%20och%20brandskydd.aspx"
    },
    {
      "id": "bc3e1bad-3da4-466d-a8ba-b2d26b96e1e9",
      "title": "Månads-AW 28/6 på W2",
      "description": "Då var det dags för W2:s sista Månads-AW innan sommaren! Kom och fira in sommaren & den stundande semestern med något gott i glasen, svalkande mjukglass & något lättare att äta. Varmt välkomna till Caféet Fredagen den 28 juni från kl 16.00 Sedan tar…",
      "created_by": "Linda Gröning",
      "created_date": "2024-06-18T09:03:12",
      "last_modified_by": "",
      "last_modified_date": "2024-06-18T09:11:54",
      "content": " Då var det dags för W2:s sista Månads-AW innan sommaren! Kom och fira in sommaren & den stundande semestern med något gott i glasen, svalkande mjukglass & något lättare att äta. Varmt välkomna till CaféetFredagen den 28 juni från kl 16.00  Sedan tar AW:n semesterledigt och är tillbaka igen den 30/8 Glad sommar till er alla! /Linda   \n",
      "url": "https://b3it.sharepoint.com/teams/Kungsbron2/SitePages/M%C3%A5nads-AW-28-6.aspx"
    },
    {
      "id": "43536ea1-48a2-44f0-a12e-14ffd7b800f7",
      "title": "Nu har skrivarlösningen även stöd för Mac",
      "description": "Nu har vår skrivarlösning även stöd för Mac, se den uppdaterade instruktionen som finns här .",
      "created_by": "Joakim Vikman",
      "created_date": "2021-01-15T08:39:12",
      "last_modified_by": "",
      "last_modified_date": "2021-10-19T05:21:18",
      "content": "Nu har vår skrivarlösning även stöd för Mac, se den uppdaterade instruktionen som finns här (/%3aw%3a/r/teams/ITPortalen/_layouts/15/Doc.aspx?sourcedoc=%7b8A66B3D0-16D1-43E4-A22D-963ED3A81304%7d&file=Va%CC%8Ar%20nya%20skrivarlo%CC%88sning%20fra%CC%8An%20Canon.docx&action=default&mobileredirect=true).\n",
      "url": "https://b3it.sharepoint.com/teams/Kungsbron2/SitePages/Nu-har-skrivarl%C3%B6sningen-%C3%A4ven-st%C3%B6d-f%C3%B6r-Mac.aspx"
    },
    {
      "id": "d2fe12d2-8467-4f43-8cb7-9b130be64c8d",
      "title": "Konferensrum- Wallingatan 2",
      "description": "Tusen tack för alla fantastiska förslag och efter grundlig research så har vi utsett följande namn: Rumsnamn Antal platser Utrustning Rumspanel Tarana Burke 16 TV 98\" Videokonferensutrustning, Apple-TV, Chromecast Ja Mary Kenneth Keller 6 Meetingboa…",
      "created_by": "Malinda Knudsen",
      "created_date": "2023-11-22T20:24:26",
      "last_modified_by": "",
      "last_modified_date": "2024-01-19T11:06:32",
      "content": "Tusen tack för alla fantastiska förslag och efter grundlig research så har vi utsett följande namn: RumsnamnAntal platser Utrustning Rumspanel Tarana Burke16TV 98\" Videokonferensutrustning, Apple-TV, Chromecast JaMary Kenneth Keller 6Meetingboard 65\" Apple-TV, Chromecast JaToni Morrisson4TV 65\" Videokonferensutrustning, Apple-TV, Chromecast JaMalala Yousafzai8TV 65\" Videokonferensutrustning, Apple-TV, Chromecast JaEster Blenda Nordström 8TV 65\" Videokonferensutrustning JaMargret Hamilton6TV 65\" Videokonferensutrustning JaRosa Parks10TV 65\" Videokonferensutrustning JaFrida Kahlo8TV 65\" Videokonferensutrustning, Apple-TV, Chromecast JaCafé50Projektor, Projektorduk, Sonos musikanläggning. Bokningsbart efter 16:00JaTeamrummet50Projektor, Projektorduk, Videokonferensutrustning,  Sonos musikanläggningNejMarie Curie3Samtalsrum, Ingen utrustning JaKatherine Johnson3Samtalsrum, Ingen utrustning JaHedy Lamar 4Samtalsrum, Ingen utrustning JaLinn Conway4Samtalsrum, Ingen utrustning JaGladys West4Samtalsrum, Ingen utrustning JaSelma Lagerlöf4Samtalsrum/Vilrum, Ingen utrustning JaStudion StudioutrustningJa Stort tack till alla som inkom med fantastiska tips på namn. \n",
      "url": "https://b3it.sharepoint.com/teams/Kungsbron2/SitePages/Nya-konferensrum--Wallingatan-2.aspx"
    },
    {
      "id": "76143c00-2975-45b9-90a4-53df539b113f",
      "title": "Ny pappersstrimlare till kontoret",
      "description": "Nu har vi införskaffat en ny (och säker) pappersstrimlare till kontoret. Makulera 15 ark åt gången med avbrottsfri teknik. 30L behållare. P5 säkerhetsklass, d.v.s. den strimlar papper till bitar om 2x15mm. Maaassor av bitar blir det. Manualen hittar…",
      "created_by": "Joakim Vikman",
      "created_date": "2019-10-03T10:36:57",
      "last_modified_by": "",
      "last_modified_date": "2019-10-03T10:54:32",
      "content": "Nu har vi införskaffat en ny (och säker) pappersstrimlare till kontoret. Makulera 15 ark åt gången med avbrottsfri teknik. 30L behållare. P5 säkerhetsklass, d.v.s. den strimlar papper till bitar om 2x15mm. Maaassor av bitar blir det.\nManualen hittar du till vänster.\n",
      "url": "https://b3it.sharepoint.com/teams/Kungsbron2/SitePages/Ny-pappersstrimmlare-till-kontoret.aspx"
    },
    {
      "id": "c3b18d89-4795-41f1-bce6-8cc1b210fdfa",
      "title": "Skrivarlösning från Canon",
      "description": "Nya skrivare från Canon är installerade. ​​​​​​​Instruktion för hur du kommer igång finns här .",
      "created_by": "Malinda Knudsen",
      "created_date": "2020-06-08T09:07:11",
      "last_modified_by": "",
      "last_modified_date": "2024-01-29T14:59:03",
      "content": "Nya skrivare från Canon är installerade. ​​​​​​​Instruktion för hur du kommer igång finns här (/%3aw%3a/r/teams/ITPortalen/_layouts/15/Doc.aspx?sourcedoc=%7b8A66B3D0-16D1-43E4-A22D-963ED3A81304%7d&file=Va%CC%8Ar%20nya%20skrivarlo%CC%88sning%20fra%CC%8An%20Canon.docx&action=default&mobileredirect=true).\n",
      "url": "https://b3it.sharepoint.com/teams/Kungsbron2/SitePages/Ny-skrivarl%C3%B6sning-fr%C3%A5n-Canon.aspx"
    },
    {
      "id": "4dd4a4ee-6f4d-4595-bc1e-97bad4f0afb7",
      "title": "Om flytten",
      "description": "27 december flyttar B3 Stockholmskontoret till nya lokaler på Wallingatan 2. Här kommer löpande information om flyttprojektet. Bygget är i gång och inflyttning kommer att ske 27 december. Kontoret på Tegnergatan 23 stänger den 22 december. Vi öppnar…",
      "created_by": "Malinda Knudsen",
      "created_date": "2023-05-16T14:00:38",
      "last_modified_by": "",
      "last_modified_date": "2023-11-22T20:22:52",
      "content": "27 december flyttar B3 Stockholmskontoret till nya lokaler på Wallingatan 2.  Här kommer löpande information om flyttprojektet. Bygget är i gång och inflyttning kommer att ske 27 december. Kontoret på Tegnergatan 23 stänger den 22 december. Vi öppnar upp igen på Wallingatan den 8 januari. Så fort ritningen över lokalen är klar kommer den att laddas upp på denna sida alla kan ta del av denna. Lokalen är 1471kvm, dvs dubbelt så stort som Tegnérgatan.  Lokalen kommer fler mötesrum än i dagsläget och om allt går enligt plan kommer det att se ut på detta vis:8 Mötesrum (18p, 4x10p, 8p, 6p, 4p)6 Samtalsrum (3p)10 Samtalspoddar (1p)1 Teamrum/utbildningsrum (50p bio)1 Café (Bokningsbart innan 8:00 och efter 16:00)1 Studio för digitala sändningar Vi har satt i hop en mindre flyttprojektgrupp bestående av: Camilla Landén, VD B3 MobileErik Westerdahl, Byråchef Rebel and BirdFredrik Dolléus, VD B3 Business TransformationMalin Heyman, Konsultchef B3 InnovationPeter Lager, VD B3 HealthTech Joakim Vikman, IT-chef Arne Lärksäter, André Karlsson, Per Jämtelid representerar Finance  Har du frågor eller synpunkter så går det bra att skicka ett mejl till Malinda Knudsen som projektleder flytten eller vända dig till någon i flyttprojektgruppen. Kika gärna på vår FAQ  (/teams/Kungsbron2/SitePages/FAQ.aspx)så kanske du hittar svaret på din fråga där.  \n",
      "url": "https://b3it.sharepoint.com/teams/Kungsbron2/SitePages/Om-flytten.aspx"
    },
    {
      "id": "1dc45c18-85c6-4c42-96f7-885ced5046ca",
      "title": "Semesterstängt för Backoffice v28-31",
      "description": "Hej, Här kommer en påminnelse om sommarstängt på Backoffice. Viktig information: Under vecka 28-31 (8 juli- 4 augusti) är jag på semester och Backoffice är helt stängt. Det innebär att porttelefonen kommer att vara obemannad och det finns ingen som …",
      "created_by": "Linda Gröning",
      "created_date": "2024-06-25T06:43:54",
      "last_modified_by": "",
      "last_modified_date": "2024-06-25T09:02:00",
      "content": "Hej, Här kommer en påminnelse om sommarstängt på Backoffice. Viktig information:  Under vecka 28-31 (8 juli- 4 augusti) är jag på semester och Backoffice är helt stängt. Det innebär att porttelefonen kommer att vara obemannad och det finns ingen som kan vara behjälplig med praktiska saker på kontoret under denna period.  Det kommer ingen leverans av frukost, frukt, mjölk eller påfyllning av Convinikylen under dessa veckor. Att tänka på:  Viktigt är att inte beställa något med leverans till kontoret, exempelvis ny dator, mobiltelefon etc. då speditörer inte kommer att kunna leverera ditt paket. Har du beställda saker med osäkert leveransdatum? Kontakta leverantören så att paketet inte riskerar att delas ut under denna period.  Dessa veckor har vi ingen utgående post från kontoret. Skulle du behöva posta något så kommer frimärken att finnas inne i ekonomirummet, men du ombesörjer själv att ta brevet till närmaste postlåda.  Ekonomi kommer att vara inne hela sommaren och kommer att ta hand om den inkommande posten. Har du inbokade möten med externa besökare är det viktigt att du själva möter upp och släpper in.  Glöm inte att du behöver din nyckelbricka för att besöka kontoret under denna period. Tänk på att ha din kod till hands. Har du glömt koden till din nyckelbricka eller råkat spärra den av misstag, maila till backoffice@b3.se (mailto:backoffice@b3.se) så löser jag det åt dig. Med reservation om att svar kan dröja då jag kommer att ha tillgång till mailen lite mer sporadiskt. Har du glömt din nyckelbricka får du ringa någon man vet är på kontoret så att du blir insläppt. Skulle något akut hända på kontoret under vecka 28–31 kontaktar du mig (Linda) på telefon 0735-055073.  Önskar dig en fantastisk sommar! Varma kramarLinda  \n",
      "url": "https://b3it.sharepoint.com/teams/Kungsbron2/SitePages/Semesterst%C3%A4ngt-f%C3%B6r-Backoffice-v28-31.aspx"
    },
    {
      "id": "ea3e6046-720f-4529-bd3c-48754e1e5809",
      "title": "Så här fungerar skrivarna",
      "description": "Här på Wallingatan kan du välja olika sätt att skriva ut på beroende på om du skriver ut ofta eller kanske bara någon gång då och då. Skrivarlösning från Canon Instruktion för hur du kommer igång finns här Instruktion hur du programmerar din nya tag…",
      "created_by": "Linda Gröning",
      "created_date": "2017-10-05T10:16:49",
      "last_modified_by": "",
      "last_modified_date": "2024-01-29T19:05:53",
      "content": "Här på Wallingatan kan du välja olika sätt att skriva ut på beroende på om du skriver ut ofta eller kanske bara någon gång då och då.Skrivarlösning från CanonInstruktion för hur du kommer igång finns här (/%3aw%3a/r/teams/ITPortalen/_layouts/15/Doc.aspx?sourcedoc=%7b8A66B3D0-16D1-43E4-A22D-963ED3A81304%7d&file=Va%CC%8Ar%20nya%20skrivarlo%CC%88sning%20fra%CC%8An%20Canon.docx&action=default&mobileredirect=true)Instruktion hur du programmerar din nya tagg hittar du här (/%3aw%3a/r/teams/ITPortalen/_layouts/15/Doc.aspx?sourcedoc=%7bA6B09C1E-2638-488A-BC5A-326481658ABD%7d&file=Registrering%20av%20nya%20passerbrickan%20i%20skrivarl%C3%B6sningen.docx&action=default&mobileredirect=true&cid=ca384991-ea14-4ecb-8f36-c4b624ac12ac)För dig som skriver ut iblandSkriva ut via e-post​​​​​​​De vanliga dokumentformaten (Word, PDF, JPG m.fl.) kan skrivas ut genom att skicka dokumentet som bilaga i ett brev till mobileprint@b3cg.eu.uniflowonline.com (mailto:mobileprint@b3cg.eu.uniflowonline.com). En gemensam kontakt ”uniFLOW Online Print by E-Mail” med alias ”print” finns skapad i vårt e-postsystem. Genom att ange ”print” i mottagarfältet, så slås automatiskt e-postadressen ovan upp.Enklare att skriva alltså. För att erhålla utskriften går du till skrivaren och loggar in med passerbrickan. Sedan trycker du på knappen ”Secure Print” ochväljer önskat dokument att skriva ut och sedan ”Print …”. Alternativt behöver du inte markera dokumentet utan väljer ”Print all”. Man kan även skriva ut som gäst, d.v.s. man är inte inloggad i vårt O365. Då kommer man att få en kod i ett returbrev. ​​​​​​​På skrivarens panel väljer du ”Secure Print” och sedan ”Job code” samt skriver därefter in koden.  Skriva ut via installerad skrivare Utskrift via installerad skrivare på datorn sker på vanligt sätt. I t.ex. Word väljer du i utskriftdialogen skrivaren ”uniFLOW Online” och sedan ”Skriv ut”. För att erhålla utskriften går du till skrivaren och loggar in med passerbrickan.Sedan trycker du på knappen ”Secure Print” och väljer önskat dokument att skriva ut och sedan ”Print …”.​​​​​​​Alternativt behöver du inte markera dokumentet utan väljer ”Print all”. \n",
      "url": "https://b3it.sharepoint.com/teams/Kungsbron2/SitePages/S%C3%A5%20h%C3%A4r%20fungerar%20skrivarna.aspx"
    },
    {
      "id": "11b72695-ec96-49c3-8cff-783bbd7e99f7",
      "title": "Tårtfika i Caféet den 18/6 kl 14.30",
      "description": "På tisdag den 18/6 firar vi in sommaren och den stundande Midsommarhelgen med att äta lite goda sommartårtor. Varmt välkomna till Caféet kl 14.30 på tårtfika. /Linda",
      "created_by": "Linda Gröning",
      "created_date": "2024-06-14T13:59:16",
      "last_modified_by": "",
      "last_modified_date": "2024-06-14T14:04:59",
      "content": "På tisdag den 18/6 firar vi in sommaren och den stundande Midsommarhelgen med att äta lite goda sommartårtor. Varmt välkomna till Caféet kl 14.30 på tårtfika. /Linda\n",
      "url": "https://b3it.sharepoint.com/teams/Kungsbron2/SitePages/T%C3%A5rtfika-i-Caf%C3%A9et.aspx"
    },
    {
      "id": "8ad68170-0951-4a40-8189-e58d2dd52628",
      "title": "Westmanska konferensanläggning finns i huset",
      "description": "Westmanska Palatset har en konferens- och festanläggning mitt i Stockholm City med flera salar för både konferenser och festvåning som är direkt ansluta till en innegård på ca: 500 kvm. Perfekt för att boka en AW med bolaget eller en härlig sommarfe…",
      "created_by": "Malinda Knudsen",
      "created_date": "2023-05-16T13:49:38",
      "last_modified_by": "",
      "last_modified_date": "2023-05-16T13:59:41",
      "content": "Westmanska Palatset har en konferens- och festanläggning mitt i Stockholm City med flera salar för både konferenser och festvåning som är direkt ansluta till en innegård på ca: 500 kvm.Perfekt för att boka en AW med bolaget eller en härlig sommarfest på innergården. All information hittar du här:https://westmanska.se/ (https://westmanska.se/)\n",
      "url": "https://b3it.sharepoint.com/teams/Kungsbron2/SitePages/Westmanska-konferens.aspx"
    },
    {
      "id": "db1f6454-73d1-4090-aef1-9f4aac2b114b",
      "title": "Westmanska Palatsets historia",
      "description": "Westmanska palatset är en fastighet inom kvarteret Grönlandet Norra med adress Wallingatan 2 på Norrmalm i centrala Stockholm. Husets arkitekt var Carl Christoffer Gjörwell d.y. och byggherren var bryggarmästaren Abraham Lorenzon Westman d.y. (1753–…",
      "created_by": "Malinda Knudsen",
      "created_date": "2023-05-16T13:37:14",
      "last_modified_by": "",
      "last_modified_date": "2023-05-16T14:58:40",
      "content": "Westmanska palatset är en fastighet inom kvarteret Grönlandet Norra med adress Wallingatan 2 på Norrmalm i centrala Stockholm.Husets arkitekt var Carl Christoffer Gjörwell d.y. och byggherren var bryggarmästaren Abraham Lorenzon Westman d.y. (1753–1802) som lät bygga huset 1799–1800 till sig och sin familj.Hans änka och barn flyttade in i byggnadens västra del, resten hyrdes ut. I början av 1800-talet spelade huset en historisk roll: Efter det att Gustav IV Adolf avsatts vid statskuppen 1809 styrdes Sverige härifrån av överstelöjtnant Georg Adlersparre och hans män.Vid den tiden var Westmanska huset också ett viktigt inslag i det stockholmska sällskapslivet.År 1828 köpte Kungliga Vetenskapsakademien byggnaden och man inrymde här från 1831 den så kallade Naturhistoriska samlingen, en stor samling av preparerade och uppstoppade djur från alla världsdelar. Denna samling var ursprunget till dagens naturhistoriska riksmuseum. Under åren 1859–1866 byggdes huset ut efter ritningar av arkitekt Albert Törnqvist.År 1916 köpte staten fastigheten sedan Vetenskapsakademien flyttat till Frescati. Hela kvarteret byggdes om, under ledning av Ragnar Östberg, till kontors- och undervisningslokaler för bland annat Tandläkarinstitutet. År 1923 flyttade Kungliga Medicinalstyrelsen in i huset tillsammans med Kriminalvårdsstyrelsen. Senare disponerades byggnaden av bland annat Socialstyrelsen och Försäkringskassan.Idag ägs och förvaltas fastigheten av Vasakronan. ​​​​​​​\n",
      "url": "https://b3it.sharepoint.com/teams/Kungsbron2/SitePages/Westmanska-Palatset.aspx"
    },
    {
      "id": "85f95346-7d5e-46c8-8aca-f591736a6ac7",
      "title": "WIFI-lösenord Wallingatan 2",
      "description": "För info: Vi har bytt lösenord till nätet på Wallingatan 2 och de nya lösenorden är följande: B3: rosa-elefant-olikheter ​​​​​​​B3Guest: wellness-zebra En del datorer verkar hitta lösenordet automatiskt och på vissa datorer kan man behöva ta bort de…",
      "created_by": "Malinda Knudsen",
      "created_date": "2024-01-10T10:51:53",
      "last_modified_by": "",
      "last_modified_date": "2024-01-10T10:55:08",
      "content": "För info:  Vi har bytt lösenord till nätet på Wallingatan 2 och de nya lösenorden är följande:  B3: rosa-elefant-olikheter​​​​​​​B3Guest: wellness-zebra En del datorer verkar hitta lösenordet automatiskt och på vissa datorer kan man behöva ta bort det gamla nätet för att den ska hitta det nya.  \n",
      "url": "https://b3it.sharepoint.com/teams/Kungsbron2/SitePages/WIFI-l%C3%B6senord.aspx"
    },
    {
      "id": "2d1be7aa-03a5-4fd3-a6e7-8779fd9ac426",
      "title": "Våra arbetsplatser och mötesrum",
      "description": "Free seating På B3s kontor i Stockholm, som är vår största arbetsplats, har vi en kontorsmiljö som är \"aktivitetsbaserad\". Det innebär att man inte har någon fast plats och att man väljer sin arbetsplats beroende på aktivitet t.ex. möten, telefonsam…",
      "created_by": "Malinda Knudsen",
      "created_date": "2017-08-28T14:48:12",
      "last_modified_by": "",
      "last_modified_date": "2024-02-26T15:00:36",
      "content": "Free seating På B3s kontor i Stockholm, som är vår största arbetsplats, har vi en kontorsmiljö som är \"aktivitetsbaserad\". Det innebär att man inte har någon fast plats och att man väljer sin arbetsplats beroende på aktivitet t.ex. möten, telefonsamtal, tysta arbete, projektarbete etc. I en aktivitetsbaserad miljö tar vi hänsyn till varandra, håller lagom samtalston och visar respekt.  För att möjliggöra rörelsen mellan olika platser/aktivitetsytor, så gäller \"Clean desk\" och \"Free seating\" i Stockholm.​Kontoret ser också trevligare ut om ytterkläder hängs i kapprum. Låt oss alla hjälpas åt att påminna varandra om detta!Vett och etikett för oss som jobbar på kontoret:När du lämnar skrivbordet, plocka du bort efter dig, så din kollega får ett rent skrivbord. Plocka undan efter dig även  i konferensrummen. Ta med din kaffekopp, torka av whiteboarden, stäng av skärmen och ställ stolarna på plats. Free seating betyder att vi inte har bestämda arbetsplatser, utan vi sätter oss där det finns en ledig arbetsplats. Vissa personer kan ha speciella behov i sitt arbete eller sina projekt, vilket ger behov av prioriterade platser - prata med våra Backoffice eller HR om specifika behov uppstår.För att det \"aktivitetsbaserade\" arbetssättet ska fungera behöver du vara beredd att lämna din skrivbordsplats när du sitter i möte under längre stunder. Om vi är många på kontoret behöver vi dela på alla platser som finns. Om du har möten i mer än en timme, kan någon annan få ta ditt skrivbord. Städa undan på skrivbordet och ta med dig dina saker. Använd gärna hörlurar om du sitter i digitala möten, så räcker det med att vi andra hör din röst. ​​​​​​​Häng upp jackor och väskor i kapprummet, eller ställ in i ditt skåp, så slipper vi ramla över väskor som står bakom soffor och pelare. Och vi har inte tillräckligt många platser för att din väska ska få en egen stol eller skrivbord.\nMötesrumHos oss finns 15 mötesrum, alla har skärmar för bildvisning. När du behöver ta ett telefonsamtal kan du nyttja något av våra 10 telefonpoddar. På så sätt minskar vi belastningen på konferensrummen. Bokning av mötesrum​​Mötesrummen är bokningsbara via Outlook, du kan även boka via våra bokningspaneler på plats vid mötesrummen. Innan du går in i mötet checkar du enkelt in rummet på panelen. Tänk på att din rumsbokning förfaller efter 10 minuter om du inte checkat in via bokningspanelen. Blir ditt möte klar tidigare än beräknat  bokar du av mötet från panelen, på så sätt lämnar du rummet ledigt för någon annan att nyttja. Våra 10 samtalspoddar är inte bokningsbara, ta ett som är ledigt.  \nBoka Caféet - lite annorlunda procedurCaféet går att boka vardagar från 16:00-framåt. Bokningsförfarandet är lite annorlunda än för övriga rum. Du kan se i din kalender om det är ledigt tilltänkt tid men det är endast backoffice som får boka. Tag kontakt med oss så hjälper vi dig med det. Det går inte att boka lokalen för privata sammankomster. Boka TeamrummetTeamrummet går att boka under hela dagen. Tag kontakt med backoffice så hjälper vi dig med det.Att tänka på när du håller ett eventNedan hittar du en liten lista med punkter att tänka på innan och efter du håller ett event på kontoret. Inför ditt event:Hjälp finns att få vardagar 8-16, utöver denna tid är du som ansvarig på plats för att släppa i dina besökare/gäster. Detsamma gäller vid mat/frukostleveranser.Behöver du möblera om, ha extrastolar eller liknande, ta kontakt med backoffice för hjälp.Se till att kontrollera att all teknisk utrustning fungerar.Behöver du boka extra städ, ta i god tid kontakt med backoffice.Efter ditt event:Ställ tillbaka möblemang.Ställ in disk i diskmaskinen och sätt igång diskmaskinen om den blir full.Ta undan sopor, källsortera. Vid större event går du ned med soporna till soprummet.Gå igenom de ytor ni har använt och se till att det ser snyggt och prydligt ut.Återställ all teknik.OBS vid kvällsmöten!Automatlarmet går på vid 23:00. Se till att du har din passerbricka till hands om du behöver köpa tid. Se till att allt alla är ute ur lokalen innan du larmat på.\n\n",
      "url": "https://b3it.sharepoint.com/teams/Kungsbron2/SitePages/V%C3%A5ra%20m%C3%B6tesrum.aspx"
    },
    {
      "id": "4bfa5931-bfd2-46c0-9b49-da6a33947ca5",
      "title": "Återhämtningsfåtölj",
      "description": "Ta en stund för återhämning med en skön massage. Fåtöljen står i anslutning till den lugnare delen i lokalen och är avskärmad med en skärmvägg. Du väljer på displayen hur långt eller kort program du vill ha, ta på dig lurarna och njut. Så passa på a…",
      "created_by": "Malinda Knudsen",
      "created_date": "2023-02-08T10:58:39",
      "last_modified_by": "",
      "last_modified_date": "2024-06-04T07:43:28",
      "content": "  Ta en stund för återhämning med en skön massage.Fåtöljen står i anslutning till den lugnare delen i lokalen och är avskärmad med en skärmvägg. Du väljer på displayen hur långt eller kort program du vill ha, ta på dig lurarna och njut. Så passa på att testa och njut!   \n",
      "url": "https://b3it.sharepoint.com/teams/Kungsbron2/SitePages/%C3%85terh%C3%A4mningsf%C3%A5t%C3%B6lj.aspx"
    },
    {
      "id": "65673de7-5ceb-46e4-83a8-930a79b2ea00",
      "title": "Hej och välkommen till B3!",
      "description": "Öppettider och kontakt Backoffice är öppet vardagar 08:00-16:00, med lunchstängt 12:15-12:45 Du når oss via mejl eller på telefon 0709-765673 Wifi Lösenord till vårat Wifi: B3: rosa-elefant-olikheter ​​​​​​​B3Guest: wellness-zebra Besök Besökaren bl…",
      "created_by": "Linda Gröning",
      "created_date": "2017-09-15T14:49:44",
      "last_modified_by": "",
      "last_modified_date": "2024-01-29T19:04:12",
      "content": "Öppettider och kontaktBackoffice är öppet vardagar 08:00-16:00, med lunchstängt 12:15-12:45Du når oss via mejl eller påtelefon 0709-765673Wifi Lösenord till vårat Wifi:B3: rosa-elefant-olikheter​​​​​​​B3Guest: wellness-zebraBesökBesökaren blir insläppt via backoffice och registrerar sin ankomst på besöksregistreringen och sätter sig i loungen. Besöksmottagaren får då ett SMS att besökaren är på plats.Om ditt besök kommer när Backoffice är obemannat måste du själv se till att ditt besök kommer in. Post och brevDu kan lämna dina brev i lådan vid entrédörren, vi ser till att de blir frankerade och kommer iväg till posten. Post inlämnad före 09:00 hanteras samma dag, efter 09:00 tar vi hand om den nästkommande vardag.Vi tar också emot post och delar ut på kontoret.Vill du lämna in kvitton personligen så finns det ett postfack avsett för det på väggen utanför kopieringsrummet. ​​​​​​​Vår postadress är: Box 8, 101 20 Stockholm.Leveranser och paketVäntar du ett paket så får du ett sms eller ett mejl när paketet finns att hämta. Alla paket ställs under de interna postfacken utanför kopieringsrummet.Hämta ditt paket så snart som möjligt då de står ien öppen yta.Vår leveransadress är: Wallingatan 2, 111 60 STOCKHOLMBehöver du skicka ett paket kan vi hjälpa dig att beställa bud. Kom förbi Backoffice så ordnar vi det.\nMat och fikabrödUnder kategorin Mötesmat (/teams/Kungsbron2/SitePages/Best%c3%a4ll%20mat%20och%20fika.aspx) hittar du all information du behöver för att beställa mat och fika.Boka Caféet och Teamrummet Caféet går att boka vardagar från 16:00-framåt, det går endast att boka via Backoffice. Teamrummet kan du boka under hela dagen Teamrummet tar 60 personer i biosittning.Om du vill boka Teamrummet eller Caféet kontaktar du Backoffice. BlombudVi kan hjälpa till med att beställa blombud via Interflora. För att beställa så skickar du ett mail till backoffice@b3.se med mottagarens namn, adress och telefonnummer samt vad buketten får kosta och referens för fakturan.Vill du ha en speciell hälsning skriver du även det i mailet.Larm och brandskyddVi arbetar kontinuerligt med Systematiskt Brandskyddsarbete (SBA). Du kan läsa mer om larm och brandskydd här (/teams/Kungsbron2/_layouts/15/guestaccess.aspx?guestaccesstoken=%2brvGax1/hifmgsWJurNxoYb5nABC%2bFQCBQ3odSx8xb0%3d&docid=2_1e02620438c3d4e6ab41fd1dee22f9679&rev=1).Kolla gärna på vår utrymningsplan som sitter vid kapprummen samt vart din närmaste nödutgång är. Vår uppsamlingsplats är utanför Adolfs Fredriks KyrkaHar du gjort en kvällsbokning i våra lokaler och ni kommer att vara här efter 23:00 är det viktigt att du läser på vad som gäller.FelanmälanVill du göra en allmän felanmälan gällande något som inte fungerar eller behöver ses över i lokalen på Wallingatan 2 går bra att mejla till Backoffice. Vi tar också emot felanmälan som rör fastigheten i stort.Frågor gällande IT hänvisar vi hit (/teams/ITPortalen/SitePages/Support.aspx?web=1). (/teams/ITPortalen/SitePages/Support.aspx?web=1)​​​​​​​\nTeknik i mötesrummenBehöver du hjälpa att komma igång med tekniken i mötesrummen eller undrar hur våra bokningspaneler fungerar, tveka inte att fråga oss. Mer om våra mötesrum och arbetsplatser kan du läsa här (/teams/Kungsbron2/SitePages/V%c3%a5ra%20m%c3%b6tesrum.aspx?web=1).LokalutvecklingHar du önskemål eller tips gällande utveckling av lokalen mejla tillbackoffice@b3.se​​​​​​​\n",
      "url": "https://b3it.sharepoint.com/teams/Kungsbron2/SitePages/%C3%96ppettider%20i%20receptionen.aspx"
    }
  ]
}