{
  "name": "Yammer help",
  "description": "Här finns det inga dumma frågor, utan bara frågor, tankar och idéer om hur man kan använda Yammer på bästa sätt.",
  "url": "https://b3it.sharepoint.com/teams/yammerhelp",
  "pages": [
    {
      "id": "eee6d48b-7f4a-4e26-8776-ee0c5dd75ef8",
      "title": "Home",
      "description": "",
      "created_by": "Systemkonto",
      "created_date": "2024-01-14T00:35:57",
      "last_modified_by": "",
      "last_modified_date": "2024-01-14T00:35:57",
      "content": "",
      "url": "https://b3it.sharepoint.com/teams/yammerhelp/SitePages/Home.aspx"
    }
  ]
}