{
  "name": "Yrkesnämnder",
  "description": "Sammanställa och bearbeta yrkesnämnder för att få fler uppdrag",
  "url": "https://b3it.sharepoint.com/teams/Yrkesnmnder",
  "pages": [
    {
      "id": "f6695e0d-a15e-4a53-887c-3799dc8abb8b",
      "title": "Startsida",
      "description": "",
      "created_by": "Systemkonto",
      "created_date": "2020-05-10T13:38:36",
      "last_modified_by": "",
      "last_modified_date": "2020-05-10T13:38:36",
      "content": "",
      "url": "https://b3it.sharepoint.com/teams/Yrkesnmnder/SitePages/Home.aspx"
    }
  ]
}